0,0.092,0.9425500030517578
34.02500000037253,0.092,0.9445500030517578
202.66000000946224,0.092,0.9425500030517578
252.8049999959767,0.092,0.9405500030517578
269.3750000325963,0.09,0.9325500030517578
286.5250000031665,0.088,0.9165500030517578
302.43000003974885,0.084,0.8905500030517578
319.4600000279024,0.072,0.8285500030517579
335.64000000432134,0.062,0.7645500030517578
353.00500004086643,0.056,0.6785500030517578
368.1250000372529,0.058,0.6225500030517578
385.550000006333,0.066,0.5605500030517578
402.0100000202656,0.07,0.5205500030517578
419.25000003539026,0.076,0.4765500030517578
436.58999999798834,0.082,0.4425500030517578
451.75500004552305,0.086,0.4225500030517578
468.26000005193055,0.088,0.4025500030517578
485.09000003151596,0.09,0.3945500030517578
501.57000002264977,0.09,0.3905500030517578
518.3350000297651,0.09,0.3885500030517578
535.0100000500679,0.092,0.3885500030517578
552.6700000045821,0.094,0.3905500030517578
568.265000008978,0.102,0.3965500030517578
585.9500000365078,0.122,0.4085500030517578
603.1300000026822,0.142,0.4145500030517578
619.1300000064075,0.172,0.4185500030517578
635.5900000203401,0.196,0.4165500030517578
652.5900000128895,0.226,0.4125500030517578
669.9700000463054,0.246,0.4085500030517578
685.4650000464171,0.256,0.4085500030517578
702.6650000475347,0.262,0.4065500030517578
718.2900000475347,0.262,0.4085500030517578
734.885000041686,0.256,0.4145500030517578
752.2350000217557,0.248,0.4225500030517578
769.5050000324845,0.232,0.43655000305175784
785.270000051707,0.21,0.4545500030517578
802.4200000222772,0.194,0.4685500030517578
819.4900000235066,0.178,0.48655000305175783
834.7450000001118,0.17,0.49855000305175784
851.5550000015646,0.162,0.5125500030517578
868.2600000174716,0.16,0.5205500030517578
885.9000000525266,0.162,0.5285500030517578
901.5400000493973,0.168,0.5325500030517578
919.3700000178069,0.184,0.5325500030517578
934.805000025779,0.208,0.5345500030517578
952.8500000014901,0.222,0.5365500030517578
968.3300000037998,0.234,0.5425500030517578
985.8750000130385,0.238,0.5505500030517578
1002.6400000210851,0.232,0.5665500030517578
1018.3350000297651,0.22,0.5805500030517579
1035.3600000385195,0.198,0.6045500030517578
1051.934999995865,0.184,0.6245500030517578
1068.3150000404567,0.166,0.6465500030517578
1085.1100000441074,0.16,0.6605500030517578
1101.560000039637,0.154,0.6725500030517578
1118.1950000468642,0.154,0.6785500030517578
1135.4200000055134,0.154,0.6845500030517578
1152.6500000040978,0.154,0.6885500030517578
1168.4600000157952,0.152,0.6925500030517578
1185.300000011921,0.15,0.6985500030517579
1201.7350000096485,0.148,0.7025500030517579
1218.3100000256673,0.148,0.7085500030517579
1235.795000044629,0.15,0.7125500030517579
1253.2450000289828,0.158,0.7185500030517578
1269.4350000238046,0.176,0.7205500030517578
1286.4700000500306,0.194,0.7225500030517578
1302.0400000382215,0.212,0.7245500030517578
1319.2150000249967,0.23,0.7265500030517578
1336.5950000006706,0.244,0.7305500030517578
1352.3000000277534,0.248,0.7325500030517578
1368.9900000467896,0.25,0.7365500030517578
1385.86500001885,0.252,0.7385500030517578
1402.6250000465661,0.252,0.7405500030517578
1419.1050000377,0.252,0.7385500030517578
1436.4800000330433,0.252,0.7345500030517578
1451.9549999963492,0.252,0.7265500030517578
1469.44499999471,0.254,0.7065500030517579
1484.860000025481,0.26,0.6825500030517578
1502.6050000451505,0.262,0.6685500030517578
1519.4450000412762,0.264,0.6545500030517578
1535.4300000471994,0.264,0.6505500030517578
1552.6100000133738,0.26,0.6465500030517578
1568.1650000046939,0.258,0.6445500030517578
1585.5850000511855,0.256,0.6445500030517578
1619.4900000113994,0.256,0.6425500030517578
1635.1800000406802,0.256,0.6445500030517578
1651.6399999968708,0.262,0.6465500030517578
1669.2599999951199,0.276,0.6525500030517578
1685.6350000016391,0.292,0.6565500030517578
1701.9399999994785,0.306,0.6625500030517578
1718.3150000050664,0.322,0.6705500030517578
1736.5950000239536,0.332,0.6765500030517578
1751.7600000137463,0.336,0.6805500030517578
1769.0550000406802,0.338,0.6845500030517578
1785.5800000252202,0.338,0.6885500030517578
1802.339999994263,0.334,0.6965500030517578
1819.4200000148267,0.326,0.7085500030517579
1834.9650000454858,0.316,0.7205500030517578
1851.9450000021607,0.302,0.7365500030517578
1869.2450000084937,0.278,0.7585500030517578
1884.6350000239909,0.256,0.7805500030517578
1902.170000015758,0.24,0.7985500030517578
1919.6100000403821,0.226,0.8145500030517578
1935.2000000067055,0.218,0.8245500030517579
1951.5900000110269,0.212,0.8305500030517579
1969.4850000087172,0.212,0.8325500030517579
1984.8400000482798,0.21,0.8325500030517579
2051.615000003949,0.206,0.8305500030517579
2068.115000030957,0.2,0.8245500030517579
2085.040000034496,0.182,0.8105500030517578
2102.390000014566,0.16,0.7885500030517578
2119.375000009313,0.146,0.7685500030517578
2134.790000040084,0.13,0.7445500030517578
2152.0149999996647,0.124,0.7285500030517578
2168.1899999966845,0.118,0.7105500030517579
2184.9750000406057,0.118,0.7025500030517579
2202.0950000155717,0.116,0.6925500030517578
2218.7750000152737,0.116,0.6885500030517578
2268.31000001356,0.116,0.6865500030517578
2284.8900000099093,0.116,0.6885500030517578
2301.9850000273436,0.116,0.6905500030517578
2318.365000013262,0.116,0.7005500030517579
2335.5450000381097,0.118,0.7165500030517579
2351.825000019744,0.12,0.7445500030517578
2368.725000007078,0.12,0.7745500030517578
2386.6649999981746,0.12,0.7945500030517578
2402.0800000289455,0.12,0.8125500030517578
2418.525000045076,0.118,0.8285500030517579
2436.1900000367314,0.118,0.8365500030517579
2452.630000013858,0.118,0.8385500030517579
2468.1750000454485,0.118,0.8405500030517579
2485.6000000145286,0.118,0.8425500030517579
2535.810000030324,0.124,0.8445500030517578
2552.140000043437,0.132,0.8485500030517578
2568.3300000382587,0.148,0.8505500030517578
2584.8800000380725,0.168,0.8545500030517578
2601.835000038147,0.186,0.8545500030517578
2618.220000004396,0.202,0.8565500030517578
2636.380000039935,0.224,0.8605500030517578
2651.825000008568,0.232,0.8625500030517578
2668.3450000127777,0.236,0.8645500030517578
2686.67000002414,0.238,0.8685500030517578
2702.0100000081584,0.234,0.8725500030517578
2718.3250000234693,0.228,0.8825500030517578
2735.785000026226,0.222,0.8905500030517578
2753.209999995306,0.212,0.8985500030517578
2769.4200000260025,0.206,0.9065500030517578
2785.050000006333,0.204,0.9085500030517578
2802.6300000492483,0.204,0.9105500030517578
2818.365000013262,0.208,0.9105500030517578
2835.325000051409,0.22,0.9105500030517578
2851.9450000021607,0.234,0.9065500030517578
2869.0350000392646,0.26,0.9025500030517578
2885.290000005625,0.28,0.8985500030517578
2901.6950000077486,0.308,0.8945500030517578
2918.7450000317767,0.328,0.8905500030517578
2934.9900000374764,0.338,0.8865500030517578
2952.030000044033,0.344,0.8845500030517578
2969.485000008717,0.348,0.8805500030517578
2985.270000005141,0.348,0.8785500030517578
3002.715000009164,0.346,0.8745500030517578
3018.1650000158697,0.344,0.8685500030517578
3035.3200000245124,0.338,0.8545500030517578
3052.6200000308454,0.326,0.8365500030517579
3068.1050000134856,0.316,0.8205500030517578
3086.4150000270456,0.31,0.8085500030517578
3101.6200000308454,0.306,0.8025500030517578
3119.1100000292063,0.302,0.8005500030517578
3134.6400000043213,0.302,0.7985500030517578
3168.98499999661,0.304,0.7985500030517578
3185.105000040494,0.306,0.7985500030517578
3201.6550000403076,0.316,0.7965500030517578
3219.275000039488,0.328,0.7925500030517578
3236.395000014454,0.348,0.7865500030517578
3251.6350000519305,0.362,0.7805500030517578
3269.5800000224262,0.376,0.7745500030517578
3285.0600000238046,0.384,0.7725500030517578
3301.6900000516325,0.392,0.7725500030517578
3318.2000000383705,0.398,0.7725500030517578
3335.315000033006,0.402,0.7785500030517578
3351.710000017658,0.406,0.7865500030517578
3369.3100000377744,0.406,0.7945500030517578
3385.5750000216067,0.408,0.8045500030517578
3401.8200000282377,0.408,0.8125500030517578
3419.1550000105053,0.41,0.8185500030517578
3436.459999997169,0.412,0.8225500030517578
3468.570000026375,0.414,0.8225500030517578
3485.060000035912,0.416,0.8185500030517578
3501.7499999962747,0.418,0.8105500030517578
3518.3950000209734,0.424,0.7925500030517578
3534.704999998212,0.432,0.7665500030517578
3551.750000042841,0.438,0.7425500030517578
3568.2550000492483,0.444,0.7245500030517578
3585.439999995753,0.452,0.7065500030517579
3601.740000013262,0.454,0.6985500030517579
3618.0200000526384,0.456,0.6945500030517578
3635.965000023134,0.454,0.6925500030517578
3651.670000050217,0.452,0.6925500030517578
3669.3749999981374,0.446,0.6945500030517578
3686.595000036061,0.434,0.6985500030517579
3702.8799999970943,0.424,0.7045500030517579
3718.0250000096858,0.41,0.7105500030517579
3735.0549999978393,0.39,0.7185500030517578
3752.4149999953806,0.374,0.7265500030517578
3769.3399999989197,0.366,0.7305500030517578
3784.8650000523776,0.36,0.7325500030517578
3819.040000030771,0.36,0.7305500030517578
3835.4550000512972,0.364,0.7245500030517578
3852.110000036657,0.37,0.7125500030517579
3868.3700000401586,0.376,0.6925500030517578
3886.4500000495464,0.382,0.6725500030517578
3901.785000052303,0.388,0.6525500030517578
3918.3400000333786,0.394,0.6285500030517578
3935.065000027418,0.398,0.6085500030517578
3953.2450000401586,0.4,0.5985500030517578
3968.2000000029802,0.4,0.5885500030517579
3985.010000003502,0.4,0.5845500030517579
4002.375000040047,0.396,0.5805500030517579
4019.920000050217,0.392,0.5785500030517579
4035.080000001937,0.388,0.5785500030517579
4051.930000016466,0.384,0.5785500030517579
4069.0600000089034,0.374,0.5785500030517579
4086.325000040233,0.362,0.5765500030517579
4101.735000032932,0.354,0.5745500030517579
4118.110000039451,0.346,0.5725500030517578
4135.325000039302,0.338,0.5685500030517578
4151.710000005551,0.33,0.5645500030517578
4169.335000041872,0.326,0.5585500030517578
4186.39500002563,0.322,0.5525500030517578
4201.8450000323355,0.32,0.5445500030517578
4218.430000008084,0.318,0.5345500030517578
4235.054999997839,0.318,0.5285500030517578
4268.110000004992,0.316,0.5265500030517578
4285.325000004843,0.314,0.5305500030517578
4301.735000044107,0.31,0.5385500030517578
4318.4550000000745,0.304,0.5465500030517578
4335.019999998622,0.294,0.5605500030517578
4352.635000017472,0.286,0.5765500030517579
4369.110000029206,0.278,0.5865500030517579
4385.785000049509,0.274,0.5945500030517578
4403.025000006892,0.27,0.6005500030517578
4418.695000000298,0.27,0.6025500030517578
4435.070000006817,0.27,0.6045500030517578
4469.405000040308,0.272,0.6045500030517578
4486.505000037141,0.278,0.6045500030517578
4501.820000004955,0.284,0.6045500030517578
4518.590000050142,0.294,0.6045500030517578
4535.260000033304,0.298,0.6045500030517578
4551.765000039712,0.302,0.6065500030517578
4568.20500001777,0.304,0.6065500030517578
4586.370000033639,0.304,0.6085500030517578
4601.675000041723,0.302,0.6085500030517578
4619.055000017397,0.296,0.6125500030517578
4636.389999999665,0.288,0.6145500030517578
4651.7750000348315,0.28,0.6165500030517578
4668.4100000420585,0.27,0.6185500030517578
4685.490000003949,0.262,0.6205500030517578
4701.755000045523,0.256,0.6205500030517578
4717.900000046939,0.252,0.6225500030517578
4735.080000013113,0.248,0.6225500030517578
4818.915000010282,0.246,0.6225500030517578
4835.309999994934,0.248,0.6185500030517578
4851.770000008866,0.248,0.6085500030517578
4868.654999998398,0.252,0.5885500030517579
4885.120000049472,0.258,0.5705500030517578
4901.695000007749,0.264,0.5465500030517578
4919.135000033304,0.274,0.5185500030517578
4934.620000014082,0.282,0.49655000305175784
4951.650000002235,0.286,0.4845500030517578
4968.800000031479,0.288,0.4765500030517578
4985.090000031516,0.29,0.4725500030517578
5001.785000029951,0.29,0.4705500030517578
5035.0300000282,0.294,0.4685500030517578
5051.450000028126,0.3,0.4685500030517578
5068.47500003688,0.314,0.4685500030517578
5084.99500004109,0.336,0.4705500030517578
5101.775000046939,0.352,0.4725500030517578
5118.39000001736,0.366,0.4745500030517578
5135.095000034198,0.372,0.4765500030517578
5151.769999996759,0.376,0.4805500030517578
5167.94000001438,0.376,0.4845500030517578
5184.965000022203,0.372,0.49255000305175783
5201.679999997839,0.368,0.49855000305175784
5219.240000005811,0.364,0.5045500030517578
5236.535000032745,0.36,0.5085500030517578
5268.810000037774,0.36,0.5105500030517578
5285.180000006221,0.362,0.5105500030517578
5303.150000050664,0.364,0.5105500030517578
5319.330000028014,0.37,0.5125500030517578
5334.725000021979,0.382,0.5125500030517578
5351.7450000513345,0.39,0.5145500030517578
5368.455000046641,0.402,0.5165500030517578
5385.405000008643,0.406,0.5205500030517578
5401.7750000348315,0.41,0.5225500030517578
5418.125000026077,0.412,0.5245500030517578
5435.160000052303,0.412,0.5265500030517578
5451.690000016242,0.414,0.5265500030517578
5468.450000043958,0.414,0.5245500030517578
5485.12000002712,0.418,0.5185500030517578
5501.780000049621,0.422,0.5065500030517578
5517.990000022575,0.428,0.4845500030517578
5535.120000015013,0.434,0.4485500030517578
5551.780000038445,0.438,0.4185500030517578
5568.115000030957,0.438,0.4025500030517578
5586.334999999963,0.434,0.3865500030517578
5601.780000026338,0.43,0.3785500030517578
5618.490000022575,0.422,0.37255000305175784
5635.140000027604,0.412,0.36655000305175783
5651.899999996647,0.402,0.36455000305175783
5668.724999995902,0.388,0.36255000305175783
5685.144999995828,0.376,0.36055000305175783
5701.785000041127,0.356,0.36055000305175783
5718.165000027046,0.34,0.36055000305175783
5735.165000019595,0.322,0.36255000305175783
5752.529999997467,0.31,0.36455000305175783
5769.345000036992,0.304,0.36855000305175784
5785.774999996647,0.298,0.3745500030517578
5802.445000037551,0.294,0.3825500030517578
5818.47500003688,0.294,0.3885500030517578
5835.145000019111,0.296,0.3945500030517578
5851.820000039414,0.3,0.4025500030517578
5868.1349999969825,0.302,0.4085500030517578
5885.130000010133,0.304,0.4145500030517578
5901.509999996051,0.306,0.4185500030517578
5936.32500001695,0.306,0.4205500030517578
5985.225000010803,0.306,0.4185500030517578
6001.820000004955,0.304,0.4185500030517578
6018.150000018068,0.304,0.4205500030517578
6036.255000042729,0.302,0.4225500030517578
6051.68500001356,0.298,0.42455000305175783
6069.0250000339,0.294,0.43055000305175783
6085.034999996424,0.288,0.43455000305175784
6101.79500002414,0.284,0.43655000305175784
6118.100000021979,0.28,0.4385500030517578
6135.145000007004,0.278,0.4385500030517578
6236.545000050217,0.278,0.43655000305175784
6251.805000007153,0.28,0.43255000305175784
6268.140000000596,0.28,0.42455000305175783
6285.300000047311,0.28,0.4085500030517578
6301.815000013448,0.28,0.3865500030517578
6318.255000049248,0.282,0.36855000305175784
6335.235000005923,0.28,0.3585500030517578
6351.785000005737,0.28,0.3505500030517578
6368.485000042245,0.276,0.3425500030517578
6385.185000021011,0.272,0.3385500030517578
6401.690000027418,0.27,0.3365500030517578
6418.645000027493,0.268,0.3325500030517578
6435.7350000068545,0.266,0.3305500030517578
6451.840000052005,0.264,0.3285500030517578
6468.685000028461,0.26,0.3285500030517578
6485.660000005737,0.256,0.3265500030517578
6501.84500002116,0.248,0.3285500030517578
6519.280000007711,0.24,0.3285500030517578
6536.460000032559,0.226,0.3325500030517578
6551.9550000317395,0.214,0.3365500030517578
6568.540000007488,0.194,0.3445500030517578
6584.725000021979,0.176,0.3525500030517578
6601.835000038147,0.166,0.3585500030517578
6618.7300000451505,0.156,0.36455000305175783
6635.0600000005215,0.152,0.36855000305175784
6651.410000049509,0.15,0.37255000305175784
6668.530000024475,0.15,0.3745500030517578
6751.84500002116,0.148,0.37255000305175784
6785.30500002671,0.148,0.37055000305175784
6801.835000049323,0.15,0.36855000305175784
6818.530000047758,0.154,0.36855000305175784
6835.190000012517,0.158,0.36855000305175784
6851.6950000189245,0.164,0.37055000305175784
6868.855000007898,0.17,0.3745500030517578
6885.31500002183,0.18,0.3785500030517578
6901.665000012144,0.188,0.3825500030517578
6918.174999998882,0.192,0.3845500030517578
6935.2250000229105,0.192,0.3865500030517578
6952.340000018477,0.194,0.3865500030517578
6968.2700000125915,0.194,0.3885500030517578
7034.570000017993,0.194,0.3865500030517578
7068.1500000059605,0.192,0.3865500030517578
7085.330000030808,0.192,0.3885500030517578
7101.569999998435,0.188,0.3905500030517578
7118.530000036582,0.182,0.3925500030517578
7134.790000040084,0.176,0.3945500030517578
7151.480000000447,0.17,0.3965500030517578
7168.550000002608,0.164,0.3965500030517578
7185.100000002421,0.16,0.3965500030517578
7201.610000047833,0.158,0.3965500030517578
7218.035000027157,0.156,0.3965500030517578
7251.820000004955,0.154,0.3945500030517578
7319.485000044107,0.152,0.3945500030517578
7334.595000022091,0.15,0.3945500030517578
7351.87000001315,0.146,0.3945500030517578
7368.409999995492,0.14,0.3945500030517578
7385.530000029132,0.132,0.3925500030517578
7401.860000042245,0.124,0.3925500030517578
7418.55500004068,0.12,0.3905500030517578
7435.195000027306,0.114,0.3905500030517578
7451.670000039041,0.112,0.3885500030517578
7468.570000026375,0.11,0.3845500030517578
7485.225000010803,0.108,0.3785500030517578
7501.879999996163,0.106,0.37255000305175784
7518.215000047348,0.108,0.36055000305175783
7535.120000015013,0.11,0.3505500030517578
7551.875000004657,0.114,0.3365500030517578
7568.635000032373,0.118,0.3285500030517578
7585.125000040978,0.126,0.3205500030517578
7601.59500001464,0.132,0.3145500030517578
7619.170000020415,0.14,0.30655000305175784
7635.215000016615,0.146,0.30255000305175783
7651.91000001505,0.148,0.30055000305175783
7668.355000030249,0.15,0.30055000305175783
7701.835000013933,0.15,0.29855000305175783
7718.215000000782,0.15,0.30055000305175783
7768.540000019595,0.152,0.30055000305175783
7785.220000019297,0.158,0.30255000305175783
7801.725000026636,0.164,0.30255000305175783
7817.975000012666,0.174,0.30255000305175783
7835.240000043996,0.184,0.30455000305175783
7851.890000049025,0.192,0.30455000305175783
7868.290000013076,0.198,0.30455000305175783
7885.105000052601,0.2,0.30455000305175783
7901.665000012144,0.202,0.30655000305175784
7934.820000024512,0.202,0.30455000305175783
7952.810000046156,0.2,0.29855000305175783
7968.410000029951,0.2,0.2925500030517578
7984.5700000301,0.198,0.2805500030517578
8001.9000000320375,0.196,0.2705500030517578
8018.429999995977,0.194,0.2605500030517578
8035.215000039898,0.19,0.2525500030517578
8051.890000002459,0.184,0.2465500030517578
8068.510000011884,0.178,0.2405500030517578
8084.72000004258,0.168,0.2365500030517578
8101.705000037327,0.158,0.2345500030517578
8118.03500005044,0.146,0.23255000305175783
8135.2400000318885,0.13,0.23255000305175783
8151.725000003353,0.12,0.2345500030517578
8168.0800000317395,0.108,0.2345500030517578
8185.300000011921,0.094,0.2385500030517578
8201.87500002794,0.08,0.2405500030517578
8218.105000035837,0.072,0.2425500030517578
8235.145000042394,0.066,0.2445500030517578
8251.820000004955,0.062,0.2445500030517578
8284.715000016615,0.062,0.2465500030517578
8301.795000035316,0.066,0.2465500030517578
8317.985000031069,0.072,0.2465500030517578
8335.115000023507,0.08,0.2485500030517578
8351.910000026226,0.088,0.2485500030517578
8368.710000010207,0.094,0.2505500030517578
8384.83500003349,0.096,0.2505500030517578
8401.865000021644,0.098,0.2525500030517578
8418.120000045747,0.096,0.2585500030517578
8434.540000045672,0.09,0.2665500030517578
8451.775000022724,0.082,0.2745500030517578
8468.580000044778,0.07,0.2865500030517578
8485.725000035018,0.062,0.2945500030517578
8501.900000032037,0.052,0.30455000305175783
8518.370000004768,0.048,0.31055000305175784
8535.335000022314,0.046,0.3145500030517578
8551.785000017844,0.046,0.3165500030517578
8568.605000036769,0.046,0.3185500030517578
8585.405000019819,0.046,0.3205500030517578
8601.770000008866,0.048,0.3205500030517578
8617.96500004083,0.05,0.3225500030517578
8635.3100000415,0.052,0.3245500030517578
8651.925000012852,0.056,0.3285500030517578
8668.475000012666,0.058,0.3345500030517578
8685.125000018626,0.06,0.3385500030517578
8701.755000045523,0.06,0.3425500030517578
8718.20000000298,0.058,0.3465500030517578
8735.240000009537,0.056,0.3505500030517578
8751.734999997541,0.054,0.3525500030517578
8768.595000030473,0.05,0.3565500030517578
8785.30500002671,0.046,0.36055000305175783
8801.930000016466,0.044,0.36055000305175783
8818.27500002645,0.042,0.36255000305175783
8917.93500003405,0.04,0.36055000305175783
8935.23000000231,0.038,0.3525500030517578
8951.905000023544,0.034,0.3385500030517578
8968.185000005178,0.032,0.3225500030517578
8984.410000033677,0.03,0.30255000305175783
9001.725000038743,0.03,0.2765500030517578
9018.200000049546,0.03,0.2545500030517578
9035.270000051707,0.03,0.2385500030517578
9051.940000033937,0.03,0.22855000305175782
9068.40500002727,0.032,0.22255000305175782
9085.565000016242,0.032,0.2165500030517578
9101.94500000216,0.032,0.2125500030517578
9118.435000011697,0.032,0.2105500030517578
9168.600000033155,0.036,0.2065500030517578
9185.3500000434,0.048,0.19855000305175782
9201.920000021346,0.064,0.19055000305175782
9218.32500002347,0.084,0.1825500030517578
9235.325000016019,0.11,0.17055000305175783
9251.945000025444,0.134,0.16055000305175782
9268.260000040755,0.148,0.1565500030517578
9285.185000044294,0.16,0.1525500030517578
9301.75500002224,0.164,0.1505500030517578
9318.650000030175,0.166,0.1505500030517578
9351.565000019036,0.164,0.1525500030517578
9367.925000027753,0.16,0.1545500030517578
9385.380000051111,0.156,0.15855000305175782
9401.970000006258,0.148,0.16655000305175782
9418.495000049472,0.138,0.1765500030517578
9435.08500000462,0.13,0.1825500030517578
9451.925000000745,0.124,0.19055000305175782
9468.280000030063,0.122,0.19455000305175782
9484.830000029877,0.12,0.19855000305175782
9501.300000003539,0.122,0.20055000305175782
9518.63500004448,0.126,0.20055000305175782
9534.675000002608,0.136,0.20055000305175782
9551.780000038445,0.146,0.20055000305175782
9568.469999998808,0.16,0.19855000305175782
9585.34500002861,0.172,0.19655000305175782
9601.935000042431,0.186,0.19855000305175782
9618.200000026263,0.192,0.19855000305175782
9635.18500002101,0.198,0.20055000305175782
9653.845000023022,0.2,0.20055000305175782
9718.545000011101,0.2,0.19655000305175782
9734.855000046082,0.202,0.18855000305175781
9751.72000000067,0.206,0.1805500030517578
9768.105000024661,0.208,0.16855000305175782
9785.350000020117,0.212,0.1465500030517578
9801.950000051409,0.214,0.12655000305175781
9818.175000022165,0.214,0.11455000305175782
9835.309999994934,0.21,0.10455000305175781
9851.625000010245,0.204,0.09655000305175782
9868.635000020266,0.19,0.09255000305175781
9885.305000003427,0.174,0.08855000305175781
9901.775000034831,0.158,0.09055000305175781
9918.670000042766,0.132,0.09455000305175781
9935.495000042021,0.116,0.10055000305175782
9951.840000052005,0.098,0.10855000305175781
9968.495000037365,0.084,0.12055000305175781
9985.26000004448,0.078,0.13055000305175782
10001.745000015944,0.074,0.13855000305175783
10018.670000019483,0.074,0.1425500030517578
10035.320000024512,0.074,0.1445500030517578
10051.82000005152,0.074,0.1465500030517578
10068.655000010505,0.074,0.1445500030517578
10085.300000035204,0.074,0.1425500030517578
10101.980000035837,0.072,0.13455000305175782
10120.38999999687,0.074,0.12055000305175781
10135.645000031218,0.074,0.10655000305175781
10153.195000020787,0.076,0.09055000305175781
10169.685000030324,0.08,0.07655000305175781
10186.80500000529,0.092,0.06055000305175781
10201.939999999478,0.104,0.05055000305175781
10218.800000031479,0.132,0.03855000305175781
10236.045000026934,0.164,0.030550003051757812
10252.254999998957,0.19,0.026550003051757812
10268.535000039265,0.224,0.024550003051757814
10285.850000044331,0.246,0.026550003051757812
10301.980000047013,0.272,0.028550003051757814
10320.285000023432,0.294,0.032550003051757814
10336.605000019073,0.306,0.03455000305175781
10351.835000038147,0.318,0.03655000305175781
10369.445000018924,0.328,0.03855000305175781
10386.060000048019,0.336,0.03855000305175781
10402.580000052229,0.342,0.03855000305175781
10418.475000012666,0.346,0.03855000305175781
10435.985000047833,0.348,0.03855000305175781
10452.22000003606,0.35,0.040550003051757814
10468.725000042468,0.352,0.04255000305175781
10485.67000002414,0.35,0.04655000305175781
10501.79000000935,0.346,0.056550003051757815
10519.435000023805,0.342,0.0705500030517578
10536.115000024438,0.334,0.09855000305175782
10552.584999997169,0.332,0.12655000305175781
10568.665000027977,0.334,0.1445500030517578
10585.925000021234,0.334,0.16255000305175782
10602.130000013858,0.336,0.17055000305175783
10618.495000002906,0.336,0.1785500030517578
10635.700000042096,0.336,0.1805500030517578
10669.415000011213,0.334,0.1805500030517578
10686.645000008866,0.33,0.1725500030517578
10701.905000023544,0.324,0.16455000305175782
10719.405000040308,0.314,0.1505500030517578
10736.575000045821,0.302,0.13455000305175782
10752.919999998994,0.292,0.12655000305175781
10770.360000023618,0.282,0.1165500030517578
10785.830000007525,0.278,0.11055000305175781
10801.850000047125,0.274,0.10655000305175781
10818.530000047758,0.272,0.10655000305175781
10835.515000042506,0.272,0.10455000305175781
10869.245000008494,0.274,0.10655000305175781
10885.39000000991,0.276,0.10855000305175781
10902.615000028163,0.278,0.11455000305175782
10918.695000000298,0.278,0.11855000305175781
10935.549999995157,0.278,0.12655000305175781
10951.965000014752,0.272,0.13655000305175782
10969.310000015423,0.266,0.1485500030517578
10985.704999999143,0.262,0.1545500030517578
11001.955000042915,0.258,0.16055000305175782
11019.420000026003,0.254,0.16255000305175782
11036.095000047237,0.252,0.16655000305175782
11052.680000022054,0.252,0.16855000305175782
11068.68500000611,0.256,0.17055000305175783
11085.82000003662,0.26,0.17055000305175783
11102.050000045449,0.272,0.1725500030517578
11118.53999999538,0.282,0.1745500030517578
11135.750000015832,0.29,0.1765500030517578
11152.000000001863,0.298,0.1805500030517578
11169.270000012591,0.302,0.1825500030517578
11185.365000041202,0.304,0.1865500030517578
11202.590000000782,0.302,0.19455000305175782
11218.690000008792,0.298,0.2025500030517578
11236.615000002086,0.29,0.2125500030517578
11252.965000050142,0.284,0.22255000305175782
11270.315000031143,0.276,0.23255000305175783
11285.690000047907,0.27,0.2405500030517578
11302.02500004135,0.266,0.2485500030517578
11319.51000000164,0.266,0.2525500030517578
11336.635000014678,0.266,0.2545500030517578
11351.985000016168,0.268,0.2565500030517578
11369.445000018924,0.272,0.2605500030517578
11386.655000038445,0.28,0.2625500030517578
11402.03500003554,0.29,0.2645500030517578
11420.35000002943,0.306,0.2645500030517578
11435.620000003837,0.322,0.2645500030517578
11453.305000031367,0.342,0.2665500030517578
11468.555000028573,0.362,0.2685500030517578
11486.205000022426,0.374,0.2685500030517578
11501.830000022426,0.382,0.2705500030517578
11519.290000025183,0.386,0.2725500030517578
11535.545000050217,0.388,0.2725500030517578
11568.82000004407,0.386,0.2725500030517578
11585.61500004679,0.386,0.2685500030517578
11601.99500003364,0.382,0.2585500030517578
11618.555000051856,0.376,0.2425500030517578
11635.705000022426,0.374,0.22655000305175782
11652.020000037737,0.37,0.2085500030517578
11669.374999998137,0.366,0.19655000305175782
11685.195000027306,0.364,0.18855000305175781
11702.63500005193,0.362,0.1845500030517578
11718.720000004396,0.36,0.1825500030517578
11785.545000050217,0.362,0.1805500030517578
11819.435000011697,0.364,0.1805500030517578
11836.100000014529,0.364,0.1765500030517578
11852.550000010058,0.364,0.16855000305175782
11869.365000049584,0.362,0.16255000305175782
11885.38500003051,0.358,0.1525500030517578
11903.485000017099,0.354,0.1465500030517578
11920.130000041798,0.348,0.1405500030517578
11935.50000002142,0.346,0.13855000305175783
11953.420000034384,0.346,0.13655000305175782
11968.575000006706,0.346,0.13455000305175782
12002.825000032783,0.35,0.13655000305175782
12019.370000053197,0.358,0.13655000305175782
12035.530000051484,0.376,0.13855000305175783
12051.815000013448,0.392,0.13855000305175783
12069.8450000491,0.416,0.13855000305175783
12085.780000023544,0.432,0.1405500030517578
12102.055000024848,0.446,0.1425500030517578
12118.545000033453,0.456,0.1465500030517578
12135.450000001118,0.462,0.1485500030517578
12153.695000045002,0.464,0.1485500030517578
12169.5250000339,0.464,0.1505500030517578
12186.090000031516,0.466,0.1505500030517578
12202.525000030175,0.464,0.1525500030517578
12285.865000041202,0.46,0.1505500030517578
12301.97500000894,0.456,0.1445500030517578
12319.415000034496,0.452,0.13655000305175782
12336.089999997057,0.446,0.12255000305175781
12352.509999996983,0.438,0.10455000305175781
12368.755000002682,0.434,0.09255000305175781
12385.430000023916,0.43,0.07855000305175781
12403.110000014305,0.426,0.0705500030517578
12418.610000051558,0.422,0.06255000305175781
12435.90000004042,0.42,0.06055000305175781
12452.110000012442,0.416,0.06055000305175781
12468.590000003576,0.412,0.06455000305175781
12486.170000047423,0.408,0.0705500030517578
12501.850000000559,0.402,0.07655000305175781
12518.750000046566,0.394,0.08455000305175782
12535.460000042804,0.388,0.09255000305175781
12551.720000047237,0.384,0.09455000305175781
12568.670000007376,0.384,0.09655000305175782
12585.600000049919,0.382,0.09655000305175782
12601.965000038035,0.382,0.09255000305175781
12620.230000000447,0.38,0.08455000305175782
12636.185000009835,0.38,0.07655000305175781
12652.675000019372,0.38,0.06255000305175781
12668.755000049248,0.382,0.05255000305175781
12685.445000009611,0.382,0.04655000305175781
12702.590000000782,0.384,0.04255000305175781
12718.764999997802,0.384,0.040550003051757814
12753.540000004694,0.388,0.04255000305175781
12768.58500001207,0.396,0.04455000305175781
12785.850000044331,0.406,0.04455000305175781
12802.085000032559,0.426,0.04455000305175781
12819.565000012517,0.444,0.04255000305175781
12835.990000050515,0.472,0.04255000305175781
12852.670000051148,0.498,0.04255000305175781
12868.750000023283,0.514,0.04455000305175781
12886.150000034831,0.526,0.04655000305175781
12903.110000014305,0.54,0.048550003051757815
12920.340000011027,0.548,0.05255000305175781
12935.745000024326,0.552,0.056550003051757815
12951.965000014752,0.552,0.06455000305175781
12969.44499999471,0.552,0.07255000305175781
12985.61500001233,0.552,0.0865500030517578
13001.920000009239,0.552,0.09855000305175782
13019.4050000282,0.554,0.11455000305175782
13036.045000014827,0.558,0.12855000305175782
13052.555000001565,0.56,0.13855000305175783
13068.920000048354,0.564,0.1445500030517578
13085.805000038818,0.564,0.1465500030517578
13101.99500003364,0.564,0.1485500030517578
13152.165000036359,0.562,0.1485500030517578
13168.790000025183,0.558,0.1505500030517578
13185.340000025928,0.554,0.1505500030517578
13202.125000011176,0.552,0.1525500030517578
13218.575000006706,0.546,0.1545500030517578
13235.979999997653,0.54,0.15855000305175782
13252.040000050329,0.53,0.17055000305175783
13268.600000010803,0.52,0.19055000305175782
13285.460000042804,0.514,0.2105500030517578
13301.885000022128,0.508,0.23055000305175782
13319.070000026375,0.502,0.2505500030517578
13335.455000051297,0.496,0.2705500030517578
13352.625,0.492,0.2845500030517578
13368.815000052564,0.49,0.2905500030517578
13385.505000012927,0.49,0.2945500030517578
13402.11000002455,0.488,0.2965500030517578
13435.675000015646,0.486,0.2945500030517578
13451.820000017062,0.482,0.2885500030517578
13469.530000002123,0.476,0.2765500030517578
13486.810000031255,0.468,0.2585500030517578
13502.19000002835,0.46,0.2385500030517578
13518.795000039972,0.456,0.22455000305175782
13535.58000002522,0.452,0.2145500030517578
13552.020000003278,0.448,0.2065500030517578
13568.220000015572,0.446,0.2025500030517578
13585.69500001613,0.446,0.20055000305175782
13652.549999998882,0.444,0.20055000305175782
13686.40000000596,0.44,0.20055000305175782
13702.860000019893,0.434,0.20055000305175782
13720.19500000216,0.428,0.2025500030517578
13735.920000006445,0.422,0.2045500030517578
13752.050000010058,0.416,0.2065500030517578
13768.645000003278,0.412,0.2085500030517578
13852.524999994785,0.412,0.2105500030517578
13868.6699999962,0.414,0.2105500030517578
13885.745000036433,0.416,0.2125500030517578
13902.020000037737,0.42,0.2185500030517578
13918.590000015683,0.422,0.22255000305175782
13935.480000043288,0.424,0.22855000305175782
13951.740000047721,0.424,0.2365500030517578
13969.410000019707,0.422,0.2465500030517578
13986.685000010766,0.418,0.2585500030517578
14002.085000043735,0.414,0.2665500030517578
14018.845000013709,0.41,0.2785500030517578
14035.58500000462,0.406,0.2865500030517578
14051.900000020862,0.402,0.2945500030517578
14070.27500000596,0.402,0.30055000305175783
14086.205000000075,0.406,0.30255000305175783
14101.805000042543,0.41,0.30455000305175783
14119.255000026897,0.418,0.30855000305175784
14135.490000015125,0.422,0.3125500030517578
14151.740000001155,0.426,0.3145500030517578
14168.810000002384,0.426,0.3165500030517578
14202.084999997169,0.426,0.3205500030517578
14218.695000046864,0.42,0.3225500030517578
14236.570000007749,0.414,0.3245500030517578
14251.935000007972,0.404,0.3245500030517578
14269.4050000282,0.39,0.3245500030517578
14286.05500003323,0.372,0.3225500030517578
14302.610000013374,0.358,0.3205500030517578
14318.855000019073,0.348,0.3185500030517578
14335.535000020638,0.342,0.3185500030517578
14352.115000016056,0.336,0.3205500030517578
14368.610000004992,0.332,0.3225500030517578
14385.630000033416,0.332,0.3245500030517578
14419.265000033192,0.334,0.3265500030517578
14435.960000031628,0.336,0.3285500030517578
14452.17000000365,0.338,0.3305500030517578
14470.19000002183,0.344,0.3345500030517578
14485.67000002414,0.348,0.3385500030517578
14502.145000034943,0.358,0.3425500030517578
14518.620000045747,0.368,0.3465500030517578
14535.915000014938,0.376,0.3485500030517578
14552.064999995753,0.386,0.3505500030517578
14569.30500001181,0.394,0.3505500030517578
14586.065000039525,0.404,0.3525500030517578
14602.735000021756,0.412,0.3525500030517578
14618.830000050366,0.418,0.3525500030517578
14635.515000030398,0.428,0.3525500030517578
14652.905000024475,0.436,0.3525500030517578
14669.565000047907,0.446,0.3525500030517578
14685.519999999553,0.456,0.3545500030517578
14701.980000012554,0.47,0.3565500030517578
14719.544999999925,0.48,0.3565500030517578
14736.78999999538,0.49,0.36055000305175783
14751.980000000447,0.498,0.36055000305175783
14769.4050000282,0.504,0.36255000305175783
14785.875000001863,0.506,0.36455000305175783
14801.985000027344,0.508,0.36455000305175783
14869.030000001192,0.504,0.36055000305175783
14885.560000024736,0.496,0.3525500030517578
14901.955000008456,0.488,0.3445500030517578
14919.410000031814,0.476,0.3325500030517578
14935.895000002347,0.466,0.3245500030517578
14952.165000024252,0.462,0.3205500030517578
14968.649999994785,0.46,0.3185500030517578
15001.890000013635,0.462,0.3185500030517578
15018.265000021085,0.472,0.3205500030517578
15035.540000012144,0.48,0.3205500030517578
15051.950000051409,0.49,0.3225500030517578
15069.4450000301,0.506,0.3265500030517578
15085.42499999702,0.526,0.3285500030517578
15101.974999997765,0.54,0.3285500030517578
15119.220000050962,0.552,0.3285500030517578
15135.59000002034,0.558,0.3285500030517578
15152.195000031963,0.562,0.3285500030517578
15168.545000022277,0.562,0.3305500030517578
15186.260000046343,0.562,0.3325500030517578
15201.685000035912,0.562,0.3345500030517578
15218.89499999769,0.56,0.3345500030517578
15235.530000004917,0.56,0.3365500030517578
15251.71500002034,0.56,0.3345500030517578
15268.885000026785,0.56,0.3265500030517578
15285.570000007749,0.564,0.3165500030517578
15302.10500000976,0.568,0.29855000305175783
15318.675000045449,0.574,0.2745500030517578
15335.590000031516,0.58,0.2605500030517578
15352.170000027865,0.584,0.2485500030517578
15368.770000001416,0.586,0.2445500030517578
15385.475000017323,0.586,0.2405500030517578
15401.700000045821,0.584,0.2405500030517578
15419.39500003308,0.58,0.2405500030517578
15435.885000042617,0.576,0.2445500030517578
15452.175000041723,0.57,0.2485500030517578
15468.649999994785,0.562,0.2565500030517578
15485.750000050291,0.554,0.2645500030517578
15502.115000039339,0.548,0.2725500030517578
15518.140000000596,0.544,0.2745500030517578
15536.155000038445,0.54,0.2745500030517578
15569.275000016205,0.54,0.2685500030517578
15585.550000017509,0.54,0.2625500030517578
15601.755000010133,0.544,0.2565500030517578
15618.885000003502,0.546,0.2485500030517578
15635.670000046492,0.548,0.2405500030517578
15652.115000003949,0.548,0.23055000305175782
15668.645000027493,0.548,0.22455000305175782
15685.580000048503,0.548,0.22255000305175782
15701.87000004761,0.548,0.22055000305175781
15751.91500002984,0.552,0.22255000305175782
15768.955000035465,0.56,0.22455000305175782
15785.670000012033,0.57,0.22455000305175782
15802.125000045635,0.588,0.22255000305175782
15818.670000007376,0.608,0.2185500030517578
15835.910000023432,0.622,0.2145500030517578
15851.974999997765,0.64,0.2085500030517578
15869.035000039265,0.648,0.2065500030517578
15885.575000021607,0.652,0.2065500030517578
15901.805000030436,0.654,0.2065500030517578
15918.895000009798,0.656,0.2085500030517578
15935.565000050701,0.656,0.2125500030517578
15951.805000018328,0.656,0.2145500030517578
15968.649999994785,0.656,0.2185500030517578
15985.53500004299,0.656,0.22055000305175781
16019.315000041388,0.658,0.2165500030517578
16035.58000002522,0.662,0.2065500030517578
16052.060000016354,0.664,0.19655000305175782
16068.915000010282,0.668,0.1785500030517578
16085.850000032224,0.67,0.16255000305175782
16102.000000013039,0.67,0.1505500030517578
16119.350000051782,0.668,0.1405500030517578
16135.645000031218,0.666,0.13655000305175782
16152.130000002682,0.662,0.13255000305175782
16168.685000040568,0.656,0.13255000305175782
16185.915000038221,0.65,0.13455000305175782
16202.02500000596,0.642,0.1405500030517578
16219.440000015311,0.628,0.1485500030517578
16235.560000000522,0.616,0.1565500030517578
16251.760000013746,0.608,0.16255000305175782
16268.91000004299,0.6,0.16655000305175782
16285.640000016429,0.598,0.16855000305175782
16352.005000051111,0.598,0.16455000305175782
16369.025000021793,0.598,0.15855000305175782
16385.615000035614,0.598,0.1465500030517578
16402.014999999665,0.6,0.13455000305175782
16418.98000001721,0.6,0.1165500030517578
16435.580000048503,0.6,0.10255000305175781
16452.16500002425,0.6,0.08855000305175781
16468.634999997914,0.6,0.07655000305175781
16485.935000004247,0.6,0.0705500030517578
16502.230000041425,0.6,0.06655000305175782
16551.88500002213,0.604,0.06655000305175782
16568.985000019893,0.614,0.0705500030517578
16585.775000043213,0.632,0.07255000305175781
16602.27000003215,0.65,0.07255000305175781
16618.73500002548,0.676,0.0705500030517578
16635.985000001267,0.694,0.06855000305175782
16652.215000009164,0.716,0.06655000305175782
16668.585000036284,0.732,0.06455000305175781
16685.595000046305,0.738,0.06455000305175781
16702.110000012442,0.742,0.06255000305175781
16735.589999996126,0.744,0.06255000305175781
16785.130000032485,0.742,0.06455000305175781
16802.599999995902,0.74,0.07255000305175781
16818.865000037476,0.738,0.0865500030517578
16835.655000003055,0.736,0.09455000305175781
16851.965000038035,0.738,0.10655000305175781
16869.520000007004,0.74,0.11255000305175782
16884.730000048876,0.74,0.1165500030517578
16918.915000045672,0.74,0.11855000305175781
16985.510000027716,0.734,0.11455000305175782
17001.960000023246,0.724,0.10855000305175781
17019.160000025295,0.716,0.10455000305175781
17035.610000020824,0.706,0.09855000305175782
17051.97000002954,0.7,0.09655000305175782
17068.965000042692,0.696,0.09455000305175781
17085.590000031516,0.694,0.09455000305175781
17136.030000052415,0.696,0.09655000305175782
17152.26000000257,0.7,0.09855000305175782
17169.05000002589,0.704,0.10055000305175782
17185.615000024438,0.712,0.10455000305175781
17202.28500000667,0.722,0.11055000305175781
17218.955000047572,0.728,0.11455000305175782
17235.620000050403,0.734,0.12255000305175781
17252.180000010878,0.736,0.12655000305175781
17268.625000026077,0.738,0.13055000305175782
17286.560000036843,0.736,0.13655000305175782
17301.97000002954,0.732,0.1405500030517578
17318.160000024363,0.73,0.1445500030517578
17335.64000000432,0.726,0.1485500030517578
17352.025000029244,0.726,0.1505500030517578
17368.965000030585,0.724,0.1525500030517578
17385.79500000924,0.726,0.1545500030517578
17402.26000000257,0.73,0.1545500030517578
17418.880000011995,0.744,0.15855000305175782
17435.515000019222,0.758,0.16055000305175782
17451.975000033155,0.78,0.16055000305175782
17468.74500001967,0.8,0.16055000305175782
17485.655000025406,0.81,0.16055000305175782
17501.99000001885,0.816,0.16055000305175782
17518.98500003107,0.82,0.16055000305175782
17602.249999996275,0.82,0.15855000305175782
17618.560000032187,0.818,0.1525500030517578
17635.66000002902,0.812,0.1425500030517578
17652.265000040643,0.804,0.12655000305175781
17668.965000018477,0.796,0.11055000305175781
17685.63500000164,0.788,0.09655000305175782
17701.690000016242,0.784,0.09055000305175781
17718.990000022575,0.78,0.08455000305175782
17735.61500001233,0.778,0.08055000305175782
17768.71500001289,0.778,0.07855000305175781
17802.58000001777,0.78,0.08055000305175782
17818.985000019893,0.784,0.08055000305175782
17835.335000010207,0.794,0.07855000305175781
17851.560000039637,0.806,0.07655000305175781
17869.000000005588,0.822,0.07255000305175781
17885.620000015944,0.834,0.06655000305175782
17902.200000011362,0.846,0.06055000305175781
17918.620000011288,0.85,0.056550003051757815
17935.645000020042,0.852,0.05255000305175781
17952.01000000816,0.852,0.05055000305175781
17967.99000003375,0.848,0.048550003051757815
17985.32999999635,0.84,0.04455000305175781
18001.79000000935,0.83,0.040550003051757814
18018.970000034198,0.812,0.03655000305175781
18035.450000025332,0.798,0.032550003051757814
18051.580000028014,0.78,0.028550003051757814
18068.70000000298,0.768,0.028550003051757814
18085.665000020526,0.762,0.028550003051757814
18101.970000017434,0.758,0.028550003051757814
18135.645000031218,0.76,0.028550003051757814
18152.150000037625,0.766,0.028550003051757814
18168.795000005513,0.774,0.028550003051757814
18185.870000044815,0.782,0.030550003051757812
18202.22000003606,0.8,0.030550003051757812
18218.935000011697,0.82,0.032550003051757814
18235.620000050403,0.838,0.03455000305175781
18252.000000037253,0.858,0.03655000305175781
18269.045000022277,0.882,0.03855000305175781
18285.755000019446,0.902,0.040550003051757814
18302.330000035465,0.912,0.04255000305175781
18318.49000003375,0.918,0.04455000305175781
18335.675000037998,0.92,0.04455000305175781
18352.15500002913,0.922,0.04455000305175781
18385.645000031218,0.922,0.04655000305175781
18418.98000001721,0.922,0.05055000305175781
18435.664999997243,0.922,0.05855000305175781
18452.255000011064,0.922,0.0705500030517578
18468.80000003148,0.92,0.09855000305175782
18485.495000029914,0.918,0.12655000305175781
18501.960000023246,0.918,0.17055000305175783
18518.920000001788,0.916,0.2125500030517578
18535.675000050105,0.914,0.2365500030517578
18551.95500003174,0.914,0.2545500030517578
18569.070000026375,0.912,0.2665500030517578
18585.69500001613,0.912,0.2725500030517578
18602.030000008643,0.912,0.2745500030517578
18702.325000019744,0.91,0.2745500030517578
18719.37000000663,0.908,0.2725500030517578
18735.700000019744,0.902,0.2705500030517578
18751.99499999918,0.896,0.2705500030517578
18769.070000038482,0.884,0.2645500030517578
18785.36000003852,0.864,0.2565500030517578
18801.940000033937,0.846,0.2505500030517578
18818.62000003457,0.824,0.2405500030517578
18835.61500004679,0.806,0.23255000305175783
18852.36499999836,0.788,0.22455000305175782
18868.58500004746,0.776,0.2185500030517578
18885.710000002757,0.77,0.2145500030517578
18902.085000008345,0.768,0.2125500030517578
18919.025000009686,0.766,0.2125500030517578
18985.45500001684,0.764,0.2125500030517578
19002.300000051036,0.762,0.2145500030517578
19018.605000048876,0.758,0.22055000305175781
19035.485000000335,0.75,0.22655000305175782
19052.04000003822,0.736,0.2385500030517578
19068.920000048354,0.72,0.2505500030517578
19085.710000013933,0.696,0.2725500030517578
19102.030000008643,0.68,0.2885500030517578
19118.580000009388,0.662,0.30655000305175784
19135.435000004247,0.65,0.3205500030517578
19152.11500000395,0.638,0.3365500030517578
19168.77500002738,0.632,0.3505500030517578
19185.530000017025,0.63,0.36255000305175783
19202.045000041835,0.636,0.3745500030517578
19218.830000027083,0.648,0.3825500030517578
19235.734999994747,0.674,0.3905500030517578
19252.00999999605,0.694,0.3965500030517578
19268.955000035465,0.728,0.4005500030517578
19285.700000007637,0.76,0.4005500030517578
19301.925000036135,0.784,0.4005500030517578
19318.710000021383,0.81,0.4025500030517578
19335.435000015423,0.824,0.4025500030517578
19352.19500004314,0.836,0.4065500030517578
19368.929999996908,0.84,0.4105500030517578
19385.710000002757,0.842,0.4125500030517578
19401.860000042245,0.842,0.4165500030517578
19419.04500004649,0.842,0.4205500030517578
19435.730000026524,0.842,0.4225500030517578
19518.995000049472,0.84,0.4225500030517578
19535.735000041313,0.84,0.4205500030517578
19552.005000004545,0.838,0.4165500030517578
19569.019999995828,0.832,0.4085500030517578
19585.61500004679,0.824,0.3985500030517578
19602.390000014566,0.812,0.3805500030517578
19618.625000002794,0.794,0.36055000305175783
19635.52000001073,0.782,0.3465500030517578
19652.370000025257,0.764,0.3325500030517578
19669.020000030287,0.754,0.3265500030517578
19685.895000002347,0.748,0.3225500030517578
19702.01500004623,0.746,0.3205500030517578
19719.039999996312,0.748,0.3185500030517578
19735.574999999255,0.752,0.3185500030517578
19751.895000051707,0.766,0.3165500030517578
19768.885000026785,0.786,0.3165500030517578
19785.465000022203,0.806,0.3185500030517578
19802.405000023544,0.836,0.3225500030517578
19819.23500000313,0.858,0.3265500030517578
19835.740000009537,0.878,0.3325500030517578
19852.185000024736,0.888,0.3365500030517578
19869.15500002168,0.896,0.3425500030517578
19885.760000033304,0.9,0.3485500030517578
19902.500000026077,0.9,0.3525500030517578
19918.96000003908,0.9,0.3565500030517578
19935.645000020042,0.9,0.3585500030517578
19951.920000021346,0.9,0.36055000305175783
19969.150000019,0.9,0.36455000305175783
19985.75000005029,0.898,0.37055000305175784
20002.12499999907,0.898,0.3805500030517578
20018.735000048764,0.894,0.4005500030517578
20035.750000039116,0.888,0.42855000305175783
20051.82000005152,0.882,0.4505500030517578
20068.874999997206,0.872,0.4805500030517578
20085.4700000491,0.866,0.5005500030517578
20102.085000020452,0.862,0.5205500030517578
20119.035000039265,0.86,0.5305500030517578
20135.750000015832,0.86,0.5385500030517578
20154.220000025816,0.858,0.5425500030517578
20203.414999996312,0.858,0.5445500030517578
20220.365000015125,0.856,0.5445500030517578
20235.935000004247,0.854,0.5445500030517578
20253.100000031292,0.85,0.5425500030517578
20269.585000001825,0.846,0.5405500030517578
20285.73000000324,0.838,0.5305500030517578
20304.11500000581,0.826,0.5165500030517578
20319.385000038892,0.816,0.5025500030517578
20337.585000030696,0.804,0.4845500030517578
20353.055000014603,0.798,0.4745500030517578
20369.01000002399,0.792,0.4665500030517578
20386.664999998175,0.788,0.4625500030517578
20420.100000046194,0.788,0.4605500030517578
20437.29000003077,0.786,0.4605500030517578
20452.315000002272,0.784,0.4645500030517578
20470.44500004314,0.778,0.4725500030517578
20485.849999997765,0.77,0.4845500030517578
20503.245000028983,0.754,0.5045500030517578
20519.935000047088,0.734,0.5305500030517578
20537.325000041164,0.722,0.5505500030517578
20552.460000035353,0.712,0.5685500030517578
20569.37000004109,0.708,0.5765500030517579
20587.41500001587,0.706,0.5805500030517579
20603.360000008717,0.704,0.5785500030517579
20620.355000020936,0.702,0.5685500030517578
20635.79500000924,0.7,0.5565500030517578
20653.00000004936,0.698,0.5245500030517578
20669.905000017025,0.694,0.4825500030517578
20687.120000016876,0.692,0.4585500030517578
20702.30000000447,0.692,0.4385500030517578
20719.160000037402,0.692,0.43055000305175783
20736.64499999769,0.692,0.42855000305175783
20753.49000003189,0.692,0.42655000305175783
20869.085000013,0.69,0.42655000305175783
20886.720000009984,0.69,0.42855000305175783
20903.400000009686,0.686,0.43055000305175783
20920.62500002794,0.682,0.43455000305175784
20935.920000018552,0.674,0.4405500030517578
20953.154999995604,0.662,0.4545500030517578
20969.400000002235,0.65,0.4725500030517578
20985.775000007823,0.632,0.5065500030517578
21003.335000015795,0.62,0.5365500030517578
21019.895000034012,0.614,0.5525500030517578
21036.040000035428,0.612,0.5625500030517578
21053.080000041053,0.608,0.5685500030517578
21070.020000042394,0.606,0.5705500030517578
21102.884999999776,0.604,0.5685500030517578
21119.16000000201,0.604,0.5665500030517578
21137.420000042766,0.602,0.5645500030517578
21153.22999999672,0.6,0.5605500030517578
21170.00000004191,0.596,0.5505500030517578
21186.46500003524,0.59,0.5265500030517578
21202.344999997877,0.582,0.49655000305175784
21219.135000021197,0.576,0.4385500030517578
21237.200000032783,0.578,0.4025500030517578
21252.365000022575,0.582,0.3765500030517578
21269.525000010617,0.594,0.3505500030517578
21285.805000049993,0.606,0.3305500030517578
21303.33500000462,0.614,0.3185500030517578
21320.260000007227,0.618,0.3125500030517578
21335.69500001613,0.62,0.31055000305175784
21353.065000032075,0.622,0.30855000305175784
21370.03500002902,0.624,0.30655000305175784
21468.89000001829,0.622,0.30655000305175784
21554.23000000883,0.622,0.30855000305175784
21569.79500001762,0.618,0.31055000305175784
21586.965000024065,0.61,0.3185500030517578
21602.69500000868,0.596,0.3405500030517578
21619.950000021607,0.578,0.36655000305175783
21636.160000052303,0.558,0.4005500030517578
21653.120000031777,0.528,0.4465500030517578
21669.17500004638,0.506,0.4825500030517578
21687.235000019893,0.496,0.5005500030517578
21702.4899999965,0.488,0.5165500030517578
21719.77500000503,0.486,0.5225500030517578
21735.800000024028,0.484,0.5265500030517578
21785.620000038296,0.484,0.5285500030517578
21836.205000000075,0.484,0.5305500030517578
21852.69000002928,0.488,0.5325500030517578
21869.75500005111,0.492,0.5345500030517578
21885.960000043735,0.502,0.5405500030517578
21903.42500002589,0.51,0.5445500030517578
21920.650000043213,0.518,0.5505500030517578
21936.60499999486,0.526,0.5565500030517578
21952.64500001259,0.53,0.5625500030517578
21969.29500001669,0.53,0.5665500030517578
21987.490000028163,0.53,0.5765500030517579
22003.750000032596,0.526,0.5845500030517579
22019.2050000187,0.522,0.5905500030517579
22036.495000007562,0.516,0.5945500030517578
22053.27000003308,0.512,0.5985500030517578
22069.915000000037,0.506,0.5985500030517578
22086.15000004694,0.5,0.6005500030517578
22102.385000035167,0.494,0.6005500030517578
22119.77000004798,0.488,0.6025500030517578
22135.73500001803,0.482,0.6045500030517578
22152.53500000108,0.478,0.6045500030517578
22170.165000017732,0.478,0.6065500030517578
22185.77999999933,0.476,0.6065500030517578
22285.750000039116,0.474,0.6045500030517578
22304.070000013337,0.472,0.5985500030517578
22319.065000046976,0.468,0.5885500030517579
22336.65500004962,0.462,0.5665500030517578
22352.48500003945,0.46,0.5425500030517578
22370.015000050887,0.462,0.5125500030517578
22385.840000002645,0.466,0.49255000305175783
22402.304999995977,0.474,0.4725500030517578
22419.575000006706,0.482,0.4545500030517578
22435.83000003174,0.486,0.4425500030517578
22453.585000010207,0.488,0.4385500030517578
22468.779999995604,0.488,0.43455000305175784
22536.640000006184,0.488,0.43255000305175784
22569.22500004247,0.486,0.43455000305175784
22620.52500003483,0.484,0.43655000305175784
22635.765000013635,0.484,0.4385500030517578
22653.13500002958,0.48,0.4405500030517578
22669.560000009835,0.478,0.4425500030517578
22685.855000047013,0.47,0.4485500030517578
22703.310000011697,0.462,0.4605500030517578
22720.04000004381,0.456,0.4765500030517578
22735.54000002332,0.446,0.5065500030517578
22753.095000050962,0.442,0.5305500030517578
22769.67000000924,0.436,0.5585500030517578
22786.62000002805,0.436,0.5745500030517579
22802.790000045672,0.434,0.5905500030517579
22819.205000007525,0.434,0.6005500030517578
22836.695000005886,0.432,0.6125500030517578
22852.55000001006,0.432,0.6185500030517578
22870.810000050813,0.434,0.6265500030517578
22886.055000009947,0.434,0.6305500030517578
22903.07500003837,0.436,0.6345500030517578
22919.480000040494,0.436,0.6385500030517578
22935.865000006743,0.438,0.6405500030517578
22952.320000040345,0.44,0.6425500030517578
23035.960000008345,0.44,0.6445500030517578
23069.37500002049,0.442,0.6465500030517578
23085.870000010356,0.446,0.6485500030517578
23102.165000047535,0.452,0.6505500030517578
23119.220000050962,0.464,0.6545500030517578
23135.830000042915,0.478,0.6565500030517578
23153.330000001006,0.496,0.6565500030517578
23169.560000009835,0.516,0.6545500030517578
23187.335000024177,0.53,0.6525500030517578
23202.40500004776,0.546,0.6485500030517578
23219.450000032783,0.552,0.6465500030517578
23235.864999994636,0.556,0.6445500030517578
23253.385000047274,0.558,0.6445500030517578
23270.345000026748,0.556,0.6465500030517578
23285.71000002511,0.556,0.6485500030517578
23303.585000045598,0.552,0.6545500030517578
23319.004999997094,0.548,0.6605500030517578
23335.870000010356,0.542,0.6705500030517578
23352.255000034347,0.532,0.6845500030517578
23369.174999999814,0.524,0.6965500030517578
23386.370000021532,0.518,0.7085500030517579
23402.53500000108,0.514,0.7225500030517578
23419.215000001714,0.51,0.7305500030517578
23436.61000003293,0.51,0.7345500030517578
23452.44000002276,0.508,0.7345500030517578
23487.415000040084,0.51,0.7345500030517578
23502.370000001974,0.516,0.7325500030517578
23519.165000004694,0.522,0.7305500030517578
23535.85500002373,0.534,0.7285500030517578
23553.34500002209,0.554,0.7225500030517578
23570.52500004694,0.58,0.7145500030517579
23585.90000000596,0.602,0.7105500030517579
23602.34500002116,0.624,0.7045500030517579
23619.724999996834,0.634,0.7025500030517579
23635.905000031926,0.642,0.7005500030517579
23653.445000004023,0.644,0.7005500030517579
23669.31500000693,0.646,0.7005500030517579
23685.785000037402,0.644,0.7005500030517579
23736.91500001587,0.642,0.6985500030517579
23752.435000031255,0.64,0.6925500030517578
23769.300000043586,0.636,0.6865500030517578
23785.885000019334,0.628,0.6705500030517578
23803.365000000224,0.616,0.6565500030517578
23820.625000051223,0.602,0.6385500030517578
23835.91500000283,0.592,0.6285500030517578
23853.870000049472,0.582,0.6185500030517578
23869.62000001222,0.576,0.6125500030517578
23885.915000049397,0.574,0.6065500030517578
23902.18500001356,0.572,0.6025500030517578
23920.76000000816,0.572,0.6005500030517578
23952.64500001259,0.572,0.5985500030517578
23968.995000002906,0.574,0.5965500030517578
23985.920000006445,0.578,0.5965500030517578
24002.435000031255,0.582,0.5965500030517578
24019.170000042766,0.59,0.5965500030517578
24035.91000003554,0.606,0.5965500030517578
24052.52000002656,0.622,0.5945500030517578
24069.185000029393,0.644,0.5945500030517578
24085.575000033714,0.656,0.5925500030517579
24103.080000029877,0.67,0.5905500030517579
24119.660000026226,0.674,0.5905500030517579
24135.890000034124,0.676,0.5905500030517579
24152.630000025965,0.676,0.5885500030517579
24169.3100000266,0.674,0.5885500030517579
24185.670000035316,0.672,0.5885500030517579
24203.510000021197,0.67,0.5885500030517579
24220.19000002183,0.668,0.5885500030517579
24236.650000035763,0.668,0.5905500030517579
24252.529999997467,0.668,0.5945500030517578
24269.11500003189,0.668,0.6005500030517578
24287.410000048578,0.666,0.6125500030517578
24302.680000022054,0.666,0.6205500030517578
24320.160000002943,0.666,0.6225500030517578
24335.785000002943,0.666,0.6245500030517578
24353.415000019595,0.668,0.6245500030517578
24370.120000036433,0.67,0.6205500030517578
24386.08000002615,0.672,0.6165500030517578
24402.419999998063,0.676,0.6105500030517578
24419.7250000434,0.678,0.6045500030517578
24435.950000014156,0.68,0.5925500030517579
24453.360000043176,0.682,0.5825500030517579
24469.275000039488,0.682,0.5645500030517578
24485.695000039414,0.684,0.5525500030517578
24502.775000000373,0.686,0.5385500030517578
24519.46000004001,0.69,0.5305500030517578
24535.940000031143,0.69,0.5245500030517578
24552.675000042655,0.69,0.5225500030517578
24586.490000016056,0.69,0.5205500030517578
24619.240000029095,0.69,0.5225500030517578
24637.010000005364,0.688,0.5225500030517578
24669.229999999516,0.688,0.5245500030517578
24787.380000052974,0.688,0.5265500030517578
24853.345000009984,0.688,0.5285500030517578
24885.73500001803,0.688,0.5305500030517578
24902.890000026673,0.692,0.5385500030517578
24919.25000003539,0.694,0.5485500030517578
24935.920000018552,0.698,0.5665500030517578
24953.06500000879,0.704,0.5845500030517579
24968.710000044666,0.708,0.5985500030517578
24985.52500002552,0.712,0.6085500030517578
25003.475000034086,0.714,0.6185500030517578
25020.545000035316,0.716,0.6265500030517578
25036.305000016466,0.718,0.6305500030517578
25052.17000003904,0.718,0.6325500030517578
25086.19000000134,0.718,0.6345500030517578
25136.14499999676,0.72,0.6345500030517578
25152.995000011288,0.722,0.6345500030517578
25169.420000049286,0.724,0.6325500030517578
25186.000000044703,0.73,0.6305500030517578
25202.335000038147,0.738,0.6245500030517578
25219.330000050366,0.748,0.6205500030517578
25235.54500000365,0.756,0.6145500030517578
25253.250000009313,0.768,0.6105500030517578
25269.06500000041,0.776,0.6085500030517578
25285.58000002522,0.782,0.6105500030517578
25302.30500001926,0.786,0.6105500030517578
25319.610000005923,0.788,0.6105500030517578
25335.810000019148,0.79,0.6105500030517578
25354.595000040717,0.79,0.6085500030517578
25369.115000008605,0.788,0.6065500030517578
25385.58500004001,0.786,0.6045500030517578
25402.80999999959,0.78,0.5965500030517578
25418.550000002608,0.772,0.5825500030517579
25435.965000011027,0.764,0.5725500030517578
25452.27500004694,0.758,0.5645500030517578
25469.330000050366,0.756,0.5585500030517578
25485.915000027046,0.754,0.5525500030517578
25503.049999998882,0.754,0.5505500030517578
25519.170000042766,0.758,0.5465500030517578
25535.820000048727,0.76,0.5465500030517578
25552.324999997392,0.766,0.5445500030517578
25569.350000005215,0.774,0.5465500030517578
25586.51000005193,0.782,0.5465500030517578
25603.80500002019,0.792,0.5465500030517578
25619.34000003338,0.8,0.5465500030517578
25635.93000004813,0.808,0.5465500030517578
25652.345000009984,0.812,0.5445500030517578
25669.099999999627,0.818,0.5425500030517578
25685.890000022948,0.822,0.5425500030517578
25703.150000015274,0.824,0.5445500030517578
25719.685000018217,0.828,0.5465500030517578
25735.96000001952,0.83,0.5505500030517578
25752.145000034943,0.834,0.5565500030517578
25769.53000004869,0.836,0.5625500030517578
25786.179999995977,0.836,0.5745500030517579
25802.670000004582,0.834,0.5825500030517579
25818.800000008196,0.83,0.5965500030517578
25836.180000042543,0.826,0.6045500030517578
25852.225000038743,0.824,0.6125500030517578
25868.8850000035,0.824,0.6165500030517578
25885.955000005662,0.826,0.6205500030517578
25902.51000004355,0.83,0.6225500030517578
25919.374999998137,0.836,0.6225500030517578
25935.84000004921,0.844,0.6205500030517578
25953.290000034496,0.86,0.6165500030517578
25970.61499999836,0.878,0.6105500030517578
25986.01000005193,0.894,0.6025500030517578
26002.485000004992,0.914,0.5905500030517579
26019.094999996014,0.93,0.5785500030517579
26036.520000023767,0.944,0.5585500030517578
26053.320000005886,0.956,0.5305500030517578
26069.92500001751,0.96,0.5065500030517578
26085.82500001602,0.964,0.4825500030517578
26103.525000042282,0.966,0.4525500030517578
26119.300000020303,0.964,0.42855000305175783
26135.970000002533,0.96,0.4125500030517578
26152.174999995157,0.956,0.3965500030517578
26169.05500000529,0.95,0.3765500030517578
26186.010000005364,0.946,0.36455000305175783
26202.675000008196,0.942,0.3585500030517578
26219.3650000263,0.938,0.3545500030517578
26235.73000001535,0.938,0.3525500030517578
26253.130000026897,0.936,0.3525500030517578
26353.635000007227,0.938,0.3525500030517578
26386.06000004802,0.938,0.3505500030517578
26402.700000034645,0.938,0.3525500030517578
26435.530000017025,0.938,0.3505500030517578
26452.680000046268,0.94,0.3505500030517578
26485.695000039414,0.944,0.3525500030517578
26502.485000004992,0.95,0.3525500030517578
26519.33500001952,0.956,0.3525500030517578
26535.420000029728,0.962,0.3545500030517578
26553.35000000149,0.966,0.3545500030517578
26569.38000000082,0.97,0.3545500030517578
26585.540000000037,0.97,0.3525500030517578
26602.69500000868,0.97,0.3545500030517578
26686.8649999965,0.972,0.3545500030517578
26702.665000047535,0.972,0.3565500030517578
26718.710000044666,0.974,0.36055000305175783
26736.180000007153,0.976,0.36855000305175784
26752.67499999609,0.978,0.3865500030517578
26769.490000035614,0.98,0.4045500030517578
26785.975000006147,0.98,0.42855000305175783
26802.57500003837,0.976,0.4565500030517578
26819.755000004545,0.974,0.4785500030517578
26835.785000002943,0.97,0.5025500030517578
26852.725000004284,0.968,0.5185500030517578
26869.385000027716,0.966,0.5365500030517578
26885.45500003919,0.964,0.5485500030517578
26903.860000019893,0.962,0.5585500030517578
26919.500000018626,0.962,0.5665500030517578
26935.965000011027,0.962,0.5765500030517579
26952.480000035837,0.962,0.5825500030517579
26969.310000015423,0.96,0.5865500030517579
27003.205000014976,0.96,0.5885500030517579
27036.07500001043,0.96,0.5905500030517579
27052.290000021458,0.96,0.5885500030517579
27102.700000046752,0.96,0.5905500030517579
27135.825000004843,0.958,0.5905500030517579
27152.87500002887,0.958,0.5945500030517578
27169.374999998137,0.952,0.5985500030517578
27185.185000009835,0.948,0.6045500030517578
27202.385000010952,0.936,0.6125500030517578
27219.3850000035,0.924,0.6225500030517578
27235.94000004232,0.902,0.6345500030517578
27252.75500002317,0.886,0.6465500030517578
27268.819999997504,0.864,0.6625500030517578
27285.99000000395,0.852,0.6765500030517578
27302.755000011995,0.836,0.6945500030517578
27319.58500004839,0.824,0.7065500030517579
27336.135000048205,0.812,0.7205500030517578
27352.575000026263,0.802,0.7325500030517578
27368.99000004679,0.796,0.7385500030517578
27386.025000014342,0.788,0.7425500030517578
27402.170000015758,0.786,0.7465500030517578
27419.300000008196,0.782,0.7505500030517578
27453.11500004027,0.78,0.7525500030517578
27486.49000003934,0.78,0.7505500030517578
27519.155000045896,0.778,0.7505500030517578
27535.260000033304,0.778,0.7485500030517578
27552.72999999579,0.778,0.7445500030517578
27569.39499999862,0.778,0.7365500030517578
27585.605000029318,0.774,0.7245500030517578
27603.925000002608,0.772,0.7125500030517579
27619.315000018105,0.77,0.7005500030517579
27636.025000014342,0.77,0.6885500030517578
27652.555000036955,0.768,0.6805500030517578
27669.3100000266,0.768,0.6765500030517578
27685.880000004545,0.768,0.6745500030517578
27702.43000000529,0.768,0.6725500030517578
27719.395000021905,0.766,0.6705500030517578
27736.045000026934,0.764,0.6685500030517578
27752.52000003867,0.764,0.6665500030517578
27769.435000023805,0.762,0.6665500030517578
27786.025000037625,0.758,0.6665500030517578
27802.665000025183,0.754,0.6665500030517578
27819.4300000323,0.746,0.6705500030517578
27835.82999999635,0.74,0.6725500030517578
27852.825000008568,0.732,0.6745500030517578
27869.405000004917,0.726,0.6765500030517578
27885.895000014454,0.724,0.6785500030517578
27935.69500005059,0.726,0.6785500030517578
27952.749999996275,0.73,0.6765500030517578
27969.42000003718,0.738,0.6705500030517578
27985.864999994636,0.744,0.6665500030517578
28002.720000047237,0.752,0.6605500030517578
28019.640000013635,0.756,0.6565500030517578
28036.030000017956,0.762,0.6525500030517578
28052.03000002075,0.764,0.6505500030517578
28069.550000014715,0.766,0.6465500030517578
28085.77000000514,0.768,0.6445500030517578
28102.69000002928,0.77,0.6445500030517578
28152.23500004504,0.772,0.6445500030517578
28169.405000051484,0.774,0.6485500030517578
28185.820000013337,0.778,0.6545500030517578
28202.55500002578,0.784,0.6625500030517578
28218.715000024065,0.786,0.6665500030517578
28235.734999994747,0.788,0.6725500030517578
28252.765000041574,0.792,0.6765500030517578
28269.440000003204,0.794,0.6785500030517578
28285.675000050105,0.796,0.6785500030517578
28353.400000021793,0.796,0.6765500030517578
28369.579999998212,0.796,0.6725500030517578
28385.71500004083,0.798,0.6685500030517578
28402.10500004515,0.8,0.6605500030517578
28419.04500004649,0.8,0.6565500030517578
28436.12000002712,0.802,0.6505500030517578
28452.29000004474,0.804,0.6445500030517578
28469.115000043064,0.806,0.6425500030517578
28486.01000005193,0.806,0.6405500030517578
28502.75000004284,0.806,0.6385500030517578
28552.760000050068,0.804,0.6385500030517578
28585.995000030845,0.804,0.6365500030517578
28602.570000046864,0.802,0.6365500030517578
28635.815000045113,0.8,0.6365500030517578
28652.80500002019,0.798,0.6345500030517578
28669.46000000462,0.794,0.6325500030517578
28686.04000000097,0.792,0.6305500030517578
28702.344999997877,0.788,0.6285500030517578
28719.410000019707,0.782,0.6265500030517578
28735.930000023916,0.778,0.6245500030517578
28752.46500002686,0.776,0.6225500030517578
28769.20999999903,0.774,0.6225500030517578
28785.85500002373,0.772,0.6225500030517578
28802.555000001565,0.77,0.6205500030517578
28852.535000013188,0.768,0.6205500030517578
28969.260000041686,0.766,0.6205500030517578
28985.970000037923,0.764,0.6225500030517578
29002.13000003714,0.762,0.6245500030517578
29019.455000001937,0.758,0.6285500030517578
29035.80000001192,0.752,0.6325500030517578
29052.7850000076,0.744,0.6385500030517578
29069.455000048503,0.734,0.6465500030517578
29085.75500000734,0.726,0.6525500030517578
29102.465000003576,0.718,0.6585500030517578
29119.460000015795,0.712,0.6605500030517578
29136.00500003621,0.706,0.6625500030517578
29152.905000024475,0.704,0.6645500030517578
29169.465000042692,0.7,0.6665500030517578
29202.64500001259,0.698,0.6665500030517578
29252.11500003934,0.696,0.6685500030517578
29285.740000020713,0.694,0.6665500030517578
29302.80000000447,0.692,0.6645500030517578
29319.490000023507,0.69,0.6625500030517578
29336.135000048205,0.686,0.6565500030517578
29352.630000038072,0.682,0.6505500030517578
29369.505000010133,0.68,0.6465500030517578
29385.88499999605,0.676,0.6425500030517578
29402.750000008382,0.676,0.6405500030517578
29452.77000003308,0.674,0.6405500030517578
29486.49500001967,0.674,0.6425500030517578
29502.62500002235,0.67,0.6445500030517578
29519.435000023805,0.668,0.6465500030517578
29535.725000023842,0.662,0.6505500030517578
29552.805000042543,0.656,0.6565500030517578
29569.420000014827,0.648,0.6625500030517578
29585.95999999717,0.646,0.6665500030517578
29601.985000016168,0.642,0.6685500030517578
29619.4800000526,0.642,0.6725500030517578
29636.07500004582,0.648,0.6745500030517578
29651.899999996647,0.654,0.6765500030517578
29669.085000000894,0.666,0.6785500030517578
29685.440000030212,0.676,0.6805500030517578
29702.83000002429,0.688,0.6845500030517578
29719.470000010915,0.698,0.6905500030517578
29736.145000031218,0.704,0.6945500030517578
29752.595000026748,0.71,0.7025500030517579
29769.510000012815,0.714,0.7085500030517579
29785.99500004202,0.714,0.7165500030517579
29803.015000011772,0.714,0.7225500030517578
29819.480000006035,0.71,0.7325500030517578
29835.97000001464,0.706,0.7385500030517578
29852.83500002697,0.7,0.7485500030517578
29869.54000004381,0.696,0.7545500030517578
29886.055000009947,0.694,0.7585500030517578
29902.545000018552,0.694,0.7625500030517578
29919.59500004351,0.696,0.7645500030517578
29936.010000005364,0.7,0.7665500030517578
29952.685000025667,0.704,0.7685500030517578
29968.68500002846,0.71,0.7685500030517578
29985.725000035018,0.712,0.7705500030517578
30002.81500001438,0.714,0.7705500030517578
30019.6250000149,0.714,0.7725500030517578
30035.960000008345,0.714,0.7745500030517578
30052.59000003524,0.712,0.7805500030517578
30069.490000023507,0.71,0.7825500030517578
30085.990000050515,0.708,0.7885500030517578
30102.68500004895,0.706,0.7965500030517578
30119.365000049584,0.704,0.8085500030517578
30136.15000003483,0.702,0.8185500030517578
30151.990000042133,0.7,0.8285500030517579
30169.519999995828,0.698,0.8385500030517579
30187.060000025667,0.698,0.8445500030517578
30203.350000025705,0.698,0.8485500030517578
30220.140000049025,0.698,0.8505500030517578
30235.994999995455,0.698,0.8525500030517578
30320.580000000075,0.696,0.8525500030517578
30337.370000023395,0.696,0.8505500030517578
30386.670000036247,0.694,0.8485500030517578
30420.090000028722,0.69,0.8425500030517579
30436.305000038818,0.682,0.8305500030517579
30452.860000019893,0.672,0.8145500030517578
30469.50500004459,0.66,0.7945500030517578
30487.430000036955,0.648,0.7725500030517578
30504.565000010654,0.64,0.7585500030517578
30520.820000033826,0.638,0.7525500030517578
30536.080000048503,0.636,0.7485500030517578
30553.4050000133,0.636,0.7465500030517578
30569.965000031516,0.634,0.7465500030517578
30619.96000004001,0.632,0.7465500030517578
30636.90000004135,0.628,0.7485500030517578
30653.295000026003,0.624,0.7485500030517578
30670.3450000491,0.614,0.7525500030517578
30687.02000001259,0.6,0.7565500030517578
30702.894999994896,0.59,0.7605500030517578
30719.650000043213,0.582,0.7645500030517578
30737.12500004284,0.574,0.7685500030517578
30752.62500002235,0.57,0.7705500030517578
30769.54500004649,0.572,0.7725500030517578
30785.91500001494,0.574,0.7725500030517578
30803.4200000111,0.582,0.7725500030517578
30820.67000004463,0.592,0.7745500030517578
30837.924999999814,0.602,0.7765500030517578
30853.025000019,0.608,0.7805500030517578
30869.464999996126,0.612,0.7825500030517578
30887.065000017174,0.618,0.7885500030517578
30904.414999997243,0.62,0.7925500030517578
30919.67500001192,0.62,0.7965500030517578
30935.920000018552,0.618,0.8025500030517578
30953.420000034384,0.61,0.8145500030517578
30969.540000019595,0.6,0.8285500030517579
30986.830000009388,0.592,0.8385500030517579
31004.170000029728,0.584,0.8545500030517578
31019.48499999754,0.582,0.8645500030517578
31037.065000040457,0.582,0.8785500030517578
31053.505000017583,0.592,0.8885500030517578
31069.950000033714,0.602,0.8945500030517578
31086.57500002347,0.622,0.9005500030517578
31103.545000020415,0.636,0.9025500030517578
31119.950000021607,0.658,0.9085500030517578
31137.075000034645,0.676,0.9125500030517578
31154.460000049323,0.7,0.9185500030517578
31169.87500002142,0.714,0.9225500030517578
31187.07500002347,0.732,0.9245500030517578
31204.185000038706,0.746,0.9245500030517578
31220.765000034124,0.754,0.9245500030517578
31235.994999995455,0.76,0.9245500030517578
31253.055000036955,0.764,0.9245500030517578
31269.925000029616,0.766,0.9225500030517578
31286.225000047125,0.768,0.9225500030517578
31370.140000013635,0.766,0.9205500030517578
31386.63500000257,0.764,0.9125500030517578
31402.885000046343,0.764,0.9025500030517578
31421.075000019744,0.76,0.8825500030517578
31437.005000013858,0.758,0.8625500030517578
31454.265000008047,0.756,0.8385500030517579
31469.585000013933,0.756,0.8245500030517579
31487.085000029765,0.756,0.8125500030517578
31503.390000026673,0.756,0.8105500030517578
31520.860000047833,0.756,0.8085500030517578
31552.92500002496,0.756,0.8065500030517578
31587.040000013076,0.756,0.8085500030517578
31604.440000024624,0.76,0.8125500030517578
31619.7000000393,0.766,0.8165500030517578
31636.07500004582,0.774,0.8205500030517578
31653.43000000529,0.79,0.8265500030517579
31669.900000037625,0.808,0.8305500030517579
31686.220000032336,0.818,0.8345500030517579
31704.265000008047,0.828,0.8365500030517579
31719.70000001602,0.832,0.8385500030517579
31737.39500000328,0.834,0.8405500030517579
31752.61500000488,0.832,0.8405500030517579
31769.53000004869,0.83,0.8365500030517579
31786.810000019148,0.824,0.8325500030517579
31802.985000016168,0.82,0.8265500030517579
31821.080000023358,0.814,0.8165500030517578
31837.46500004828,0.808,0.8085500030517578
31852.710000006482,0.804,0.7985500030517578
31869.925000006333,0.802,0.7925500030517578
31886.28999999538,0.8,0.7885500030517578
31903.055000002496,0.802,0.7865500030517578
31919.555000029504,0.804,0.7845500030517578
31935.965000011027,0.81,0.7845500030517578
31952.91500003077,0.816,0.7845500030517578
31969.44000001531,0.826,0.7845500030517578
31986.29000002984,0.834,0.7825500030517578
32002.68500001356,0.846,0.7825500030517578
32019.94500000775,0.854,0.7805500030517578
32036.25500004273,0.868,0.7765500030517578
32053.485000040382,0.876,0.7765500030517578
32069.58500004839,0.884,0.7745500030517578
32086.695000005886,0.89,0.7765500030517578
32102.925000013784,0.894,0.7805500030517578
32119.630000030622,0.896,0.7865500030517578
32137.370000011288,0.898,0.7925500030517578
32152.630000025965,0.9,0.7945500030517578
32186.905000009574,0.9,0.7905500030517578
32203.405000036582,0.9,0.7845500030517578
32219.725000031292,0.9,0.7745500030517578
32236.275000032037,0.9,0.7665500030517578
32252.490000043064,0.898,0.7505500030517578
32270.004999998957,0.896,0.7365500030517578
32286.309999995865,0.896,0.7205500030517578
32303.010000032373,0.894,0.7105500030517579
32320.01500000432,0.894,0.7025500030517579
32336.685000045225,0.894,0.6965500030517578
32352.975000045262,0.892,0.6945500030517578
32404.370000003837,0.896,0.6945500030517578
32419.87500002142,0.898,0.6945500030517578
32436.280000023544,0.906,0.6965500030517578
32453.06000002846,0.916,0.6985500030517579
32469.335000030696,0.928,0.7005500030517579
32486.63500003703,0.938,0.7025500030517579
32502.915000019595,0.944,0.7025500030517579
32519.905000051484,0.948,0.7025500030517579
32536.309999995865,0.952,0.7025500030517579
32552.700000000186,0.952,0.7045500030517579
32586.24500001315,0.95,0.7065500030517579
32603.405000001192,0.948,0.7125500030517579
32619.455000036396,0.946,0.7225500030517578
32636.41000003554,0.944,0.7365500030517578
32652.71500003338,0.942,0.7645500030517578
32669.920000014827,0.942,0.7845500030517578
32686.275000043213,0.942,0.8125500030517578
32702.580000041053,0.944,0.8345500030517579
32719.7800000431,0.946,0.8445500030517578
32736.16000002995,0.946,0.8525500030517578
32753.410000004806,0.946,0.8585500030517578
32769.77000001352,0.946,0.8625500030517578
32802.76500002947,0.942,0.8605500030517578
32819.92000003811,0.938,0.8585500030517578
32836.29000000656,0.926,0.8545500030517578
32852.61500003934,0.912,0.8505500030517578
32869.785000046715,0.902,0.8465500030517578
32886.12999999896,0.89,0.8445500030517578
32903.41500000842,0.876,0.8425500030517579
32919.60000002291,0.866,0.8405500030517579
32936.82500004023,0.862,0.8405500030517579
32952.51500001177,0.858,0.8405500030517579
32969.89000000805,0.86,0.8405500030517579
32986.340000003576,0.862,0.8425500030517579
33002.69000005163,0.87,0.8425500030517579
33019.775000051595,0.876,0.8445500030517578
33036.580000014976,0.884,0.8485500030517578
33053.3900000155,0.89,0.8505500030517578
33069.50500002131,0.896,0.8565500030517578
33087.53499999829,0.9,0.8605500030517578
33102.62000001967,0.898,0.8665500030517578
33119.180000037886,0.894,0.8705500030517578
33136.94500003476,0.884,0.8805500030517578
33152.64500002377,0.872,0.8865500030517578
33169.19500002451,0.856,0.8985500030517578
33186.090000031516,0.842,0.9085500030517578
33203.00500001758,0.832,0.9165500030517578
33219.605000048876,0.826,0.9245500030517578
33236.470000003465,0.824,0.9285500030517578
33252.77500000037,0.83,0.9345500030517578
33269.53500002809,0.836,0.9365500030517578
33287.02000004705,0.85,0.9405500030517578
33303.08500002138,0.862,0.9425500030517578
33319.8450000491,0.88,0.9465500030517578
33336.19000000134,0.892,0.9505500030517579
33353.91500004381,0.904,0.9545500030517579
33369.61000005249,0.912,0.9565500030517579
33386.32000004873,0.92,0.9585500030517579
33402.839999995194,0.924,0.9605500030517579
33419.915000034496,0.926,0.9605500030517579
33436.32500001695,0.928,0.9625500030517579
33470.10500001535,0.926,0.9605500030517579
33486.590000044554,0.924,0.9565500030517579
33502.81500001438,0.922,0.9505500030517579
33519.61000001803,0.92,0.9425500030517578
33537.43500000611,0.918,0.9325500030517578
33552.76000005007,0.916,0.9205500030517578
33570.01000002492,0.914,0.9125500030517578
33587.029999995604,0.914,0.9065500030517578
33603.50500000641,0.914,0.9045500030517578
33619.665000005625,0.914,0.9005500030517578
33687.29000003077,0.916,0.9025500030517578
33702.55500002578,0.918,0.9065500030517578
33719.51000002399,0.92,0.9085500030517578
33737.39000002388,0.926,0.9145500030517578
33754.31500002742,0.934,0.9205500030517578
33769.66000004858,0.94,0.9225500030517578
33785.97500000615,0.948,0.9245500030517578
33803.03500004858,0.956,0.9265500030517578
33819.6450000396,0.962,0.9265500030517578
33837.4300000146,0.964,0.9265500030517578
33852.75000002049,0.964,0.9285500030517578
33887.43500004057,0.962,0.9305500030517578
33902.564999996684,0.958,0.9345500030517578
33919.66500005219,0.956,0.9365500030517578
33936.04500003904,0.954,0.9385500030517578
33953.39500001818,0.948,0.9445500030517578
33969.70000001602,0.94,0.9505500030517579
33986.40000005253,0.932,0.9585500030517579
34002.910000039265,0.922,0.9665500030517579
34019.54500004649,0.912,0.9705500030517578
34037.42500004545,0.9,0.9745500030517578
34052.755000011995,0.886,0.9765500030517578
34069.70500003081,0.878,0.9785500030517578
34086.03500004392,0.872,0.9785500030517578
34103.415000019595,0.866,0.9805500030517578
34119.89500001073,0.862,0.9805500030517578
34136.170000012964,0.86,0.9805500030517578
34153.00500002876,0.86,0.9785500030517578
34202.68000004627,0.858,0.9785500030517578
34220.87000001967,0.858,0.9765500030517578
34237.020000000484,0.856,0.9745500030517578
34253.260000026785,0.852,0.9705500030517578
34269.655000010505,0.846,0.9645500030517579
34285.90499999747,0.84,0.9565500030517579
34303.01500001177,0.83,0.9405500030517578
34319.675000035204,0.824,0.9305500030517578
34335.97500005271,0.818,0.9205500030517578
34354.40500004962,0.814,0.9105500030517578
34369.660000026226,0.81,0.9045500030517578
34385.975000040606,0.808,0.8985500030517578
34403.245000052266,0.808,0.8925500030517578
34419.66500005219,0.806,0.8885500030517578
34436.900000030175,0.804,0.8845500030517578
34486.85500002466,0.802,0.8845500030517578
34503.03000002168,0.8,0.8865500030517578
34519.79500002973,0.798,0.8865500030517578
34536.030000017956,0.796,0.8925500030517578
34553.09000000171,0.794,0.8985500030517578
34569.69500001334,0.788,0.9085500030517578
34585.940000019036,0.784,0.9185500030517578
34603.025000019,0.778,0.9325500030517578
34619.455000036396,0.772,0.9405500030517578
34637.54000002518,0.762,0.9525500030517579
34653.01500004716,0.756,0.9605500030517579
34669.45500002429,0.75,0.9645500030517579
34686.03000004031,0.746,0.9665500030517579
34703.20500002708,0.744,0.9685500030517578
34786.12000000477,0.744,0.9705500030517578
34802.72500001639,0.742,0.9705500030517578
34820.510000048205,0.74,0.9705500030517578
34836.37500001304,0.736,0.9705500030517578
34853.10500004515,0.73,0.9725500030517578
34869.49500004947,0.72,0.9705500030517578
34886.180000030436,0.706,0.9705500030517578
34903.045000042766,0.692,0.9705500030517578
34919.67000003159,0.672,0.9685500030517578
34935.9700000491,0.656,0.9665500030517579
34953.345000045374,0.634,0.9645500030517579
34969.6000000108,0.618,0.9645500030517579
34986.40500003286,0.596,0.9645500030517579
35003.07500001509,0.582,0.9645500030517579
35019.71500000171,0.564,0.9665500030517579
35036.14000003971,0.554,0.9665500030517579
35053.27500001341,0.546,0.9685500030517578
35069.70000005141,0.542,0.9685500030517578
35087.385000020266,0.54,0.9685500030517578
35119.97500003781,0.538,0.9685500030517578
35136.41500001587,0.538,0.9665500030517579
35153.16000004485,0.538,0.9625500030517579
35169.71500002593,0.536,0.9565500030517579
35185.91000000015,0.536,0.9485500030517579
35203.03500001319,0.532,0.9345500030517578
35219.70499999635,0.528,0.9165500030517578
35236.390000034124,0.524,0.9025500030517578
35252.5449999962,0.522,0.8925500030517578
35269.69500002451,0.522,0.8865500030517578
35286.39000002295,0.52,0.8825500030517578
35320.14500000514,0.52,0.8805500030517578
35336.624999996275,0.518,0.8805500030517578
35369.14500000421,0.514,0.8805500030517578
35387.38000002876,0.51,0.8865500030517578
35402.630000025965,0.502,0.8945500030517578
35419.68000004999,0.496,0.9005500030517578
35436.425000021234,0.486,0.9125500030517578
35453.145000035875,0.48,0.9205500030517578
35469.71000003442,0.474,0.9285500030517578
35486.13000003435,0.472,0.9325500030517578
35503.07999999449,0.47,0.9345500030517578
35519.69500002451,0.47,0.9365500030517578
35536.39500000328,0.47,0.9345500030517578
35552.98500001617,0.472,0.9265500030517578
35569.4600000279,0.472,0.9205500030517578
35586.85000002198,0.472,0.9085500030517578
35603.065000032075,0.47,0.8985500030517578
35619.730000034906,0.47,0.8845500030517578
35635.975000040606,0.468,0.8765500030517578
35653.040000004694,0.466,0.8645500030517578
35669.634999997914,0.464,0.8585500030517578
35686.40000000596,0.462,0.8545500030517578
35703.05000001099,0.462,0.8505500030517578
35736.08000000194,0.464,0.8485500030517578
35753.385000047274,0.47,0.8465500030517578
35769.720000039786,0.478,0.8445500030517578
35786.41000000015,0.486,0.8425500030517579
35802.85000003688,0.5,0.8385500030517579
35819.37500002049,0.51,0.8365500030517579
35836.51500003226,0.522,0.8325500030517579
35853.015000000596,0.53,0.8305500030517579
35871.07500003185,0.534,0.8305500030517579
35886.28500001505,0.536,0.8305500030517579
35903.31000002287,0.536,0.8325500030517579
35936.19500001706,0.536,0.8345500030517579
35952.61999999639,0.536,0.8385500030517579
35969.70499999635,0.536,0.8405500030517579
35985.97999999765,0.534,0.8485500030517578
36003.185000037774,0.534,0.8545500030517578
36019.74499999732,0.532,0.8625500030517578
36036.710000014864,0.532,0.8685500030517578
36053.0000000149,0.532,0.8705500030517578
36087.70000003278,0.532,0.8725500030517578
36137.54000002518,0.534,0.8725500030517578
36153.0700000003,0.536,0.8725500030517578
36169.685000030324,0.54,0.8685500030517578
36186.32500001695,0.544,0.8645500030517578
36203.04000005126,0.548,0.8625500030517578
36219.800000021234,0.554,0.8585500030517578
36236.52999999467,0.558,0.8565500030517578
36252.60000000708,0.56,0.8545500030517578
36269.720000039786,0.56,0.8525500030517578
36403.20500003919,0.56,0.8545500030517578
36419.73500000313,0.56,0.8565500030517578
36435.99000002723,0.56,0.8585500030517578
36453.11500004027,0.56,0.8645500030517578
36469.23500002548,0.56,0.8705500030517578
36485.985000035726,0.562,0.8725500030517578
36503.10000003129,0.562,0.8745500030517578
36519.61499999743,0.562,0.8765500030517578
36553.07000002358,0.564,0.8765500030517578
36819.73500002641,0.566,0.8745500030517578
36836.670000048354,0.566,0.8725500030517578
36853.0449999962,0.568,0.8665500030517578
36869.78000000864,0.572,0.8585500030517578
36886.530000017956,0.574,0.8485500030517578
36902.960000036284,0.574,0.8325500030517579
36919.61500002071,0.576,0.8245500030517579
36936.05000001844,0.576,0.8165500030517578
36953.31500004977,0.578,0.8125500030517578
36969.7850000225,0.578,0.8085500030517578
37003.30000003986,0.578,0.8065500030517578
37169.480000040494,0.578,0.8085500030517578
37185.70500001125,0.576,0.8085500030517578
37203.1399999978,0.574,0.8085500030517578
37219.665000040084,0.57,0.8085500030517578
37236.62500001956,0.564,0.8085500030517578
37253.04500001948,0.558,0.8105500030517578
37269.8100000266,0.55,0.8145500030517578
37286.59000003245,0.546,0.8165500030517578
37303.14000003226,0.542,0.8185500030517578
37337.6050000079,0.54,0.8185500030517578
37385.78000001144,0.54,0.8165500030517578
37403.0700000003,0.54,0.8145500030517578
37419.830000028014,0.538,0.8085500030517578
37435.93999999575,0.536,0.8045500030517578
37453.145000035875,0.532,0.7945500030517578
37469.45000003278,0.53,0.7845500030517578
37486.64000001736,0.526,0.7765500030517578
37502.80499999598,0.524,0.7725500030517578
37519.80000000913,0.524,0.7685500030517578
37536.13500000164,0.522,0.7685500030517578
37553.06000000611,0.522,0.7665500030517578
37586.15000004694,0.52,0.7685500030517578
37602.56000002846,0.518,0.7685500030517578
37619.655000045896,0.514,0.7725500030517578
37636.255000019446,0.51,0.7745500030517578
37653.13000004925,0.504,0.7825500030517578
37669.830000028014,0.496,0.7885500030517578
37686.47499999497,0.49,0.7945500030517578
37703.125,0.484,0.7985500030517578
37719.92000000365,0.48,0.8005500030517578
37736.51499999687,0.48,0.8025500030517578
37753.22000001371,0.478,0.8025500030517578
37785.86000000313,0.48,0.8005500030517578
37803.11000003666,0.478,0.7965500030517578
37819.825000013225,0.478,0.7885500030517578
37836.52500004973,0.476,0.7825500030517578
37852.69000002928,0.474,0.7725500030517578
37869.56000002101,0.474,0.7645500030517578
37886.510000040755,0.474,0.7565500030517578
37903.22000003606,0.472,0.7525500030517578
37919.825000047684,0.472,0.7505500030517578
37953.070000046864,0.472,0.7485500030517578
38019.79500002973,0.47,0.7485500030517578
38036.20500001125,0.47,0.7505500030517578
38053.150000050664,0.466,0.7545500030517578
38069.84000001103,0.462,0.7605500030517578
38086.395000049844,0.458,0.7705500030517578
38103.17499999702,0.452,0.7945500030517578
38119.50500001013,0.446,0.8165500030517578
38136.515000020154,0.438,0.8445500030517578
38153.16500002518,0.43,0.8725500030517578
38169.825000047684,0.424,0.8885500030517578
38186.420000041835,0.42,0.9045500030517578
38203.10000004247,0.416,0.9105500030517578
38219.85500003211,0.414,0.9165500030517578
38236.590000044554,0.414,0.9185500030517578
38319.79000003822,0.412,0.9165500030517578
38336.420000007376,0.41,0.9105500030517578
38353.10000000708,0.406,0.9025500030517578
38369.84500003792,0.4,0.8885500030517578
38386.40499999747,0.394,0.8745500030517578
38403.19500002079,0.384,0.8545500030517578
38419.480000040494,0.38,0.8445500030517578
38436.52500002645,0.376,0.8345500030517579
38453.070000046864,0.372,0.8305500030517579
38469.85000005178,0.372,0.8285500030517579
38486.29500000924,0.37,0.8265500030517579
38519.6050000377,0.37,0.8245500030517579
38569.8350000307,0.37,0.8265500030517579
38586.340000038035,0.37,0.8285500030517579
38603.140000021085,0.37,0.8385500030517579
38619.865000015125,0.37,0.8545500030517578
38636.63000002317,0.37,0.8705500030517578
38653.19500002079,0.37,0.8905500030517578
38669.68000004999,0.37,0.9045500030517578
38685.950000014156,0.368,0.9185500030517578
38702.58500002138,0.368,0.9245500030517578
38719.63500004448,0.368,0.9265500030517578
38736.340000003576,0.368,0.9285500030517578
38769.855000020936,0.368,0.9305500030517578
38836.46000002045,0.366,0.9305500030517578
38853.17000001669,0.364,0.9305500030517578
38869.85000001732,0.36,0.9305500030517578
38886.35500002466,0.35,0.9325500030517578
38903.13000004925,0.342,0.9345500030517578
38919.770000036806,0.336,0.9365500030517578
38936.55000004172,0.326,0.9385500030517578
38953.19500000961,0.32,0.9425500030517578
38969.45500001311,0.316,0.9465500030517578
38985.6200000504,0.312,0.9485500030517579
39003.07000003569,0.308,0.9505500030517579
39019.87499999814,0.304,0.9525500030517579
39036.300000036135,0.3,0.9545500030517579
39053.21000004187,0.296,0.9545500030517579
39069.68499999493,0.294,0.9565500030517579
39086.540000047535,0.29,0.9585500030517579
39103.215000010096,0.286,0.9585500030517579
39119.485000032,0.282,0.9605500030517579
39135.960000043735,0.28,0.9605500030517579
39153.21499999799,0.276,0.9625500030517579
39169.915000034496,0.274,0.9625500030517579
39202.965000003576,0.272,0.9605500030517579
39219.72500003129,0.27,0.9585500030517579
39236.44000000786,0.268,0.9525500030517579
39253.14000004437,0.266,0.9465500030517578
39269.87000001781,0.264,0.9405500030517578
39286.27000004053,0.264,0.9365500030517578
39302.815000003204,0.262,0.9325500030517578
39319.93500003591,0.262,0.9305500030517578
39336.55500004534,0.26,0.9285500030517578
39386.41500001587,0.258,0.9285500030517578
39419.88000000082,0.254,0.9325500030517578
39436.38000002876,0.25,0.9385500030517578
39453.200000047684,0.246,0.9445500030517578
39469.69500003569,0.24,0.9525500030517579
39486.56000004895,0.232,0.9605500030517579
39503.03000002168,0.226,0.9645500030517579
39519.57000000402,0.222,0.9665500030517579
39536.46000003256,0.22,0.9685500030517578
39569.890000042506,0.218,0.9685500030517578
39603.065000032075,0.218,0.9705500030517578
39653.20000000112,0.218,0.9685500030517578
39669.58500002511,0.216,0.9685500030517578
39686.574999999255,0.214,0.9665500030517579
39702.82500004396,0.208,0.9625500030517579
39719.72500003129,0.2,0.9525500030517579
39735.97999999765,0.194,0.9465500030517578
39752.72500002757,0.188,0.9425500030517578
39769.560000044294,0.184,0.9405500030517578
39786.58500005305,0.18,0.9385500030517578
39802.66000004485,0.178,0.9385500030517578
39819.94499999564,0.176,0.9385500030517578
39836.125000030734,0.176,0.9365500030517578
39853.15500001889,0.174,0.9365500030517578
39869.9000000488,0.172,0.9385500030517578
39886.105000041425,0.168,0.9405500030517578
39903.245000052266,0.164,0.9445500030517578
39919.45000004489,0.16,0.9485500030517579
39936.0000000447,0.156,0.9545500030517579
39952.64500001259,0.15,0.9605500030517579
39969.91000004299,0.148,0.9645500030517579
39986.40500003286,0.144,0.9685500030517578
40003.1500000041,0.144,0.9705500030517578
40036.37000004575,0.144,0.9725500030517578
40069.26499999873,0.144,0.9705500030517578
40086.60500001907,0.142,0.9665500030517579
40103.2450000057,0.142,0.9585500030517579
40119.89500001073,0.142,0.9485500030517579
40136.44000003114,0.142,0.9325500030517578
40152.69000001717,0.144,0.9225500030517578
40169.92000001483,0.148,0.9125500030517578
40186.71000003815,0.148,0.9085500030517578
40203.18500004895,0.15,0.9045500030517578
40236.65500001516,0.15,0.9025500030517578
40269.93500004709,0.148,0.9025500030517578
40320.865000016056,0.144,0.9025500030517578
40337.13500003796,0.142,0.9025500030517578
40353.270000021905,0.136,0.9025500030517578
40369.60500001442,0.13,0.9005500030517578
40387.45000003837,0.124,0.8985500030517578
40403.99500000104,0.118,0.8985500030517578
40421.17500002496,0.114,0.8965500030517578
40436.425000021234,0.11,0.8945500030517578
40569.88500000443,0.11,0.8925500030517578
40587.375000002794,0.112,0.8925500030517578
40604.6650000494,0.114,0.8885500030517578
40619.88000001293,0.116,0.8865500030517578
40637.405000044964,0.12,0.8845500030517578
40653.9150000317,0.12,0.8825500030517578
40671.400000050664,0.12,0.8805500030517578
40686.500000011176,0.12,0.8785500030517578
40703.7200000491,0.12,0.8765500030517578
40721.45000001229,0.118,0.8745500030517578
40736.890000000596,0.118,0.8725500030517578
40753.29500000179,0.116,0.8705500030517578
40770.605000026524,0.114,0.8665500030517578
40786.62500000745,0.112,0.8645500030517578
40803.450000006706,0.11,0.8645500030517578
40820.999999996275,0.108,0.8605500030517578
40838.30000000261,0.104,0.8585500030517578
40870.67000003345,0.102,0.8565500030517578
40904.17500003241,0.1,0.8565500030517578
40969.885000027716,0.1,0.8545500030517578
40986.335000023246,0.102,0.8565500030517578
41003.255000047386,0.102,0.8545500030517578
41020.550000015646,0.104,0.8545500030517578
41053.94000001252,0.106,0.8525500030517578
41070.63000003062,0.108,0.8505500030517578
41086.550000007264,0.108,0.8485500030517578
41104.87000003923,0.108,0.8445500030517578
41119.96500002034,0.108,0.8425500030517579
41137.59500003606,0.106,0.8385500030517579
41153.74500001781,0.104,0.8345500030517579
41170.64500000514,0.102,0.8305500030517579
41186.60499999486,0.1,0.8285500030517579
41203.88000004459,0.098,0.8265500030517579
41220.06500000134,0.096,0.8265500030517579
41237.65500000492,0.094,0.8245500030517579
41253.32499999739,0.094,0.8225500030517578
41269.87000001781,0.092,0.8225500030517578
41303.87500004098,0.09,0.8205500030517578
41336.33000002056,0.088,0.8205500030517578
41353.82499999832,0.086,0.8185500030517578
41369.91000000853,0.084,0.8165500030517578
41386.43500005081,0.084,0.8145500030517578
41403.675000008196,0.082,0.8125500030517578
41437.63500003889,0.08,0.8125500030517578
41454.42500000354,0.08,0.8105500030517578
41471.47500002757,0.082,0.8125500030517578
41570.53000002634,0.082,0.8145500030517578
41586.545000027865,0.082,0.8185500030517578
41603.2400000263,0.084,0.8265500030517579
41620.010000012815,0.086,0.8385500030517579
41636.42500003334,0.088,0.8545500030517578
41653.235000034794,0.09,0.8665500030517578
41669.850000005215,0.09,0.8765500030517578
41687.5100000184,0.094,0.8905500030517578
41703.93499999773,0.096,0.9045500030517578
41721.00499999896,0.098,0.9125500030517578
41736.56500002835,0.102,0.9225500030517578
41753.67000000551,0.104,0.9285500030517578
41770.65000002086,0.106,0.9345500030517578
41786.93500003964,0.106,0.9385500030517578
41803.35500003956,0.108,0.9425500030517578
41820.520000008866,0.108,0.9485500030517579
41837.47000002768,0.11,0.9525500030517579
41855.7750000041,0.11,0.9565500030517579
41871.08000001125,0.11,0.9585500030517579
41886.60000002757,0.11,0.9625500030517579
41903.56000000611,0.112,0.9645500030517579
41954.7750000488,0.112,0.9665500030517579
42036.51500004344,0.11,0.9665500030517579
42070.40000002645,0.108,0.9665500030517579
42087.05500001088,0.104,0.9665500030517579
42103.94000000134,0.098,0.9665500030517579
42120.480000041425,0.092,0.9665500030517579
42136.84500003047,0.086,0.9665500030517579
42153.35999999661,0.08,0.9665500030517579
42171.09000001848,0.074,0.9665500030517579
42186.500000011176,0.07,0.9685500030517578
42203.350000025705,0.066,0.9685500030517578
42237.52000002377,0.064,0.9705500030517578
42270.050000050105,0.064,0.9685500030517578
42303.47000004258,0.062,0.9665500030517579
42320.025000022724,0.06,0.9625500030517579
42337.580000050366,0.058,0.9565500030517579
42353.965000016615,0.054,0.9445500030517578
42370.680000050925,0.05,0.9305500030517578
42387.750000052154,0.048,0.9205500030517578
42404.57500005141,0.046,0.9085500030517578
42421.20000004023,0.046,0.9025500030517578
42436.52000004612,0.044,0.8965500030517578
42453.46500002779,0.044,0.8945500030517578
42471.515000041574,0.044,0.8925500030517578
42537.9800000228,0.044,0.8945500030517578
42553.515000035986,0.046,0.8965500030517578
42570.01000002492,0.05,0.9025500030517578
42586.540000047535,0.056,0.9085500030517578
42604.56500004511,0.062,0.9145500030517578
42619.81000000425,0.066,0.9185500030517578
42637.485000014305,0.074,0.9265500030517578
42654.3300000485,0.08,0.9345500030517578
42671.06500000227,0.084,0.9385500030517578
42686.51500000805,0.088,0.9405500030517578
42703.86000000872,0.092,0.9405500030517578
42719.95500003733,0.094,0.9425500030517578
42769.82500002533,0.094,0.9405500030517578
42787.405000010505,0.096,0.9405500030517578
42819.92500001751,0.098,0.9405500030517578
42836.820000026375,0.1,0.9385500030517578
42853.95499999821,0.104,0.9385500030517578
