0,0.6,0.9085500030517578
16.30500005558133,0.594,0.9145500030517578
33.08000002242625,0.59,0.9185500030517578
50.46500003710389,0.588,0.9205500030517578
67.53000000026077,0.586,0.9165500030517578
83.18500005453825,0.582,0.9105500030517578
100.80500005278736,0.574,0.8925500030517578
116.50500004179776,0.568,0.8665500030517578
133.32000002264977,0.562,0.8465500030517578
149.2400000570342,0.556,0.8265500030517579
166.43500002101064,0.548,0.8045500030517578
183.6050000274554,0.542,0.7925500030517578
200.0100000295788,0.54,0.7865500030517578
215.7200000360608,0.536,0.7805500030517578
249.34500001836568,0.542,0.7785500030517578
266.64500002563,0.556,0.7785500030517578
283.2600000547245,0.574,0.7785500030517578
300.73000001721084,0.6,0.7805500030517578
316.34000001940876,0.624,0.7805500030517578
333.21000001206994,0.654,0.7805500030517578
350.1400000527501,0.67,0.7805500030517578
366.65500001981854,0.686,0.7805500030517578
383.170000044629,0.69,0.7825500030517578
400.775000045076,0.688,0.7885500030517578
416.6000000555068,0.68,0.7945500030517578
433.22500004433095,0.664,0.8105500030517578
449.93000000249594,0.642,0.8285500030517579
466.31500002741814,0.626,0.8405500030517579
483.1350000463426,0.612,0.8505500030517578
500.8050000183284,0.606,0.8545500030517578
516.5800000540912,0.606,0.8565500030517578
534.2950000194833,0.616,0.8565500030517578
549.9900000281632,0.63,0.8565500030517578
566.6100000385195,0.644,0.8585500030517578
583.2900000382215,0.664,0.8605500030517578
599.9250000454485,0.68,0.8625500030517578
616.3200000301003,0.69,0.8625500030517578
633.2150000380352,0.696,0.8645500030517578
649.9800000451505,0.7,0.8645500030517578
666.4300000406802,0.702,0.8665500030517578
683.0950000435114,0.7,0.8665500030517578
700.5700000450015,0.698,0.8645500030517578
716.5400000521913,0.696,0.8605500030517578
733.3050000015646,0.698,0.8485500030517578
750.4450000124052,0.7,0.8265500030517579
767.5450000092387,0.704,0.8045500030517578
783.1250000167638,0.71,0.7805500030517578
800.0200000237674,0.716,0.7565500030517578
816.5800000429153,0.718,0.7405500030517578
833.2900000382215,0.718,0.7365500030517578
849.1450000442564,0.714,0.7325500030517578
866.4750000461936,0.708,0.7305500030517578
883.2300000358373,0.698,0.7305500030517578
900.7950000232086,0.686,0.7305500030517578
916.714999999851,0.666,0.7325500030517578
932.5800000224262,0.65,0.7325500030517578
950.055000022985,0.626,0.7305500030517578
966.5500000119209,0.604,0.7245500030517578
983.2800000440329,0.586,0.7185500030517578
1000.5050000036135,0.564,0.7105500030517579
1016.5700000356883,0.55,0.7045500030517579
1033.250000037253,0.536,0.6965500030517578
1049.9249999988824,0.53,0.6905500030517578
1066.6450000135228,0.526,0.6825500030517578
1083.640000026673,0.522,0.6785500030517578
1100.025000050664,0.518,0.6765500030517578
1116.675000055693,0.51,0.6765500030517578
1133.7950000306591,0.496,0.6825500030517578
1149.280000012368,0.48,0.6925500030517578
1166.6800000239164,0.452,0.7105500030517579
1182.910000031814,0.432,0.7285500030517578
1199.8650000318885,0.408,0.7505500030517578
1216.6300000390038,0.392,0.7665500030517578
1233.0750000551343,0.386,0.7745500030517578
1250.0250000152737,0.382,0.7805500030517578
1266.245000006631,0.382,0.7825500030517578
1283.3450000034645,0.384,0.7865500030517578
1299.8550000488758,0.396,0.7865500030517578
1316.6950000450015,0.406,0.7865500030517578
1332.8600000236183,0.42,0.7885500030517578
1349.9650000017136,0.434,0.7885500030517578
1366.5900000482798,0.444,0.7905500030517578
1383.3050000248477,0.448,0.7925500030517578
1400.7350000320002,0.452,0.7945500030517578
1416.495000012219,0.454,0.7965500030517578
1433.045000012964,0.454,0.8005500030517578
1450.0200000479817,0.452,0.8025500030517578
1465.580000018701,0.448,0.8085500030517578
1482.7100000111386,0.444,0.8125500030517578
1500.0450000520796,0.438,0.8165500030517578
1516.5300000226125,0.432,0.8245500030517579
1533.4350000489503,0.428,0.8305500030517579
1549.0200000349432,0.426,0.8385500030517579
1566.4850000180304,0.422,0.8505500030517578
1582.715000025928,0.418,0.8585500030517578
1600.0600000265986,0.418,0.8625500030517578
1616.5299999993294,0.418,0.8645500030517578
1633.060000021942,0.42,0.8645500030517578
1649.8450000071898,0.424,0.8665500030517578
1666.525000007823,0.43,0.8645500030517578
1683.9700000127777,0.444,0.8625500030517578
1699.3850000435486,0.458,0.8585500030517578
1716.3150000274181,0.476,0.8545500030517578
1732.975000049919,0.484,0.8505500030517578
1749.8100000079721,0.49,0.8445500030517578
1766.5400000400841,0.494,0.8425500030517579
1833.2650000229478,0.494,0.8485500030517578
1849.6700000250712,0.492,0.8605500030517578
1866.3200000301003,0.49,0.8725500030517578
1883.1050000153482,0.488,0.8845500030517578
1900.0500000547618,0.486,0.9025500030517578
1916.5450000436977,0.48,0.9165500030517578
1933.5100000025705,0.478,0.9265500030517578
1949.8550000134856,0.474,0.9365500030517578
1966.590000025928,0.472,0.9405500030517578
1983.310000039637,0.472,0.9445500030517578
2050.025000004098,0.474,0.9425500030517578
2066.565000044182,0.478,0.9405500030517578
2083.375000045635,0.486,0.9365500030517578
2099.0250000031665,0.494,0.9325500030517578
2116.605000047013,0.506,0.9265500030517578
2133.0250000469387,0.512,0.9245500030517578
2149.995000043884,0.518,0.9225500030517578
2166.5950000174344,0.522,0.9225500030517578
2182.855000020936,0.524,0.9225500030517578
2216.4750000229105,0.526,0.9245500030517578
2233.7700000498444,0.524,0.9265500030517578
2249.2900000065565,0.524,0.9305500030517578
2266.3550000283867,0.522,0.9365500030517578
2284.165000019595,0.522,0.9445500030517578
2300.0700000561774,0.522,0.9505500030517579
2316.5400000289083,0.524,0.9565500030517579
2333.325000014156,0.526,0.9585500030517579
2349.140000006184,0.53,0.9605500030517579
2366.400000057183,0.534,0.9625500030517579
2383.3850000519305,0.54,0.9645500030517579
2400.3800000064075,0.546,0.9665500030517579
2415.705000050366,0.55,0.9665500030517579
2433.1050000041723,0.552,0.9665500030517579
2450.6950000068173,0.554,0.9665500030517579
2500.6000000284985,0.554,0.9685500030517578
2516.8300000373274,0.552,0.9685500030517578
2567.8000000193715,0.548,0.9685500030517578
2583.180000016466,0.544,0.9685500030517578
2600.760000001639,0.53,0.9705500030517578
2617.710000020452,0.516,0.9725500030517578
2633.4500000234693,0.494,0.9765500030517578
2650.470000050962,0.472,0.9805500030517578
2666.895000031218,0.456,0.9845500030517578
2683.405000017956,0.442,0.9865500030517578
2699.8850000090897,0.434,0.9865500030517578
2717.7550000492483,0.428,0.9865500030517578
2733.1400000257418,0.426,0.9865500030517578
2750.7949999999255,0.424,0.9845500030517578
2801.370000001043,0.422,0.9825500030517578
2817.2900000354275,0.42,0.9805500030517578
2834.7800000337884,0.412,0.9745500030517578
2850.9600000102073,0.406,0.9665500030517579
2867.725000018254,0.396,0.9525500030517579
2883.225000055507,0.39,0.9425500030517578
2900.6950000189245,0.386,0.9285500030517578
2918.1500000413507,0.384,0.9225500030517578
2933.4600000288337,0.382,0.9165500030517578
2949.9600000567734,0.38,0.9145500030517578
2968.210000021383,0.378,0.9145500030517578
2983.875000034459,0.374,0.9125500030517578
3000.515000021085,0.368,0.9145500030517578
3017.7600000165403,0.358,0.9185500030517578
3033.4750000033528,0.348,0.9265500030517578
3050.445000000298,0.336,0.9385500030517578
3067.0300000347197,0.326,0.9465500030517578
3084.1600000280887,0.318,0.9585500030517579
3100.470000004396,0.314,0.9645500030517579
3117.7600000519305,0.312,0.9685500030517578
3168.265000043437,0.31,0.9665500030517579
3184.5650000032037,0.306,0.9625500030517579
3200.2650000508875,0.298,0.9525500030517579
3217.060000053607,0.288,0.9405500030517578
3233.500000031665,0.276,0.9225500030517578
3250.6000000284985,0.266,0.9065500030517578
3268.000000040047,0.256,0.8825500030517578
3284.5200000442564,0.25,0.8525500030517578
3300.590000057593,0.25,0.8305500030517579
3317.1800000127405,0.256,0.8085500030517578
3334.6600000513718,0.268,0.7845500030517578
3350.4650000249967,0.284,0.7645500030517578
3367.0400000410154,0.296,0.7525500030517578
3384.1450000181794,0.308,0.7465500030517578
3400.6400000071153,0.316,0.7445500030517578
3417.560000030324,0.326,0.7465500030517578
3433.0950000435114,0.33,0.7505500030517578
3451.505000004545,0.334,0.7545500030517578
3467.1650000382215,0.334,0.7585500030517578
3484.485000022687,0.336,0.7625500030517578
3500.010000018403,0.336,0.7645500030517578
3550.5750000011176,0.334,0.7645500030517578
3567.780000041239,0.334,0.7665500030517578
3583.1650000177324,0.33,0.7685500030517578
3599.8600000161678,0.324,0.7765500030517578
3617.060000019148,0.318,0.7845500030517578
3633.4250000072643,0.308,0.8005500030517578
3650.150000001304,0.298,0.8205500030517578
3666.830000001937,0.29,0.8345500030517579
3683.8800000259653,0.284,0.8465500030517578
3700.4900000169873,0.284,0.8525500030517578
3717.4300000183284,0.29,0.8545500030517578
3734.5900000073016,0.298,0.8545500030517578
3750.5550000350922,0.31,0.8545500030517578
3767.355000018142,0.322,0.8545500030517578
3784.715000016615,0.334,0.8545500030517578
3800.4500000383705,0.342,0.8545500030517578
3817.740000028163,0.35,0.8545500030517578
3833.105000026524,0.352,0.8545500030517578
3850.650000036694,0.354,0.8545500030517578
3900.0550000350922,0.352,0.8545500030517578
3916.8600000552833,0.35,0.8525500030517578
3933.4700000472367,0.348,0.8485500030517578
3950.63000003621,0.346,0.8425500030517579
3967.725000053644,0.342,0.8265500030517579
3983.170000021346,0.342,0.8125500030517578
4000.7500000065193,0.344,0.7905500030517578
4017.7050000056624,0.346,0.7765500030517578
4034.135000023991,0.352,0.7585500030517578
4049.7550000436604,0.356,0.7425500030517578
4068.0000000279397,0.36,0.7325500030517578
4083.365000028163,0.362,0.7245500030517578
4100.930000014603,0.364,0.7185500030517578
4117.755000013858,0.364,0.7165500030517579
4133.475000038743,0.366,0.7165500030517579
4151.455000042915,0.368,0.7185500030517578
4199.730000050738,0.37,0.7165500030517579
4250.105000043288,0.372,0.7145500030517579
4283.560000010766,0.37,0.7145500030517579
4384.780000021681,0.368,0.7045500030517579
4399.7599999997765,0.366,0.6945500030517578
4416.905000049621,0.362,0.6845500030517578
4434.555000043474,0.354,0.6685500030517578
4450.165000045672,0.346,0.6565500030517578
4466.830000048503,0.336,0.6505500030517578
4484.665000054985,0.322,0.6485500030517578
4500.915000040084,0.31,0.6505500030517578
4517.785000032745,0.292,0.6545500030517578
4534.175000037067,0.276,0.6605500030517578
4551.300000050105,0.258,0.6705500030517578
4566.650000051595,0.246,0.6765500030517578
4583.505000045523,0.236,0.6805500030517578
4600.680000032298,0.232,0.6825500030517578
4617.980000039563,0.228,0.6845500030517578
4633.745000056922,0.228,0.6865500030517578
4666.84000002034,0.226,0.6865500030517578
4684.115000011399,0.222,0.6865500030517578
4701.515000022948,0.212,0.6885500030517578
4716.890000039712,0.198,0.6925500030517578
4733.535000006668,0.176,0.7025500030517579
4750.495000043884,0.16,0.7105500030517579
4767.710000043735,0.14,0.7205500030517578
4783.295000029728,0.128,0.7265500030517578
4800.50500005018,0.122,0.7305500030517578
4817.4700000090525,0.12,0.7325500030517578
4834.575000043958,0.124,0.7345500030517578
4850.200000043958,0.138,0.7365500030517578
4866.820000054315,0.152,0.7365500030517578
4883.840000024065,0.176,0.7365500030517578
4900.9350000415,0.194,0.7365500030517578
4917.740000003949,0.216,0.7365500030517578
4933.500000042841,0.226,0.7365500030517578
4951.265000039712,0.234,0.7385500030517578
4967.0550000155345,0.236,0.7385500030517578
4984.210000024177,0.236,0.7445500030517578
5000.74000004679,0.232,0.7485500030517578
5017.9250000510365,0.228,0.7525500030517578
5033.395000034943,0.222,0.7585500030517578
5050.195000017993,0.216,0.7625500030517578
5066.825000045821,0.21,0.7685500030517578
5083.520000044256,0.206,0.7745500030517578
5100.195000005886,0.2,0.7845500030517578
5116.815000016242,0.198,0.7945500030517578
5133.339999999851,0.194,0.8045500030517578
5150.200000032783,0.194,0.8105500030517578
5167.905000038445,0.194,0.8125500030517578
5200.3500000573695,0.194,0.8145500030517578
5217.265000043437,0.192,0.8125500030517578
5249.700000043958,0.188,0.8105500030517578
5266.850000014529,0.182,0.8105500030517578
5283.245000056922,0.174,0.8085500030517578
5300.5850000195205,0.164,0.8065500030517578
5316.855000041425,0.152,0.8025500030517578
5333.365000028163,0.144,0.8005500030517578
5349.900000030175,0.134,0.7945500030517578
5366.59000004828,0.13,0.7905500030517578
5383.530000049621,0.128,0.7885500030517578
5400.2100000511855,0.126,0.7845500030517578
5417.580000008456,0.124,0.7845500030517578
5468.275000050664,0.126,0.7845500030517578
5484.585000026971,0.126,0.7825500030517578
5566.845000023022,0.126,0.7805500030517578
5583.1200000252575,0.126,0.7785500030517578
5600.515000056475,0.124,0.7765500030517578
5617.765000032261,0.122,0.7785500030517578
5634.22000000719,0.118,0.7805500030517578
5650.180000055581,0.114,0.7905500030517578
5666.615000052378,0.11,0.8005500030517578
5683.490000024438,0.108,0.8145500030517578
5700.385000033304,0.106,0.8225500030517578
5716.815000050701,0.108,0.8325500030517579
5733.87000005506,0.112,0.8425500030517579
5750.6250000447035,0.116,0.8485500030517578
5766.705000016838,0.124,0.8525500030517578
5783.530000015162,0.136,0.8565500030517578
5800.205000035465,0.152,0.8565500030517578
5817.640000022948,0.164,0.8545500030517578
5833.250000025146,0.176,0.8505500030517578
5850.780000036582,0.186,0.8465500030517578
5867.685000004247,0.192,0.8445500030517578
5900.180000055581,0.194,0.8445500030517578
5916.595000017434,0.192,0.8445500030517578
5933.500000042841,0.19,0.8425500030517579
5950.22000005655,0.188,0.8425500030517579
6168.285000021569,0.19,0.8405500030517579
6184.60000003688,0.194,0.8385500030517579
6200.250000052154,0.196,0.8345500030517579
6217.0550000155345,0.198,0.8345500030517579
6234.185000007972,0.2,0.8325500030517579
6367.010000045411,0.2,0.8345500030517579
6384.190000011586,0.202,0.8405500030517579
6400.250000005588,0.204,0.8465500030517578
6417.915000056848,0.206,0.8565500030517578
6433.375000022352,0.21,0.8645500030517578
6450.185000022873,0.212,0.8685500030517578
6467.050000036135,0.212,0.8725500030517578
6483.505000011064,0.214,0.8745500030517578
6501.420000044629,0.216,0.8765500030517578
6533.3450000034645,0.216,0.8785500030517578
6600.175000028685,0.214,0.8805500030517578
6616.930000018328,0.21,0.8805500030517578
6633.505000034347,0.202,0.8845500030517578
6650.245000026189,0.19,0.8885500030517578
6666.830000001937,0.182,0.8945500030517578
6684.475000016391,0.17,0.9025500030517578
6700.720000023022,0.164,0.9065500030517578
6716.925000015646,0.158,0.9105500030517578
6733.415000024252,0.156,0.9125500030517578
6750.565000053495,0.156,0.9145500030517578
6816.8900000164285,0.154,0.9125500030517578
6833.250000025146,0.152,0.9105500030517578
6850.350000021979,0.146,0.9065500030517578
6867.755000013858,0.14,0.8985500030517578
6883.525000011548,0.136,0.8925500030517578
6900.545000040904,0.132,0.8905500030517578
6917.350000003353,0.13,0.8885500030517578
6934.735000017099,0.13,0.8865500030517578
6983.080000034533,0.128,0.8885500030517578
7000.06000004895,0.128,0.8925500030517578
7016.950000019744,0.126,0.8985500030517578
7033.620000001974,0.124,0.9045500030517578
7050.260000047274,0.122,0.9105500030517578
7067.100000044331,0.12,0.9165500030517578
7083.580000035465,0.12,0.9225500030517578
7100.920000055805,0.12,0.9265500030517578
7117.125000048429,0.12,0.9305500030517578
7150.225000048056,0.12,0.9325500030517578
7166.680000023916,0.122,0.9305500030517578
7184.550000005402,0.124,0.9305500030517578
7200.245000014082,0.128,0.9325500030517578
7216.95500001125,0.134,0.9325500030517578
7233.530000027269,0.144,0.9305500030517578
7250.455000029877,0.156,0.9305500030517578
7267.755000037141,0.17,0.9265500030517578
7283.270000014454,0.18,0.9245500030517578
7300.2550000092015,0.192,0.9225500030517578
7317.230000044219,0.2,0.9205500030517578
7333.635000046343,0.204,0.9185500030517578
7351.420000020415,0.206,0.9185500030517578
7400.1850000349805,0.208,0.9185500030517578
7416.915000008419,0.208,0.9205500030517578
7433.750000026077,0.206,0.9225500030517578
7450.290000008419,0.206,0.9245500030517578
7467.110000027344,0.206,0.9305500030517578
7484.175000049174,0.204,0.9365500030517578
7500.305000051856,0.202,0.9445500030517578
7516.970000054687,0.2,0.9465500030517578
7534.545000001788,0.2,0.9485500030517579
7566.930000029504,0.2,0.9505500030517579
7633.100000035018,0.198,0.9505500030517579
7650.550000020303,0.196,0.9505500030517579
7667.25500003621,0.19,0.9525500030517579
7683.100000023842,0.184,0.9545500030517579
7700.235000055283,0.174,0.9565500030517579
7716.980000026524,0.158,0.9605500030517579
7733.620000014082,0.146,0.9625500030517579
7750.300000013784,0.126,0.9645500030517579
7767.06500002183,0.114,0.9645500030517579
7784.7400000318885,0.1,0.9625500030517579
7800.405000045896,0.09,0.9585500030517579
7817.900000023656,0.076,0.9485500030517579
7833.5100000258535,0.066,0.9385500030517578
7850.790000054985,0.06,0.9285500030517578
7866.72500002943,0.058,0.9205500030517578
7883.655000012368,0.058,0.9065500030517578
7900.270000042394,0.06,0.8965500030517578
7916.930000007153,0.064,0.8925500030517578
7933.4400000516325,0.066,0.8885500030517578
7950.470000039786,0.066,0.8865500030517578
7966.990000044927,0.068,0.8865500030517578
7999.470000038855,0.066,0.8865500030517578
8050.285000004806,0.066,0.8845500030517578
8199.845000053756,0.07,0.8865500030517578
8216.685000050813,0.074,0.8885500030517578
8233.59500005655,0.078,0.8905500030517578
8250.040000014007,0.082,0.8925500030517578
8266.595000051893,0.084,0.8925500030517578
8283.760000020266,0.086,0.8945500030517578
8300.30500004068,0.088,0.8945500030517578
8433.63500002306,0.088,0.8925500030517578
8450.260000012815,0.086,0.8885500030517578
8466.995000024326,0.084,0.8805500030517578
8482.970000011846,0.084,0.8725500030517578
8500.390000000596,0.082,0.8645500030517578
8517.000000050291,0.082,0.8585500030517578
8549.815000034869,0.082,0.8565500030517578
8567.115000041202,0.08,0.8565500030517578
8583.600000012666,0.08,0.8545500030517578
8600.4950000206,0.078,0.8545500030517578
8617.910000029951,0.076,0.8545500030517578
8633.435000024736,0.072,0.8545500030517578
8650.325000053272,0.066,0.8525500030517578
8667.020000051707,0.056,0.8525500030517578
8683.545000036247,0.048,0.8505500030517578
8700.275000009686,0.04,0.8505500030517578
8716.815000050701,0.036,0.8505500030517578
8733.47500001546,0.034,0.8485500030517578
8767.000000050291,0.032,0.8485500030517578
8816.675000009127,0.032,0.8505500030517578
8833.705000055954,0.032,0.8545500030517578
8850.255000055768,0.03,0.8665500030517578
8867.010000045411,0.03,0.8785500030517578
8883.250000013039,0.028,0.8925500030517578
8900.525000004098,0.024,0.9065500030517578
8917.010000033304,0.022,0.9185500030517578
8933.71000001207,0.02,0.9245500030517578
8950.08500001859,0.02,0.9265500030517578
8966.780000017025,0.02,0.9285500030517578
9033.130000054836,0.02,0.9265500030517578
9066.980000003241,0.02,0.9245500030517578
9083.710000035353,0.02,0.9225500030517578
9100.240000000224,0.018,0.9165500030517578
9116.970000032336,0.016,0.9065500030517578
9133.085000038147,0.016,0.8845500030517578
9150.340000051074,0.014,0.8645500030517578
9167.025000032037,0.016,0.8425500030517579
9183.640000002459,0.016,0.8245500030517579
9200.330000021495,0.018,0.8165500030517578
9216.830000048503,0.018,0.8085500030517578
9233.690000022762,0.018,0.8045500030517578
9250.305000051856,0.018,0.8025500030517578
9267.940000048839,0.018,0.8005500030517578
9466.985000006855,0.02,0.7985500030517578
9483.300000021234,0.026,0.7985500030517578
9499.610000057146,0.034,0.7945500030517578
9516.925000003539,0.04,0.7925500030517578
9533.71500002686,0.048,0.7885500030517578
9550.220000034198,0.052,0.7885500030517578
9567.050000011921,0.054,0.7885500030517578
9650.370000046678,0.054,0.7905500030517578
9667.050000047311,0.052,0.7945500030517578
9683.490000024438,0.05,0.7985500030517578
9700.680000009015,0.046,0.8065500030517578
9717.64000004623,0.044,0.8145500030517578
9733.315000019968,0.044,0.8165500030517578
9750.365000043064,0.042,0.8185500030517578
9783.060000045225,0.042,0.8205500030517578
9800.485000014305,0.044,0.8205500030517578
9817.02500005439,0.044,0.8185500030517578
9833.835000055842,0.05,0.8145500030517578
9850.370000000112,0.056,0.8065500030517578
9867.600000055507,0.066,0.7965500030517578
9883.635000035167,0.074,0.7885500030517578
9901.21000004001,0.08,0.7805500030517578
9916.890000050887,0.084,0.7765500030517578
9933.71000001207,0.086,0.7745500030517578
9967.020000040531,0.086,0.7725500030517578
10033.700000029057,0.086,0.7705500030517578
10050.390000047162,0.082,0.7645500030517578
10066.90500001423,0.078,0.7565500030517578
10083.545000001788,0.074,0.7465500030517578
10100.375000038184,0.066,0.7325500030517578
10117.075000016019,0.058,0.7185500030517578
10133.705000043847,0.054,0.7105500030517579
10150.39000002481,0.052,0.7065500030517579
10166.974999999627,0.052,0.7045500030517579
10184.74500003457,0.05,0.7025500030517579
10232.990000047721,0.05,0.7065500030517579
10250.2000000095,0.048,0.7165500030517579
10267.080000019632,0.046,0.7265500030517578
10283.740000043064,0.042,0.7345500030517578
10300.430000003427,0.036,0.7425500030517578
10316.620000055991,0.034,0.7465500030517578
10333.645000006072,0.032,0.7505500030517578
10383.025000046939,0.032,0.7485500030517578
10400.170000037178,0.032,0.7405500030517578
10416.735000034794,0.032,0.7305500030517578
10433.735000027344,0.032,0.7125500030517579
10450.410000048578,0.034,0.6905500030517578
10467.075000051409,0.034,0.6765500030517578
10483.415000024252,0.036,0.6645500030517578
10500.530000019819,0.036,0.6585500030517578
10517.100000055507,0.036,0.6545500030517578
10549.670000037178,0.036,0.6525500030517578
10599.585000017658,0.04,0.6525500030517578
10617.090000014752,0.048,0.6505500030517578
10633.570000005886,0.062,0.6485500030517578
10650.150000001304,0.084,0.6445500030517578
10667.085000023246,0.108,0.6385500030517578
10683.930000057444,0.124,0.6325500030517578
10700.385000033304,0.138,0.6285500030517578
10716.899999999441,0.144,0.6265500030517578
10733.655000047758,0.146,0.6265500030517578
10767.080000019632,0.144,0.6285500030517578
10783.665000053123,0.138,0.6365500030517578
10800.205000035465,0.132,0.6445500030517578
10816.95500004571,0.122,0.6565500030517578
10833.76000000909,0.112,0.6725500030517578
10850.340000004508,0.102,0.6845500030517578
10866.900000022724,0.098,0.6905500030517578
10883.675000048243,0.096,0.6945500030517578
10966.4000000339,0.098,0.6925500030517578
10983.670000044629,0.102,0.6865500030517578
11000.435000052676,0.11,0.6785500030517578
11017.100000055507,0.12,0.6685500030517578
11033.575000008568,0.13,0.6585500030517578
11050.165000022389,0.146,0.6445500030517578
11067.045000032522,0.158,0.6345500030517578
11083.730000013486,0.162,0.6305500030517578
11100.35000002198,0.166,0.6285500030517578
11116.955000033602,0.168,0.6285500030517578
11133.150000008754,0.168,0.6305500030517578
11250.405000057071,0.168,0.6325500030517578
11266.755000047386,0.168,0.6345500030517578
11283.805000013672,0.172,0.6405500030517578
11300.530000007711,0.174,0.6465500030517578
11317.090000025928,0.178,0.6525500030517578
11333.645000006072,0.18,0.6585500030517578
11350.195000005886,0.182,0.6605500030517578
11366.760000004433,0.184,0.6605500030517578
11383.785000013188,0.184,0.6625500030517578
11433.01500001736,0.186,0.6605500030517578
11450.455000041984,0.188,0.6525500030517578
11466.925000015646,0.194,0.6405500030517578
11483.025000022724,0.202,0.6285500030517578
11500.450000050478,0.212,0.6125500030517578
11516.580000054091,0.22,0.6025500030517578
11533.835000009276,0.228,0.5945500030517578
11550.455000018701,0.232,0.5905500030517579
11567.135000019334,0.234,0.5905500030517579
11583.62000004854,0.234,0.5885500030517579
11683.770000003278,0.232,0.5865500030517579
11700.535000011325,0.23,0.5805500030517579
11717.15000004042,0.226,0.5725500030517578
11733.635000010952,0.218,0.5625500030517578
11750.380000041798,0.208,0.5525500030517578
11766.750000009313,0.198,0.5465500030517578
11783.720000006258,0.182,0.5385500030517578
11800.415000004694,0.164,0.5325500030517578
11816.975000023842,0.154,0.5325500030517578
11833.635000046343,0.142,0.5325500030517578
11850.435000029393,0.134,0.5345500030517578
11867.650000029244,0.126,0.5425500030517578
11882.980000052601,0.124,0.5505500030517578
11899.890000000596,0.12,0.5625500030517578
11916.805000044405,0.12,0.5705500030517578
11933.740000007674,0.122,0.5805500030517579
11949.705000035465,0.124,0.5865500030517579
11966.930000053719,0.126,0.5905500030517579
11983.555000042543,0.128,0.5905500030517579
12000.495000043884,0.128,0.5925500030517579
12151.370000036433,0.128,0.5905500030517579
12183.28500003554,0.13,0.5905500030517579
12200.490000016987,0.136,0.5925500030517579
12216.705000028014,0.142,0.5925500030517579
12233.81500004325,0.152,0.5925500030517579
12250.575000012293,0.158,0.5905500030517579
12267.155000008643,0.164,0.5885500030517579
12283.620000001974,0.168,0.5885500030517579
12300.205000035465,0.17,0.5865500030517579
12400.445000035688,0.168,0.5865500030517579
12417.155000031926,0.168,0.5885500030517579
12433.680000016466,0.168,0.5905500030517579
12450.15000004787,0.168,0.5945500030517578
12467.035000037402,0.166,0.5985500030517578
12483.13000000827,0.166,0.6045500030517578
12499.615000037476,0.166,0.6065500030517578
12517.145000048913,0.166,0.6085500030517578
12634.21000004746,0.164,0.6085500030517578
12667.845000047237,0.16,0.6085500030517578
12684.505000011995,0.152,0.6085500030517578
12701.215000008233,0.144,0.6085500030517578
12717.975000035949,0.13,0.6085500030517578
12734.71000004746,0.12,0.6105500030517578
12751.670000026934,0.108,0.6125500030517578
12768.150000018068,0.104,0.6125500030517578
12784.670000022277,0.098,0.6125500030517578
12801.370000001043,0.096,0.6125500030517578
12918.575000017881,0.094,0.6125500030517578
12934.515000030398,0.094,0.6105500030517578
12951.765000005253,0.092,0.6065500030517578
12967.320000054315,0.09,0.6005500030517578
12984.820000012405,0.088,0.5885500030517579
13000.310000032187,0.088,0.5685500030517578
13018.495000025257,0.088,0.5465500030517578
13033.630000019446,0.09,0.5305500030517578
13050.925000047311,0.09,0.5205500030517578
13068.54500004556,0.092,0.5105500030517578
13084.330000041053,0.092,0.5045500030517578
13101.325000054203,0.092,0.5005500030517578
13116.980000049807,0.09,0.5005500030517578
13134.505000023171,0.09,0.49855000305175784
13251.14500004612,0.086,0.5025500030517578
13267.705000005662,0.082,0.5085500030517578
13283.805000013672,0.076,0.5125500030517578
13300.890000013635,0.07,0.5165500030517578
13318.34500003606,0.062,0.5225500030517578
13333.800000022165,0.056,0.5245500030517578
13350.985000026412,0.054,0.5245500030517578
13367.880000034347,0.054,0.5265500030517578
13417.300000030547,0.054,0.5245500030517578
13434.425000043586,0.054,0.5265500030517578
13467.85000001546,0.054,0.5245500030517578
13501.300000003539,0.054,0.5225500030517578
13517.935000010766,0.054,0.5165500030517578
13534.910000045784,0.052,0.5125500030517578
13550.300000002608,0.052,0.5025500030517578
13567.050000011921,0.052,0.49255000305175783
13584.715000004508,0.052,0.4785500030517578
13602.100000018254,0.054,0.4705500030517578
13617.650000029244,0.054,0.4605500030517578
13635.505000012927,0.054,0.4545500030517578
13651.345000020228,0.054,0.4525500030517578
13684.590000018477,0.054,0.4505500030517578
13733.735000016168,0.056,0.4505500030517578
13751.045000040904,0.062,0.4485500030517578
13767.19500002265,0.076,0.4445500030517578
13783.960000029765,0.09,0.4405500030517578
13801.13500001654,0.114,0.43255000305175784
13817.670000018552,0.138,0.42455000305175783
13834.505000035278,0.15,0.4185500030517578
13851.845000055619,0.162,0.4145500030517578
13868.355000042357,0.166,0.4145500030517578
13883.695000026375,0.168,0.4145500030517578
13900.730000052601,0.166,0.4185500030517578
13917.475000023842,0.162,0.42655000305175783
13934.415000025183,0.158,0.43455000305175784
13950.5800000038,0.152,0.4485500030517578
13967.02500001993,0.146,0.4585500030517578
13983.785000047646,0.14,0.4685500030517578
14000.905000022613,0.136,0.4745500030517578
14017.240000015125,0.134,0.4765500030517578
14034.390000044368,0.134,0.4785500030517578
14067.285000056028,0.136,0.4785500030517578
14135.16500004381,0.138,0.4765500030517578
14151.135000051,0.14,0.4725500030517578
14168.615000031888,0.15,0.4645500030517578
14184.505000011995,0.16,0.4565500030517578
14201.95000001695,0.18,0.4465500030517578
14217.37500000745,0.204,0.43455000305175784
14233.850000018254,0.222,0.42655000305175783
14250.525000039488,0.24,0.4205500030517578
14268.420000037178,0.254,0.4185500030517578
14283.735000004992,0.266,0.4205500030517578
14301.085000042804,0.274,0.42455000305175783
14317.625000025146,0.28,0.43455000305175784
14334.615000000224,0.282,0.4425500030517578
14350.585000007413,0.28,0.4565500030517578
14367.105000011623,0.278,0.4665500030517578
14384.860000049695,0.274,0.4785500030517578
14400.655000004917,0.27,0.48655000305175783
14417.25500003621,0.266,0.49455000305175784
14434.515000030398,0.262,0.49855000305175784
14516.950000019744,0.26,0.49855000305175784
14568.575000041164,0.258,0.49855000305175784
14584.484999999404,0.256,0.49655000305175784
14601.294999999925,0.254,0.49655000305175784
14616.925000037998,0.25,0.49455000305175784
14634.799999999814,0.242,0.49255000305175783
14652.095000026748,0.232,0.48855000305175783
14668.405000003986,0.226,0.48655000305175783
14684.645000030287,0.22,0.4845500030517578
14700.600000040606,0.216,0.4805500030517578
14718.700000027195,0.214,0.4805500030517578
14734.765000000596,0.212,0.4785500030517578
14800.735000055283,0.214,0.4805500030517578
14818.490000033751,0.214,0.48655000305175783
14833.640000026673,0.214,0.49255000305175783
14851.055000035092,0.216,0.49855000305175784
14867.27500002645,0.216,0.5045500030517578
14884.42000001669,0.216,0.5105500030517578
14901.755000056699,0.216,0.5165500030517578
14917.25000005681,0.216,0.5185500030517578
14933.895000023767,0.218,0.5205500030517578
14950.615000037476,0.218,0.5225500030517578
15000.585000030696,0.22,0.5225500030517578
15017.100000055507,0.224,0.5225500030517578
15034.545000001788,0.234,0.5205500030517578
15050.595000036992,0.25,0.5205500030517578
15068.515000049956,0.262,0.5185500030517578
15083.725000033155,0.278,0.5165500030517578
15100.885000022128,0.288,0.5145500030517578
15117.255000048317,0.296,0.5145500030517578
15134.77000000421,0.3,0.5145500030517578
15150.960000056773,0.3,0.5165500030517578
15167.715000046417,0.298,0.5205500030517578
15184.625000052154,0.294,0.5265500030517578
15200.7750000339,0.29,0.5345500030517578
15217.250000044703,0.284,0.5445500030517578
15233.865000016987,0.278,0.5525500030517578
15251.895000051707,0.276,0.5585500030517578
15267.365000035614,0.274,0.5605500030517578
15284.675000002608,0.272,0.5625500030517578
15317.37500004284,0.274,0.5625500030517578
15384.650000021793,0.278,0.5625500030517578
15401.205000001937,0.284,0.5585500030517578
15417.065000045113,0.29,0.5565500030517578
15433.950000034645,0.302,0.5545500030517578
15450.895000016317,0.312,0.5545500030517578
15467.79500000365,0.328,0.5565500030517578
15485.430000000633,0.342,0.5585500030517578
15501.36000005342,0.352,0.5605500030517578
15517.050000024028,0.358,0.5605500030517578
15534.425000019372,0.362,0.5605500030517578
15551.140000054613,0.362,0.5625500030517578
15601.060000015423,0.362,0.5605500030517578
15617.27500002645,0.362,0.5585500030517578
15633.74000001885,0.364,0.5525500030517578
15650.640000007115,0.366,0.5425500030517578
15667.105000000447,0.368,0.5325500030517578
15684.59500005655,0.372,0.5165500030517578
15701.710000052117,0.374,0.5065500030517578
15717.280000040308,0.376,0.5005500030517578
15733.74000005424,0.376,0.49655000305175784
15751.065000018105,0.376,0.49255000305175783
15767.230000056326,0.374,0.48855000305175783
15784.495000028983,0.37,0.48655000305175783
15800.630000011995,0.366,0.48655000305175783
15817.115000041202,0.36,0.4845500030517578
15834.740000020713,0.354,0.4845500030517578
15851.959999999963,0.348,0.4845500030517578
15867.605000035837,0.342,0.4825500030517578
15885.065000038594,0.338,0.4825500030517578
15901.925000012852,0.336,0.4825500030517578
15917.370000039227,0.334,0.4825500030517578
15934.945000045002,0.332,0.4825500030517578
15984.815000033006,0.33,0.4825500030517578
16034.675000002608,0.328,0.4825500030517578
16051.81000003405,0.326,0.4805500030517578
16067.195000010543,0.324,0.4765500030517578
16083.975000016391,0.322,0.4665500030517578
16101.495000010356,0.322,0.4505500030517578
16118.59000002779,0.326,0.43255000305175784
16134.645000042394,0.332,0.4045500030517578
16151.050000043586,0.34,0.3865500030517578
16167.240000039339,0.35,0.36655000305175783
16184.080000035465,0.36,0.3565500030517578
16200.585000041872,0.374,0.3505500030517578
16217.10000000894,0.386,0.3465500030517578
16233.995000016876,0.398,0.3465500030517578
16250.960000034422,0.406,0.3465500030517578
16268.44000001438,0.412,0.3485500030517578
16284.55000003986,0.414,0.3485500030517578
16351.750000030734,0.414,0.3465500030517578
16384.035000054166,0.412,0.3445500030517578
16417.87500004284,0.41,0.3425500030517578
16434.59500005655,0.408,0.3405500030517578
16450.970000005327,0.406,0.3385500030517578
16467.23000000976,0.404,0.3365500030517578
16484.830000029877,0.402,0.3345500030517578
16501.770000031218,0.396,0.3305500030517578
16517.175000044517,0.39,0.3265500030517578
16535.16000002809,0.38,0.3225500030517578
16550.890000013635,0.368,0.3185500030517578
16567.825000034645,0.35,0.3185500030517578
16583.77500000596,0.328,0.3205500030517578
16600.805000052787,0.314,0.3245500030517578
16617.76000005193,0.298,0.3345500030517578
16633.965000044554,0.288,0.3425500030517578
16651.1400000304,0.28,0.3545500030517578
16667.710000008345,0.276,0.36255000305175783
16683.825000014156,0.276,0.36855000305175784
16700.50000003539,0.276,0.37055000305175784
16718.47000002116,0.276,0.37255000305175784
16818.60500003677,0.274,0.37255000305175784
16834.50500003528,0.274,0.37055000305175784
16850.910000037402,0.272,0.37055000305175784
16867.29500000365,0.272,0.36655000305175783
16884.870000008494,0.27,0.36255000305175783
16900.61000001151,0.268,0.3565500030517578
16917.24500001874,0.266,0.3485500030517578
16934.47500001639,0.264,0.3365500030517578
16951.760000025854,0.26,0.3225500030517578
16967.330000014044,0.256,0.3125500030517578
16983.900000050664,0.248,0.30055000305175783
17000.54000003729,0.242,0.2925500030517578
17017.235000035726,0.23,0.2825500030517578
17033.85500004515,0.222,0.2745500030517578
17050.570000020787,0.21,0.2665500030517578
17067.130000039935,0.2,0.2625500030517578
17083.95500003826,0.186,0.2585500030517578
17101.055000035092,0.174,0.2585500030517578
17117.34000005573,0.166,0.2585500030517578
17134.725000010803,0.158,0.2585500030517578
17150.620000028983,0.154,0.2585500030517578
17167.31000004802,0.152,0.2585500030517578
17183.885000005364,0.15,0.2585500030517578
17367.610000016168,0.15,0.2605500030517578
17384.030000016093,0.15,0.2625500030517578
17401.02000004798,0.15,0.2685500030517578
17417.32500004582,0.146,0.2765500030517578
17433.65000002086,0.14,0.2865500030517578
17451.060000050813,0.132,0.29855000305175783
17467.260000005364,0.124,0.30655000305175784
17484.175000049174,0.12,0.3125500030517578
17501.205000037327,0.116,0.3145500030517578
17517.83000002615,0.116,0.3165500030517578
17534.075000032783,0.116,0.3185500030517578
17585.295000055805,0.114,0.3165500030517578
17601.060000015423,0.116,0.3165500030517578
17617.310000001453,0.118,0.3165500030517578
17634.180000051856,0.124,0.3145500030517578
17650.765000027604,0.134,0.3125500030517578
17667.195000045,0.142,0.30855000305175784
17684.090000053868,0.154,0.30655000305175784
17700.9800000228,0.162,0.30455000305175783
17717.800000041723,0.168,0.30255000305175783
17734.345000004396,0.174,0.30255000305175783
17750.780000002123,0.174,0.30455000305175783
17834.065000003204,0.176,0.30655000305175784
17850.76500003971,0.176,0.30855000305175784
17867.28500004392,0.18,0.3165500030517578
17883.825000026263,0.182,0.3265500030517578
17900.830000056885,0.186,0.3345500030517578
17917.17500001006,0.188,0.3425500030517578
17934.080000035465,0.19,0.3485500030517578
17950.735000019893,0.19,0.3525500030517578
18033.690000010654,0.184,0.3485500030517578
18050.890000013635,0.178,0.3465500030517578
18067.23000004422,0.17,0.3445500030517578
18084.555000009015,0.156,0.3425500030517578
18101.080000051297,0.14,0.3465500030517578
18117.335000017658,0.126,0.3525500030517578
18134.045000012964,0.116,0.3565500030517578
18150.415000040084,0.11,0.36255000305175783
18168.495000049472,0.104,0.36855000305175784
18184.5350000076,0.102,0.37255000305175784
18201.280000037514,0.1,0.3745500030517578
18217.08500001114,0.1,0.3765500030517578
18234.605000005104,0.098,0.3765500030517578
18251.815000025555,0.098,0.3785500030517578
18285.224999999627,0.098,0.3765500030517578
18300.690000003204,0.094,0.3745500030517578
18317.415000055917,0.09,0.36655000305175783
18334.605000039563,0.084,0.3565500030517578
18350.710000027902,0.078,0.3385500030517578
18367.250000010245,0.074,0.3245500030517578
18383.965000044554,0.07,0.31055000305175784
18400.79000004381,0.068,0.30255000305175783
18417.285000031814,0.064,0.2965500030517578
18435.055000009015,0.06,0.2925500030517578
18450.760000036098,0.06,0.2905500030517578
18468.54000003077,0.058,0.2885500030517578
18501.0350000225,0.058,0.2865500030517578
18517.26500003133,0.058,0.2845500030517578
18534.490000048652,0.064,0.2785500030517578
18550.800000026822,0.07,0.2685500030517578
18567.350000026636,0.084,0.2545500030517578
18583.765000047162,0.1,0.2365500030517578
18600.915000017732,0.112,0.22455000305175782
18617.310000001453,0.124,0.2145500030517578
18634.100000024773,0.136,0.2045500030517578
18651.095000037923,0.142,0.19855000305175782
18667.315000027418,0.142,0.19655000305175782
18683.895000023767,0.144,0.19655000305175782
18700.185000022873,0.142,0.19655000305175782
18717.280000040308,0.14,0.19855000305175782
18733.505000011064,0.138,0.2025500030517578
18750.700000032783,0.136,0.2085500030517578
18767.07000000216,0.13,0.2145500030517578
18784.120000025257,0.124,0.22255000305175782
18800.760000012815,0.116,0.2345500030517578
18817.39000003971,0.11,0.2425500030517578
18833.88000004925,0.106,0.2505500030517578
18850.62500002049,0.104,0.2545500030517578
18867.06500005722,0.102,0.2585500030517578
18967.36500004772,0.104,0.2565500030517578
18983.87500003446,0.106,0.2525500030517578
19000.585000030696,0.112,0.2505500030517578
19017.250000033528,0.122,0.2445500030517578
19034.33500003256,0.134,0.2385500030517578
19050.36500003189,0.15,0.23255000305175783
19067.66000000015,0.164,0.22655000305175782
19084.10000003688,0.172,0.22455000305175782
19100.505000038072,0.18,0.22255000305175782
19117.225000052713,0.182,0.22455000305175782
19133.700000005774,0.184,0.22455000305175782
19150.294999999925,0.184,0.22655000305175782
19167.445000028238,0.186,0.22655000305175782
19234.055000008084,0.186,0.22055000305175781
19250.505000003614,0.186,0.2125500030517578
19267.350000038743,0.186,0.20055000305175782
19283.77000003867,0.186,0.1845500030517578
19300.205000035465,0.186,0.16855000305175782
19317.785000020638,0.186,0.1505500030517578
19334.71000002511,0.186,0.13855000305175783
19350.790000054985,0.184,0.12855000305175782
19367.225000052713,0.182,0.12455000305175781
19384.295000053942,0.18,0.12255000305175781
19400.770000007004,0.178,0.12055000305175781
19435.055000009015,0.176,0.12055000305175781
19450.92500001192,0.174,0.11855000305175781
19466.925000015646,0.168,0.11855000305175781
19484.210000024177,0.16,0.11855000305175781
19500.445000012405,0.144,0.12055000305175781
19517.285000009462,0.13,0.12255000305175781
19534.240000007674,0.11,0.12655000305175781
19550.735000055283,0.096,0.13255000305175782
19567.120000021532,0.086,0.13855000305175783
19583.780000044033,0.074,0.1525500030517578
19600.785000016913,0.068,0.16455000305175782
19617.365000013262,0.064,0.1785500030517578
19633.95500002615,0.066,0.1865500030517578
19650.80500004068,0.07,0.19455000305175782
19667.11500001885,0.072,0.19855000305175782
19684.160000003874,0.074,0.20055000305175782
19700.315000023693,0.074,0.2025500030517578
19784.515000006184,0.072,0.2025500030517578
19800.80500000622,0.07,0.2025500030517578
19817.17000005301,0.066,0.2045500030517578
19834.165000007488,0.06,0.2065500030517578
19850.790000054985,0.054,0.2105500030517578
19867.575000040233,0.048,0.2145500030517578
19884.16000001598,0.044,0.22055000305175781
19900.79500002321,0.042,0.22255000305175782
19917.480000004172,0.04,0.22655000305175782
19934.11000003107,0.038,0.22655000305175782
20033.71000004746,0.038,0.22455000305175782
20050.79000000842,0.038,0.22255000305175782
20067.135000019334,0.038,0.2185500030517578
20084.15500004776,0.036,0.2045500030517578
20102.82000002917,0.034,0.18855000305175781
20120.560000009835,0.034,0.16655000305175782
20135.975000040606,0.034,0.1485500030517578
20151.205000001937,0.034,0.13255000305175782
20167.33000002615,0.036,0.1165500030517578
20184.25500002876,0.038,0.10855000305175781
20200.810000009835,0.038,0.10455000305175781
20217.37500000745,0.038,0.10255000305175781
20234.175000049174,0.038,0.10055000305175782
20283.345000003465,0.038,0.09855000305175782
20300.975000020117,0.04,0.09855000305175782
20317.28500005603,0.05,0.09455000305175781
20334.290000027977,0.064,0.0865500030517578
20350.920000055805,0.086,0.07655000305175781
20367.135000007227,0.102,0.06655000305175782
20384.265000000596,0.126,0.05455000305175781
20400.655000004917,0.138,0.048550003051757815
20417.505000019446,0.15,0.04255000305175781
20434.095000033267,0.154,0.040550003051757814
20451.005000039004,0.156,0.040550003051757814
20500.80500001833,0.156,0.04255000305175781
20517.290000047535,0.156,0.04655000305175781
20534.14000000339,0.154,0.05455000305175781
20550.4350000415,0.15,0.06455000305175781
20567.150000017136,0.148,0.07255000305175781
20583.940000040457,0.146,0.08055000305175782
20600.315000046976,0.146,0.08455000305175782
20617.525000008754,0.146,0.08855000305175781
20650.820000039414,0.146,0.09055000305175781
20667.300000030547,0.148,0.09055000305175781
20733.26000000816,0.152,0.08855000305175781
20750.400000019,0.16,0.0865500030517578
20767.515000013635,0.17,0.08455000305175782
20783.740000043064,0.182,0.08255000305175782
20800.845000019297,0.192,0.08255000305175782
20817.16500001494,0.2,0.08255000305175782
20834.15500004776,0.206,0.08255000305175782
20850.84500000812,0.208,0.08455000305175782
20867.370000051335,0.21,0.08455000305175782
20917.12500003632,0.21,0.08255000305175782
20933.77000000328,0.21,0.07855000305175781
20950.865000020713,0.208,0.07255000305175781
20967.29500003904,0.206,0.06455000305175781
20984.190000046045,0.204,0.05455000305175781
21000.830000033602,0.198,0.04455000305175781
21017.32000004314,0.196,0.040550003051757814
21033.84000004735,0.194,0.03655000305175781
21050.460000056773,0.194,0.03455000305175781
21067.52500002086,0.192,0.03455000305175781
21134.150000056252,0.194,0.03455000305175781
21150.5150000453,0.202,0.03455000305175781
21166.930000007153,0.212,0.03455000305175781
21184.175000002608,0.226,0.03655000305175781
21200.765000015497,0.24,0.03455000305175781
21217.535000003874,0.26,0.03455000305175781
21234.16500003077,0.278,0.032550003051757814
21250.87000004761,0.288,0.032550003051757814
21267.27000001073,0.294,0.032550003051757814
21284.1950000152,0.298,0.032550003051757814
21300.865000056103,0.3,0.032550003051757814
21317.11000000313,0.3,0.03455000305175781
21334.17000004556,0.3,0.03655000305175781
21350.740000023507,0.3,0.040550003051757814
21367.255000048317,0.3,0.05055000305175781
21383.770000014454,0.3,0.06855000305175782
21401.90000005532,0.3,0.08255000305175782
21417.135000053793,0.302,0.09655000305175782
21434.150000045076,0.306,0.11055000305175781
21450.860000040382,0.31,0.12255000305175781
21467.265000043437,0.312,0.12655000305175781
21484.200000006706,0.312,0.13055000305175782
21500.645000021905,0.314,0.13055000305175782
21517.14000001084,0.312,0.13055000305175782
21533.810000051744,0.31,0.12855000305175782
21550.820000004023,0.304,0.12655000305175781
21567.05000001192,0.296,0.12255000305175781
21584.200000041164,0.282,0.11855000305175781
21600.660000054166,0.266,0.11455000305175782
21617.395000008866,0.25,0.11455000305175782
21633.755000017583,0.242,0.11455000305175782
21650.655000004917,0.238,0.11455000305175782
21667.230000020936,0.234,0.11455000305175782
21683.85000003036,0.232,0.11455000305175782
21700.820000027306,0.23,0.11455000305175782
21750.590000011027,0.232,0.11455000305175782
21767.0600000415,0.234,0.1165500030517578
21784.1950000152,0.236,0.12055000305175781
21800.665000045672,0.24,0.12655000305175781
21817.265000019222,0.242,0.13655000305175782
21833.735000051558,0.242,0.1505500030517578
21850.775000057183,0.24,0.15855000305175782
21867.29500000365,0.238,0.16855000305175782
21884.27000003867,0.234,0.1785500030517578
21900.88500001002,0.232,0.18855000305175781
21917.090000002645,0.23,0.19455000305175782
21934.20000001788,0.23,0.20055000305175782
21950.72500000242,0.23,0.2045500030517578
21967.16000000015,0.232,0.2045500030517578
21983.360000012442,0.238,0.2065500030517578
22000.560000015423,0.244,0.2065500030517578
22017.565000046045,0.258,0.2085500030517578
22034.715000016615,0.272,0.2085500030517578
22050.905000010505,0.288,0.2125500030517578
22067.365000024438,0.298,0.2165500030517578
22084.145000029355,0.304,0.22255000305175782
22100.600000005215,0.306,0.22655000305175782
22117.500000051223,0.304,0.2365500030517578
22134.235000004992,0.298,0.2465500030517578
22150.820000039414,0.29,0.2565500030517578
22167.13000001572,0.282,0.2685500030517578
22183.935000037774,0.276,0.2745500030517578
22200.885000056587,0.272,0.2805500030517578
22217.110000027344,0.27,0.2805500030517578
22234.200000006706,0.272,0.2825500030517578
22250.6150000263,0.274,0.2825500030517578
22267.305000044405,0.282,0.2825500030517578
22283.675000013784,0.292,0.2845500030517578
22300.690000003204,0.3,0.2825500030517578
22317.545000055805,0.316,0.2805500030517578
22334.770000016317,0.328,0.2785500030517578
22349.85500003677,0.344,0.2725500030517578
22367.14500002563,0.352,0.2685500030517578
22384.190000011586,0.362,0.2625500030517578
22400.66000004299,0.366,0.2605500030517578
22417.25000005681,0.368,0.2585500030517578
22433.85500000976,0.37,0.2585500030517578
22467.4350000564,0.368,0.2565500030517578
22484.185000007972,0.366,0.2545500030517578
22500.8200000152,0.36,0.2445500030517578
22517.08499999903,0.354,0.2365500030517578
22534.215000050142,0.344,0.22055000305175781
22550.79500004649,0.338,0.2065500030517578
22568.175000022165,0.33,0.19055000305175782
22585.030000016093,0.326,0.1805500030517578
22602.060000004247,0.324,0.1745500030517578
22619.33500005398,0.324,0.17055000305175783
22635.03500004299,0.322,0.17055000305175783
22667.67500003334,0.32,0.1725500030517578
22684.140000026673,0.318,0.1745500030517578
22701.640000043437,0.314,0.1785500030517578
22718.220000038855,0.312,0.1805500030517578
22734.86500000581,0.31,0.1825500030517578
22750.980000011623,0.308,0.1825500030517578
22769.385000050068,0.306,0.1825500030517578
22800.940000044182,0.308,0.1825500030517578
22818.450000020675,0.31,0.1785500030517578
22835.015000019222,0.314,0.17055000305175783
22851.325000054203,0.316,0.16055000305175782
22867.610000016168,0.322,0.1445500030517578
22885.724999999627,0.324,0.13255000305175782
22901.925000012852,0.326,0.12455000305175781
22917.410000052303,0.328,0.12055000305175781
22935.735000006855,0.328,0.11855000305175781
22968.420000048354,0.33,0.11855000305175781
22985.660000005737,0.334,0.11855000305175781
23001.0300000431,0.338,0.12055000305175781
23017.585000023246,0.352,0.12255000305175781
23034.4100000225,0.364,0.12455000305175781
23051.93500005454,0.386,0.12855000305175782
23068.390000029467,0.408,0.13055000305175782
23084.8650000412,0.42,0.13255000305175782
23101.5150000453,0.432,0.13655000305175782
23118.73000004515,0.438,0.1405500030517578
23135.010000027716,0.442,0.1445500030517578
23151.720000023022,0.444,0.1485500030517578
23168.02000004053,0.444,0.1505500030517578
23234.255000017583,0.444,0.1485500030517578
23251.84500002116,0.444,0.13855000305175783
23268.37500004284,0.446,0.12655000305175781
23285.6450000545,0.448,0.11255000305175782
23301.870000025257,0.45,0.10055000305175782
23318.62000003457,0.45,0.09055000305175781
23334.345000039786,0.45,0.08255000305175782
23351.64500004612,0.45,0.07455000305175781
23368.51500003785,0.448,0.06855000305175782
23385.580000001937,0.444,0.06455000305175781
23401.15500002913,0.434,0.06055000305175781
23417.670000053942,0.42,0.06055000305175781
23434.39000000991,0.396,0.06255000305175781
23451.885000046343,0.38,0.06255000305175781
23469.22500000801,0.362,0.06255000305175781
23484.90500001982,0.352,0.06255000305175781
23501.64500001073,0.346,0.06255000305175781
23518.500000005588,0.348,0.06255000305175781
23535.065000003204,0.354,0.06055000305175781
23550.750000053085,0.364,0.05855000305175781
23568.22000001557,0.388,0.05855000305175781
23585.76000004541,0.416,0.056550003051757815
23601.84500005562,0.44,0.05455000305175781
23618.700000049546,0.472,0.05455000305175781
23634.42000001669,0.492,0.05455000305175781
23650.9500000393,0.514,0.056550003051757815
23668.275000004098,0.528,0.06055000305175781
23685.195000027306,0.534,0.06255000305175781
23700.84500004351,0.538,0.06655000305175782
23718.87000004016,0.54,0.0705500030517578
23734.31500000879,0.542,0.07455000305175781
23750.845000031404,0.542,0.07855000305175781
23767.530000012368,0.542,0.08455000305175782
23784.870000032708,0.544,0.10255000305175781
23801.48000002373,0.544,0.12655000305175781
23818.95500002429,0.544,0.1505500030517578
23835.61500004679,0.544,0.16855000305175782
23851.980000035837,0.542,0.1845500030517578
23868.395000055432,0.542,0.2025500030517578
23885.570000042208,0.542,0.2145500030517578
23901.050000043586,0.542,0.2165500030517578
23918.885000050068,0.542,0.2185500030517578
23934.410000044852,0.54,0.2185500030517578
23950.965000025928,0.534,0.2165500030517578
23968.52000005357,0.52,0.2125500030517578
23985.67000002414,0.506,0.2105500030517578
24002.170000050217,0.49,0.2085500030517578
24017.600000021048,0.464,0.2065500030517578
24035.055000044405,0.444,0.2065500030517578
24051.730000006035,0.43,0.2065500030517578
24068.20500001777,0.424,0.2065500030517578
24084.910000033677,0.42,0.2085500030517578
24135.030000004917,0.422,0.2125500030517578
24151.130000012927,0.424,0.2185500030517578
24168.460000015795,0.426,0.23055000305175782
24185.01000001561,0.426,0.2465500030517578
24202.00500002876,0.424,0.2645500030517578
24218.210000021383,0.422,0.2765500030517578
24234.70000002999,0.422,0.2865500030517578
24250.985000049695,0.42,0.29855000305175783
24267.300000006333,0.42,0.30455000305175783
24284.34000001289,0.42,0.30855000305175784
24300.950000004843,0.422,0.3125500030517578
24318.33000003826,0.426,0.3165500030517578
24335.025000036694,0.432,0.3165500030517578
24352.380000054836,0.44,0.3165500030517578
24367.54500004463,0.452,0.3165500030517578
24384.330000029877,0.47,0.3185500030517578
24400.975000055507,0.488,0.3165500030517578
24418.385000025854,0.502,0.3165500030517578
24435.1300000567,0.51,0.3165500030517578
24451.715000031516,0.514,0.3165500030517578
24468.770000035875,0.516,0.3165500030517578
24534.920000005513,0.514,0.3165500030517578
24551.010000053793,0.51,0.31055000305175784
24568.49500001408,0.506,0.30455000305175783
24585.515000042506,0.5,0.2905500030517578
24600.955000030808,0.496,0.2785500030517578
24618.18500002846,0.494,0.2685500030517578
24634.440000052564,0.492,0.2625500030517578
24652.505000005476,0.49,0.2605500030517578
24700.995000021532,0.494,0.2605500030517578
24718.54000003077,0.498,0.2625500030517578
24735.715000016615,0.508,0.2665500030517578
24751.070000056177,0.518,0.2685500030517578
24767.635000054725,0.536,0.2705500030517578
24785.0250000488,0.55,0.2745500030517578
24801.82500003092,0.56,0.2765500030517578
24817.43000005372,0.566,0.2785500030517578
24834.415000048466,0.572,0.2825500030517578
24851.640000008047,0.574,0.2905500030517578
24868.405000016093,0.572,0.30055000305175783
24884.655000001192,0.57,0.31055000305175784
24901.15500002913,0.566,0.3225500030517578
24918.190000055358,0.564,0.3405500030517578
24935.70500001125,0.564,0.3565500030517578
24951.905000023544,0.564,0.36855000305175784
24967.48000005074,0.566,0.3805500030517578
24984.42500003148,0.57,0.3965500030517578
25001.0150000453,0.572,0.4065500030517578
25017.780000053346,0.574,0.4085500030517578
25035.335000022314,0.576,0.4105500030517578
25050.92500004731,0.574,0.4105500030517578
25068.82000004407,0.568,0.4085500030517578
25085.0900000073,0.558,0.4045500030517578
25101.880000030622,0.548,0.4005500030517578
25117.435000021942,0.534,0.3965500030517578
25134.660000039265,0.516,0.3885500030517578
25151.660000031814,0.498,0.3845500030517578
25168.460000015795,0.484,0.3805500030517578
25184.625000052154,0.472,0.3805500030517578
25201.630000025034,0.466,0.3785500030517578
25218.140000011772,0.464,0.3785500030517578
25269.070000038482,0.464,0.3805500030517578
25301.395000016317,0.462,0.3885500030517578
25318.245000030845,0.458,0.3965500030517578
25335.4900000263,0.452,0.4105500030517578
25351.1150000263,0.446,0.42455000305175783
25368.05500002764,0.444,0.43455000305175784
25384.625000005588,0.44,0.4425500030517578
25401.045000005513,0.438,0.4505500030517578
25417.850000027567,0.438,0.4565500030517578
25434.38500002958,0.44,0.4585500030517578
25450.91000001412,0.444,0.4585500030517578
25468.425000028685,0.454,0.4585500030517578
25485.73000001535,0.47,0.4565500030517578
25501.865000056103,0.482,0.4565500030517578
25517.32000004314,0.496,0.4565500030517578
25534.845000016503,0.51,0.4565500030517578
25551.570000010543,0.52,0.4565500030517578
25568.500000052154,0.524,0.4585500030517578
25585.68000001833,0.524,0.4625500030517578
25601.155000040308,0.524,0.4645500030517578
25617.63500003144,0.522,0.4685500030517578
25634.385000040755,0.518,0.4745500030517578
25651.040000026114,0.518,0.4785500030517578
25668.48000005074,0.516,0.4825500030517578
25684.495000052266,0.516,0.4845500030517578
25701.690000016242,0.516,0.49055000305175783
25718.80000003148,0.514,0.49455000305175784
25735.095000010915,0.512,0.49855000305175784
25751.665000047535,0.51,0.5005500030517578
25767.750000057742,0.51,0.5025500030517578
25867.680000024848,0.506,0.5025500030517578
25884.395000001416,0.5,0.5045500030517578
25902.430000016466,0.492,0.5065500030517578
25917.545000033453,0.48,0.5125500030517578
25934.635000012815,0.47,0.5165500030517578
25951.04500005208,0.458,0.5225500030517578
25968.585000024177,0.452,0.5265500030517578
25984.98500004597,0.448,0.5285500030517578
26001.345000054687,0.446,0.5305500030517578
26017.725000041537,0.444,0.5305500030517578
26085.795000020415,0.442,0.5285500030517578
26101.090000011027,0.44,0.5265500030517578
26118.37000004016,0.438,0.5185500030517578
26134.575000032783,0.43,0.5025500030517578
26150.94000002183,0.424,0.4825500030517578
26167.625000001863,0.416,0.4585500030517578
26184.900000050664,0.41,0.42655000305175783
26200.9750000434,0.406,0.4065500030517578
26217.595000052825,0.404,0.3945500030517578
26235.430000000633,0.404,0.3925500030517578
26250.87000004761,0.402,0.3905500030517578
26301.050000009127,0.404,0.3905500030517578
26317.535000038333,0.404,0.3925500030517578
26334.79500003159,0.406,0.4025500030517578
26351.055000035092,0.408,0.4225500030517578
26367.62500001304,0.412,0.4545500030517578
26385.020000045188,0.414,0.4805500030517578
26401.3550000377,0.416,0.5025500030517578
26417.74000000395,0.418,0.5265500030517578
26434.420000005513,0.42,0.5425500030517578
26452.385000010952,0.42,0.5485500030517578
26467.555000038818,0.42,0.5525500030517578
26484.855000046082,0.42,0.5545500030517578
26535.670000012033,0.42,0.5565500030517578
26635.855000000447,0.42,0.5585500030517578
26651.120000053197,0.42,0.5625500030517578
26667.74500004202,0.418,0.5665500030517578
26684.440000040457,0.412,0.5745500030517579
26702.57000002265,0.408,0.5805500030517579
26717.694999999367,0.4,0.5885500030517579
26734.450000047684,0.394,0.5945500030517578
26751.070000056177,0.388,0.6025500030517578
26767.365000035614,0.386,0.6065500030517578
26784.420000039972,0.386,0.6105500030517578
26800.8550000377,0.388,0.6125500030517578
26818.61500005424,0.396,0.6105500030517578
26835.56000003591,0.406,0.6105500030517578
26851.805000042543,0.414,0.6085500030517578
26869.130000006407,0.428,0.6085500030517578
26884.515000041574,0.436,0.6085500030517578
26900.920000043698,0.444,0.6105500030517578
26918.50500000827,0.446,0.6125500030517578
26934.945000045,0.448,0.6125500030517578
26951.280000037514,0.448,0.6145500030517578
26984.705000009388,0.448,0.6165500030517578
27001.10000005178,0.446,0.6165500030517578
27035.2300000377,0.446,0.6145500030517578
27068.15000000596,0.442,0.6165500030517578
27084.44500004407,0.436,0.6205500030517578
27102.49000001885,0.432,0.6245500030517578
27117.584999999963,0.426,0.6325500030517578
27135.65500004962,0.42,0.6385500030517578
27151.060000004247,0.416,0.6445500030517578
27167.67500003334,0.414,0.6525500030517578
27185.395000036806,0.412,0.6545500030517578
27218.17500004545,0.412,0.6565500030517578
27284.650000045076,0.41,0.6565500030517578
27300.99000001792,0.408,0.6545500030517578
27318.00000002794,0.406,0.6525500030517578
27334.270000049844,0.402,0.6525500030517578
27352.445000026375,0.392,0.6445500030517578
27367.71499999985,0.386,0.6405500030517578
27385.075000056997,0.378,0.6345500030517578
27401.130000012927,0.37,0.6305500030517578
27417.365000001155,0.366,0.6285500030517578
27435.525000037625,0.362,0.6265500030517578
27468.39500003308,0.36,0.6265500030517578
27551.735000044107,0.362,0.6285500030517578
27568.53000004776,0.364,0.6345500030517578
27585.885000007227,0.37,0.6465500030517578
27601.66500002332,0.376,0.6605500030517578
27617.815000005066,0.382,0.6705500030517578
27634.61500004679,0.388,0.6825500030517578
27651.125000033528,0.392,0.6905500030517578
27667.830000049435,0.394,0.6945500030517578
27684.480000054464,0.394,0.6965500030517578
27701.12000004202,0.396,0.6985500030517579
27819.16500005126,0.4,0.6985500030517579
27834.52000003308,0.404,0.6985500030517579
27850.915000017732,0.414,0.6945500030517578
27868.26000001747,0.43,0.6885500030517578
27884.475000027567,0.448,0.6785500030517578
27900.86500003189,0.464,0.6705500030517578
27918.23000000976,0.484,0.6605500030517578
27934.640000050887,0.494,0.6545500030517578
27951.075000047684,0.504,0.6505500030517578
27967.694999999367,0.506,0.6485500030517578
27985.445000056177,0.508,0.6485500030517578
28034.47000001371,0.508,0.6465500030517578
28051.145000034012,0.506,0.6445500030517578
28067.625000025146,0.506,0.6385500030517578
28084.72000004258,0.504,0.6305500030517578
28101.0950000491,0.502,0.6165500030517578
28117.920000048354,0.498,0.6025500030517578
28134.48500004597,0.496,0.5825500030517579
28151.00500005111,0.494,0.5705500030517578
28168.02500002086,0.492,0.5605500030517578
28184.59500005655,0.494,0.5585500030517578
28201.160000055097,0.494,0.5565500030517578
28250.800000037998,0.492,0.5565500030517578
28267.87000004016,0.492,0.5585500030517578
28284.490000048652,0.488,0.5645500030517578
28301.165000012144,0.486,0.5705500030517578
28317.625000025146,0.478,0.5825500030517579
28334.93000001181,0.474,0.5885500030517579
28351.165000000037,0.47,0.5945500030517578
28368.000000016764,0.468,0.5965500030517578
28384.520000021905,0.466,0.5965500030517578
28400.905000045896,0.464,0.5945500030517578
28418.385000025854,0.464,0.5905500030517579
28434.485000034794,0.462,0.5885500030517579
28451.170000014827,0.462,0.5865500030517579
28467.685000039637,0.462,0.5825500030517579
28484.650000056252,0.462,0.5805500030517579
28501.0350000225,0.462,0.5785500030517579
28534.100000048056,0.462,0.5725500030517578
28551.26000003703,0.462,0.5665500030517578
28567.865000048652,0.462,0.5585500030517578
28584.550000028685,0.464,0.5525500030517578
28601.090000011027,0.464,0.5465500030517578
28617.705000041053,0.464,0.5445500030517578
28651.08000003919,0.464,0.5425500030517578
28684.070000017062,0.466,0.5405500030517578
28751.065000018105,0.468,0.5405500030517578
28767.26000005193,0.47,0.5385500030517578
28784.255000006407,0.478,0.5385500030517578
28800.665000045672,0.488,0.5365500030517578
28817.945000017062,0.498,0.5325500030517578
28834.51500005275,0.512,0.5285500030517578
28850.930000014603,0.522,0.5265500030517578
28867.860000057146,0.534,0.5225500030517578
28884.535000018775,0.542,0.5205500030517578
28901.180000044405,0.546,0.5185500030517578
28917.710000008345,0.548,0.5165500030517578
28934.440000040457,0.55,0.5165500030517578
28967.91000000667,0.55,0.5185500030517578
28984.525000035763,0.552,0.5225500030517578
29001.190000038594,0.554,0.5285500030517578
29017.53500005044,0.558,0.5405500030517578
29034.820000000298,0.56,0.5485500030517578
29051.105000020936,0.564,0.5585500030517578
29067.85500003025,0.566,0.5625500030517578
29084.52000003308,0.568,0.5665500030517578
29100.84000002779,0.57,0.5665500030517578
29117.860000057146,0.57,0.5685500030517578
29184.155000024475,0.568,0.5685500030517578
29201.365000044927,0.564,0.5685500030517578
29218.03000004776,0.558,0.5705500030517578
29234.545000013895,0.55,0.5725500030517578
29250.96000003442,0.544,0.5745500030517579
29267.925000051036,0.538,0.5765500030517579
29284.495000028983,0.536,0.5765500030517579
29368.220000004396,0.538,0.5785500030517579
29384.48500004597,0.54,0.5805500030517579
29401.21500002034,0.544,0.5825500030517579
29417.65500005521,0.548,0.5865500030517579
29434.66500000842,0.55,0.5885500030517579
29451.13000000082,0.552,0.5945500030517578
29467.99500001408,0.552,0.5985500030517578
29484.550000051968,0.552,0.6045500030517578
29500.96500001382,0.552,0.6085500030517578
29517.88500003703,0.552,0.6105500030517578
29534.795000042766,0.552,0.6125500030517578
29551.21000000462,0.552,0.6145500030517578
29567.765000043437,0.554,0.6145500030517578
29585.160000016913,0.556,0.6145500030517578
29600.670000014827,0.558,0.6125500030517578
29617.90000001155,0.564,0.6085500030517578
29634.56000003498,0.574,0.6045500030517578
29650.960000056773,0.582,0.5985500030517578
29669.130000052974,0.594,0.5905500030517579
29684.450000001118,0.602,0.5825500030517579
29701.13000000082,0.612,0.5745500030517579
29719.115000043064,0.616,0.5685500030517578
29734.545000013895,0.618,0.5685500030517578
29767.950000008568,0.618,0.5665500030517578
29801.185000047088,0.618,0.5645500030517578
29817.680000036955,0.616,0.5605500030517578
29834.92500003241,0.612,0.5465500030517578
29851.10000002943,0.608,0.5245500030517578
29867.995000036433,0.604,0.5105500030517578
29884.55500005558,0.6,0.49455000305175784
29901.01500000991,0.598,0.48655000305175783
29917.87500004284,0.598,0.4825500030517578
29934.68000000529,0.596,0.4805500030517578
29951.205000048503,0.594,0.4805500030517578
29984.400000015274,0.592,0.4805500030517578
30001.09500001371,0.59,0.4805500030517578
30018.000000040047,0.586,0.4805500030517578
30034.575000056066,0.578,0.4805500030517578
30050.865000056103,0.57,0.4825500030517578
30067.840000032447,0.562,0.4825500030517578
30084.81500000879,0.558,0.4825500030517578
30101.17000003811,0.556,0.4825500030517578
30134.860000049695,0.556,0.4805500030517578
30151.255000033416,0.558,0.4785500030517578
30167.395000055432,0.558,0.4745500030517578
30184.72500005737,0.56,0.4685500030517578
30200.730000040494,0.562,0.4605500030517578
30217.255000025034,0.564,0.4565500030517578
30234.44000002928,0.572,0.4445500030517578
30251.130000047386,0.582,0.43455000305175784
30267.26500003133,0.594,0.42855000305175783
30284.600000013597,0.606,0.42455000305175783
30301.0600000266,0.612,0.4225500030517578
30318.360000033863,0.616,0.4205500030517578
30334.615000000224,0.618,0.4205500030517578
30384.580000013113,0.62,0.4225500030517578
30401.1500000488,0.622,0.4225500030517578
30418.01000002306,0.626,0.42455000305175783
30434.425000043586,0.634,0.42455000305175783
30450.875000039116,0.642,0.42655000305175783
30468.25000003446,0.658,0.42655000305175783
30484.805000014603,0.668,0.43055000305175783
30501.23500003293,0.68,0.43655000305175784
30517.805000010878,0.688,0.4445500030517578
30534.6150000114,0.692,0.4545500030517578
30551.175000029616,0.694,0.4605500030517578
30567.92500003986,0.694,0.4665500030517578
30584.57500004396,0.694,0.4705500030517578
30617.935000045225,0.696,0.4705500030517578
30651.235000055283,0.698,0.4685500030517578
30667.925000015646,0.698,0.4645500030517578
30684.58500003908,0.702,0.4585500030517578
30701.015000056475,0.704,0.4485500030517578
30717.930000042543,0.704,0.43255000305175784
30734.740000043064,0.706,0.4125500030517578
30751.04000000283,0.706,0.3885500030517578
30767.750000057742,0.708,0.37255000305175784
30785.685000009835,0.708,0.36255000305175783
30801.025000051595,0.708,0.3565500030517578
30817.94000003673,0.706,0.3525500030517578
30834.605000039563,0.702,0.3505500030517578
30850.955000030808,0.7,0.3505500030517578
30867.930000007153,0.696,0.3525500030517578
30884.669999999925,0.694,0.3525500030517578
30901.185000024736,0.688,0.3545500030517578
30917.78500005603,0.68,0.3585500030517578
30935.160000052303,0.67,0.36055000305175783
30950.70500002429,0.66,0.36455000305175783
30967.940000002272,0.644,0.37055000305175784
30984.5900000073,0.628,0.3805500030517578
31001.270000007935,0.62,0.3865500030517578
31017.76000001654,0.612,0.3945500030517578
31034.505000047386,0.608,0.3985500030517578
31051.140000054613,0.606,0.3985500030517578
31085.150000057183,0.608,0.3985500030517578
31117.84500000067,0.608,0.3965500030517578
31134.625000005588,0.612,0.3885500030517578
31151.27500001155,0.614,0.3805500030517578
31167.760000040755,0.618,0.36455000305175783
31184.62000001408,0.624,0.3485500030517578
31201.05000003241,0.632,0.3265500030517578
31218.040000006557,0.642,0.31055000305175784
31234.615000022575,0.652,0.2965500030517578
31251.180000021122,0.66,0.2885500030517578
31267.700000025332,0.668,0.2825500030517578
31284.635000047274,0.672,0.2785500030517578
31301.2700000545,0.674,0.2785500030517578
31317.540000017732,0.674,0.2765500030517578
31417.93500003405,0.674,0.2745500030517578
31434.625000052154,0.672,0.2705500030517578
31451.100000005215,0.67,0.2645500030517578
31467.765000008047,0.662,0.2545500030517578
31484.665000054985,0.654,0.2445500030517578
31501.115000050515,0.64,0.23255000305175783
31517.76000001654,0.626,0.22455000305175782
31534.6150000114,0.616,0.22055000305175781
31551.13000003621,0.61,0.2165500030517578
31567.990000010468,0.602,0.2145500030517578
31584.58500000462,0.6,0.2125500030517578
31601.04500001762,0.598,0.2125500030517578
31717.950000019744,0.598,0.2105500030517578
31734.555000031367,0.598,0.2045500030517578
31751.070000056177,0.6,0.19655000305175782
31767.630000016652,0.602,0.1845500030517578
31784.820000000298,0.606,0.1745500030517578
31801.28000001423,0.608,0.16455000305175782
31817.750000045635,0.61,0.16055000305175782
31834.72000004258,0.612,0.15855000305175782
31884.62000002619,0.614,0.15855000305175782
31901.120000053197,0.616,0.15855000305175782
31917.985000006855,0.62,0.16055000305175782
31934.775000030175,0.626,0.16255000305175782
31951.235000044107,0.634,0.16255000305175782
31967.725000053644,0.642,0.16455000305175782
31984.650000056252,0.648,0.16455000305175782
32001.205000037327,0.652,0.16655000305175782
32017.990000022575,0.656,0.1725500030517578
32034.695000038482,0.66,0.1805500030517578
32051.300000050105,0.66,0.1845500030517578
32067.80000001937,0.662,0.18855000305175781
32084.6700000111,0.664,0.18855000305175781
32117.180000001565,0.666,0.1865500030517578
32134.645000042394,0.668,0.1785500030517578
32151.00500005111,0.668,0.16855000305175782
32167.990000044927,0.668,0.1565500030517578
32184.66500000842,0.668,0.1425500030517578
32200.970000005327,0.668,0.13655000305175782
32217.79500000365,0.666,0.12855000305175782
32234.825000050478,0.664,0.12055000305175781
32251.075000036508,0.658,0.11455000305175782
32267.920000012964,0.652,0.10855000305175781
32284.660000004806,0.638,0.10455000305175781
32301.13500001654,0.628,0.10455000305175781
32317.990000010468,0.614,0.10655000305175781
32334.695000026375,0.606,0.10855000305175781
32351.18500003591,0.598,0.10855000305175781
32367.27000004612,0.594,0.10855000305175781
32384.600000048056,0.59,0.10855000305175781
32400.735000032,0.588,0.10855000305175781
32418.000000005588,0.588,0.10655000305175781
32434.610000055283,0.588,0.10255000305175781
32451.090000046417,0.59,0.09655000305175782
32468.000000052154,0.59,0.08855000305175781
32484.680000051856,0.588,0.08055000305175782
32501.245000050403,0.586,0.06855000305175782
32517.81000004895,0.584,0.05855000305175781
32534.650000045076,0.582,0.05455000305175781
32551.115000038408,0.582,0.05055000305175781
32568.010000046343,0.582,0.048550003051757815
32584.66500003077,0.584,0.048550003051757815
32602.425000048243,0.588,0.04655000305175781
32618.755000002682,0.6,0.04455000305175781
32635.015000007115,0.61,0.04455000305175781
32651.3550000377,0.628,0.04455000305175781
32669.59000000544,0.65,0.04255000305175781
32685.940000053495,0.664,0.04255000305175781
32701.25500002131,0.682,0.03855000305175781
32718.185000005178,0.69,0.03855000305175781
32734.685000032187,0.696,0.03655000305175781
32769.66000004858,0.696,0.03855000305175781
32785.0150000304,0.692,0.040550003051757814
32801.36500002071,0.688,0.04655000305175781
32819.59000002779,0.684,0.05055000305175781
32835.33500001021,0.682,0.05455000305175781
32851.910000026226,0.682,0.06055000305175781
32868.19000000879,0.684,0.06455000305175781
32884.6950000152,0.69,0.0705500030517578
32901.37000003643,0.698,0.07255000305175781
32917.82000003196,0.708,0.07655000305175781
32935.10000000242,0.716,0.07855000305175781
32951.35000004619,0.728,0.07855000305175781
32969.605000048876,0.734,0.08055000305175782
32985.31500005629,0.736,0.08055000305175782
33001.75000005402,0.736,0.08255000305175782
33018.64500000328,0.734,0.08455000305175782
33035.10000003688,0.728,0.09255000305175781
33052.56500001997,0.722,0.10055000305175782
33067.83500005305,0.716,0.11255000305175782
33085.04500001483,0.712,0.12255000305175781
33101.270000042394,0.71,0.13455000305175782
33117.96500004083,0.71,0.1445500030517578
33135.3250000393,0.712,0.1505500030517578
33151.84500004351,0.718,0.1545500030517578
33168.06000005454,0.726,0.15855000305175782
33185.09500002302,0.74,0.16255000305175782
33201.1900000507,0.748,0.16855000305175782
33219.540000019595,0.754,0.1785500030517578
33235.03000004031,0.756,0.1865500030517578
33251.40000000782,0.754,0.2025500030517578
33267.80500001088,0.75,0.2185500030517578
33284.850000054576,0.744,0.22855000305175782
33301.2850000523,0.736,0.2385500030517578
33318.53000004776,0.724,0.2505500030517578
33335.01500001922,0.716,0.2585500030517578
33351.38500004541,0.714,0.2605500030517578
33367.85500001907,0.712,0.2625500030517578
33418.69000001997,0.714,0.2645500030517578
33435.9700000491,0.72,0.2645500030517578
33451.155000017025,0.724,0.2665500030517578
33468.53000001237,0.736,0.2685500030517578
33484.70500000939,0.75,0.2705500030517578
33502.48000002466,0.76,0.2705500030517578
33519.090000016615,0.774,0.2705500030517578
33534.6300000092,0.782,0.2725500030517578
33552.37000004854,0.792,0.2745500030517578
33569.550000014715,0.798,0.2745500030517578
33584.875,0.8,0.2765500030517578
33601.97500005551,0.802,0.2765500030517578
33618.52500005625,0.802,0.2745500030517578
33634.735000029206,0.804,0.2685500030517578
33652.45500003174,0.804,0.2585500030517578
33669.575000006706,0.804,0.2445500030517578
33685.105000040494,0.804,0.22855000305175782
33702.13500002865,0.802,0.2085500030517578
33719.23000004608,0.798,0.19255000305175782
33735.34500005189,0.794,0.1845500030517578
33751.85500003863,0.79,0.1765500030517578
33768.53000000119,0.786,0.17055000305175783
33784.73500005156,0.782,0.16655000305175782
33802.400000044145,0.778,0.16455000305175782
33852.56500000879,0.776,0.16255000305175782
33885.615000035614,0.776,0.16055000305175782
33902.425000036135,0.774,0.1545500030517578
33918.07500005234,0.77,0.1485500030517578
33936.29000004195,0.762,0.13855000305175783
33952.57000002265,0.756,0.13055000305175782
33967.86000003293,0.748,0.12255000305175781
33985.150000022724,0.744,0.1165500030517578
34001.31000002101,0.742,0.11055000305175781
34018.07000004873,0.74,0.10855000305175781
34035.2400000561,0.742,0.10655000305175781
34052.480000013486,0.75,0.10455000305175781
34067.950000055134,0.758,0.10455000305175781
34084.88000003807,0.772,0.10255000305175781
34101.294999999925,0.784,0.10255000305175781
34119.59500005469,0.804,0.10255000305175781
34134.98500001151,0.816,0.10255000305175781
34152.19500003196,0.83,0.10255000305175781
34168.70000003837,0.838,0.10255000305175781
34184.87000005506,0.846,0.10455000305175781
34202.83500000369,0.852,0.10455000305175781
34251.875000016764,0.85,0.10255000305175781
34268.45000003278,0.846,0.09855000305175782
34284.730000013486,0.842,0.09455000305175781
34301.17000005022,0.838,0.09055000305175781
34318.06499999948,0.83,0.0865500030517578
34334.71500000451,0.822,0.08055000305175782
34351.87500005122,0.814,0.07455000305175781
34368.8350000307,0.81,0.07255000305175781
34385.22500003502,0.806,0.0705500030517578
34401.41000004951,0.804,0.06855000305175782
34417.780000017956,0.804,0.06655000305175782
34451.83000003453,0.806,0.06455000305175781
34468.10000005644,0.808,0.06455000305175781
34484.745000023395,0.812,0.06655000305175782
34501.815000025555,0.818,0.06855000305175782
34518.07500002906,0.824,0.0705500030517578
34535.28500004858,0.832,0.07455000305175781
34551.575000048615,0.846,0.07655000305175781
34567.80000001937,0.864,0.07855000305175781
34584.760000055656,0.88,0.08055000305175782
34601.000000024214,0.892,0.08255000305175782
34618.4350000117,0.904,0.0865500030517578
34634.77500004228,0.912,0.09055000305175781
34652.505000005476,0.912,0.09655000305175782
34667.64500003774,0.908,0.10655000305175781
34685.63500000164,0.902,0.11855000305175781
34702.51000003144,0.896,0.12655000305175781
34717.70500001684,0.888,0.1405500030517578
34734.7550000418,0.884,0.1485500030517578
34751.70000002254,0.88,0.1565500030517578
34768.71500001289,0.88,0.16055000305175782
34784.785000025295,0.88,0.16255000305175782
34819.50500002131,0.878,0.16255000305175782
34834.890000056475,0.876,0.16055000305175782
34851.18000005558,0.866,0.15855000305175782
34868.53500001598,0.858,0.1565500030517578
34884.805000037886,0.846,0.1545500030517578
34901.06000000425,0.836,0.1545500030517578
34918.525000045076,0.828,0.1525500030517578
34934.69000002369,0.826,0.1545500030517578
34968.60000002198,0.832,0.1565500030517578
34984.93500001542,0.838,0.16055000305175782
35001.43000000343,0.85,0.16455000305175782
35018.58000003267,0.856,0.17055000305175783
35034.75000005029,0.864,0.1805500030517578
35051.13500001654,0.868,0.18855000305175781
35069.30000003241,0.87,0.20055000305175782
35084.72500002198,0.87,0.2105500030517578
35101.37000004761,0.868,0.22255000305175782
35117.98000003956,0.864,0.2345500030517578
35134.90500004217,0.862,0.2425500030517578
35151.08000003919,0.86,0.2485500030517578
35168.48000005074,0.86,0.2565500030517578
35184.7650000127,0.862,0.2625500030517578
35201.825000055134,0.866,0.2685500030517578
35218.10500003584,0.87,0.2745500030517578
35234.5700000301,0.876,0.2805500030517578
35251.45500001963,0.882,0.2865500030517578
35267.995000001974,0.886,0.2965500030517578
35285.97500000615,0.89,0.30255000305175783
35301.165000012144,0.89,0.3125500030517578
35318.12500004843,0.888,0.3245500030517578
35334.8650000412,0.878,0.3405500030517578
35351.415000041015,0.868,0.3525500030517578
35367.90000001155,0.854,0.36655000305175783
35384.60500002839,0.842,0.3765500030517578
35402.705000014976,0.83,0.3845500030517578
35418.390000006184,0.824,0.3885500030517578
35434.79500000831,0.82,0.3885500030517578
35451.27000002004,0.818,0.3885500030517578
35468.56000000797,0.818,0.3865500030517578
35484.78000005707,0.816,0.3825500030517578
35501.31000002101,0.816,0.3785500030517578
35517.81500002835,0.816,0.37255000305175784
35534.69500003848,0.814,0.37055000305175784
35552.815000003204,0.81,0.36655000305175783
35568.165000004694,0.806,0.36455000305175783
35584.81000002939,0.798,0.3585500030517578
35601.075000013225,0.792,0.3545500030517578
35618.265000055544,0.784,0.3465500030517578
35634.77500004228,0.778,0.3405500030517578
35651.465000002645,0.774,0.3345500030517578
35668.06500003487,0.772,0.3325500030517578
35685.02500001341,0.77,0.3305500030517578
35701.47000002861,0.768,0.3325500030517578
35718.25500001386,0.766,0.3345500030517578
35734.84500002861,0.762,0.3425500030517578
35751.29500002414,0.76,0.3505500030517578
35768.280000017956,0.756,0.36055000305175783
35784.73500005156,0.754,0.36855000305175784
35801.29500001203,0.752,0.3765500030517578
35817.825000034645,0.754,0.3845500030517578
35834.81000002939,0.758,0.3885500030517578
35850.995000043884,0.764,0.3945500030517578
35868.44500002917,0.772,0.4005500030517578
35884.76500002481,0.78,0.4085500030517578
35901.48500003852,0.784,0.4165500030517578
35917.925000015646,0.788,0.42855000305175783
35934.64500003029,0.786,0.4405500030517578
35951.495000044815,0.782,0.4565500030517578
35968.25500001386,0.776,0.4705500030517578
35985.090000031516,0.768,0.49055000305175783
36001.71500002034,0.758,0.5105500030517578
36018.14500003867,0.752,0.5245500030517578
36034.635000047274,0.744,0.5405500030517578
36051.105000020936,0.742,0.5485500030517578
36067.77000002377,0.744,0.5585500030517578
36084.550000028685,0.748,0.5625500030517578
36102.29000001028,0.754,0.5665500030517578
36118.23000002187,0.762,0.5685500030517578
36134.85500001162,0.772,0.5705500030517578
36151.26500005089,0.78,0.5705500030517578
36168.12500002608,0.794,0.5685500030517578
36184.700000042096,0.804,0.5665500030517578
36201.28500001691,0.822,0.5625500030517578
36218.145000049844,0.838,0.5565500030517578
36234.820000012405,0.848,0.5545500030517578
36251.28500000574,0.854,0.5525500030517578
36268.44500005245,0.858,0.5505500030517578
36317.87500000745,0.856,0.5505500030517578
36335.0700000301,0.854,0.5485500030517578
36351.495000010356,0.852,0.5425500030517578
36367.73000005633,0.85,0.5325500030517578
36384.84500005096,0.846,0.5205500030517578
36400.9250000231,0.842,0.5065500030517578
36418.380000046454,0.838,0.49655000305175784
36434.82000002451,0.834,0.4845500030517578
36451.39000000246,0.832,0.4785500030517578
36467.94000000227,0.828,0.4745500030517578
36484.63000002131,0.828,0.4725500030517578
36518.27500003856,0.83,0.4725500030517578
36534.8450000165,0.836,0.4745500030517578
36551.175000029616,0.844,0.4745500030517578
36568.47000005655,0.858,0.4765500030517578
36584.58000002429,0.872,0.4785500030517578
36602.41000005044,0.886,0.4785500030517578
36617.810000024736,0.894,0.4785500030517578
36634.669999999925,0.896,0.4785500030517578
36651.535000011325,0.898,0.4785500030517578
36668.185000017285,0.896,0.4805500030517578
36701.33500004932,0.896,0.4825500030517578
36735.160000040196,0.896,0.4805500030517578
36751.41500000656,0.896,0.4785500030517578
36768.130000039935,0.898,0.4705500030517578
36784.855000033975,0.898,0.4625500030517578
36801.100000040606,0.898,0.4485500030517578
36818.36000003386,0.9,0.42855000305175783
36834.86000000313,0.902,0.4065500030517578
36851.31500003673,0.904,0.3945500030517578
36867.85000003874,0.906,0.3845500030517578
36885.075000057,0.906,0.3805500030517578
36901.520000014454,0.906,0.3765500030517578
36935.20500004478,0.908,0.3785500030517578
36951.73500000965,0.91,0.3845500030517578
36968.20000000298,0.912,0.3885500030517578
36984.73500000499,0.916,0.3945500030517578
37001.52500002831,0.924,0.4005500030517578
37017.70000002533,0.934,0.4045500030517578
37035.0350000076,0.942,0.4045500030517578
37051.53000005521,0.948,0.4025500030517578
37068.39000002947,0.952,0.4005500030517578
37085.250000003725,0.954,0.3985500030517578
37101.745000051335,0.956,0.4005500030517578
37118.215000024065,0.958,0.4045500030517578
37135.09000005387,0.96,0.4105500030517578
37151.43000002764,0.962,0.4225500030517578
37168.175000056624,0.964,0.43455000305175784
37184.86500001699,0.964,0.4485500030517578
37201.38500002213,0.964,0.4625500030517578
37218.19500002265,0.964,0.4825500030517578
37234.890000021085,0.964,0.49855000305175784
37251.08500005491,0.962,0.5125500030517578
37268.32500001229,0.964,0.5305500030517578
37284.8150000209,0.964,0.5445500030517578
37301.48500000313,0.968,0.5585500030517578
37317.85500003025,0.97,0.5705500030517578
37334.890000056475,0.97,0.5805500030517579
37351.31500003673,0.97,0.5885500030517579
37368.195000046864,0.97,0.6005500030517578
37384.8900000453,0.97,0.6065500030517578
37401.34500002023,0.97,0.6085500030517578
37417.905000038445,0.97,0.6105500030517578
37452.76000001468,0.97,0.6085500030517578
37468.28000003006,0.97,0.6025500030517578
37484.890000021085,0.964,0.5945500030517578
37501.265000028536,0.958,0.5885500030517579
37518.25500000268,0.944,0.5825500030517579
37534.8300000187,0.932,0.5825500030517579
37551.55000003241,0.918,0.5825500030517579
37568.16000002436,0.906,0.5825500030517579
37584.895000036806,0.898,0.5825500030517579
37601.20500001311,0.894,0.5845500030517579
37618.37999999989,0.892,0.5845500030517579
37634.88500000723,0.894,0.5865500030517579
37651.37500001583,0.896,0.5885500030517579
37669.355000020005,0.9,0.5925500030517579
37684.760000033304,0.904,0.5965500030517578
37701.55500003602,0.908,0.6045500030517578
37717.83000003733,0.91,0.6125500030517578
37734.875000024214,0.91,0.6185500030517578
37751.31500000134,0.908,0.6265500030517578
37768.17000005394,0.904,0.6345500030517578
37784.88500002958,0.9,0.6445500030517578
37801.33000004571,0.896,0.6525500030517578
37819.35500004329,0.892,0.6585500030517578
37834.820000046864,0.89,0.6645500030517578
37851.06000001542,0.89,0.6705500030517578
37868.490000022575,0.894,0.6765500030517578
37884.875000046566,0.898,0.6825500030517578
37901.40000003204,0.904,0.6865500030517578
37918.185000017285,0.908,0.6905500030517578
37934.770000050776,0.912,0.6925500030517578
37951.495000044815,0.912,0.6965500030517578
37967.83500001766,0.91,0.7025500030517579
37984.69500005059,0.906,0.7065500030517579
38001.09500001371,0.896,0.7105500030517579
38018.27500003856,0.886,0.7145500030517579
38034.8150000209,0.87,0.7145500030517579
38051.11500003841,0.856,0.7165500030517579
38068.21500003524,0.84,0.7165500030517579
38084.71000002511,0.828,0.7165500030517579
38101.59000003524,0.816,0.7165500030517579
38118.23000002187,0.81,0.7185500030517578
38134.97500005178,0.806,0.7185500030517578
38201.300000015646,0.806,0.7165500030517579
38235.085000051185,0.804,0.7125500030517579
38251.56500004232,0.8,0.7025500030517579
38268.25500000268,0.796,0.6845500030517578
38284.90500000771,0.792,0.6665500030517578
38301.375000039116,0.788,0.6505500030517578
38318.245000030845,0.782,0.6345500030517578
38334.91000003368,0.778,0.6245500030517578
38351.25500004552,0.776,0.6205500030517578
38367.590000038035,0.772,0.6185500030517578
38385.10000001453,0.772,0.6165500030517578
38434.87500003539,0.778,0.6165500030517578
38451.39500004053,0.786,0.6185500030517578
38468.18500000518,0.798,0.6185500030517578
38484.745000023395,0.806,0.6185500030517578
38501.56000000425,0.818,0.6185500030517578
38517.89500005543,0.824,0.6185500030517578
38534.90000002831,0.828,0.6205500030517578
38551.29500001203,0.83,0.6205500030517578
38568.49500001408,0.83,0.6225500030517578
38584.92500003241,0.828,0.6225500030517578
38619.380000047386,0.826,0.6205500030517578
38634.645000042394,0.824,0.6185500030517578
38651.13000001293,0.82,0.6125500030517578
38668.48500003107,0.816,0.6065500030517578
38684.93000004627,0.812,0.6005500030517578
38701.420000055805,0.806,0.5965500030517578
38718.170000007376,0.802,0.5945500030517578
38734.5900000073,0.798,0.5925500030517579
38751.260000048205,0.796,0.5905500030517579
38767.855000041425,0.794,0.5885500030517579
38834.895000036806,0.792,0.5885500030517579
38868.29500005115,0.786,0.5885500030517579
38884.790000040084,0.78,0.5905500030517579
38901.1200000532,0.77,0.5945500030517578
38917.765000020154,0.756,0.6005500030517578
38934.9200000288,0.746,0.6065500030517578
38951.27000002004,0.736,0.6145500030517578
38968.225000018254,0.728,0.6225500030517578
38984.93000003509,0.724,0.6285500030517578
39001.50000001304,0.726,0.6325500030517578
39018.31500005163,0.73,0.6365500030517578
39035.44000000693,0.736,0.6405500030517578
39051.60000000615,0.74,0.6425500030517578
39068.300000042655,0.746,0.6465500030517578
39084.94500000961,0.75,0.6525500030517578
39101.765000028536,0.752,0.6545500030517578
39117.89500003215,0.752,0.6585500030517578
39134.9250000203,0.752,0.6605500030517578
39151.62500005681,0.746,0.6625500030517578
39168.28000004217,0.74,0.6645500030517578
39184.61000005528,0.732,0.6645500030517578
39201.975000033155,0.722,0.6625500030517578
39218.23000005633,0.716,0.6605500030517578
39234.945000032894,0.708,0.6565500030517578
39251.27500004601,0.704,0.6565500030517578
39268.270000000484,0.698,0.6545500030517578
39284.8150000209,0.696,0.6525500030517578
39300.96500000171,0.694,0.6505500030517578
39318.14000004716,0.694,0.6485500030517578
39351.05000005569,0.694,0.6465500030517578
39368.19000000879,0.696,0.6445500030517578
39384.940000018105,0.698,0.6405500030517578
39401.69500000775,0.698,0.6385500030517578
39417.90000000037,0.698,0.6325500030517578
39434.61500003468,0.698,0.6245500030517578
39451.61500002723,0.698,0.6105500030517578
39468.41500001028,0.698,0.5985500030517578
39485.0000000447,0.698,0.5785500030517579
39501.4350000415,0.698,0.5605500030517578
39518.330000050366,0.696,0.5485500030517578
39534.72500003409,0.694,0.5405500030517578
39551.62000004202,0.69,0.5365500030517578
39567.74000002816,0.686,0.5345500030517578
39584.970000024885,0.682,0.5345500030517578
39601.44000005722,0.674,0.5345500030517578
39618.290000013076,0.67,0.5345500030517578
39634.96000005398,0.66,0.5385500030517578
39651.570000045,0.654,0.5405500030517578
39668.29000000097,0.646,0.5465500030517578
39684.42000000551,0.64,0.5505500030517578
39701.650000002235,0.634,0.5565500030517578
39717.820000019856,0.632,0.5625500030517578
39735.0000000447,0.63,0.5665500030517578
39751.43000000343,0.632,0.5705500030517578
39768.24500004295,0.634,0.5725500030517578
39784.985000034794,0.64,0.5765500030517579
39801.12000001781,0.648,0.5805500030517579
39817.760000005364,0.658,0.5845500030517579
39834.61000001989,0.664,0.5905500030517579
39851.64500004612,0.672,0.5965500030517578
39868.30500001088,0.676,0.6025500030517578
39884.95500001591,0.676,0.6125500030517578
39901.28000004962,0.672,0.6205500030517578
39917.93000005372,0.664,0.6305500030517578
39934.93000004627,0.654,0.6405500030517578
39951.54500001855,0.64,0.6505500030517578
39967.78000000678,0.626,0.6605500030517578
39984.9750000285,0.616,0.6685500030517578
40001.535000046715,0.608,0.6725500030517578
40018.22000002675,0.604,0.6765500030517578
40034.935000003316,0.602,0.6785500030517578
40067.890000006184,0.604,0.6785500030517578
40101.06000001542,0.606,0.6785500030517578
40135.47500001732,0.606,0.6805500030517578
40167.87500004284,0.61,0.6825500030517578
40185.055000009015,0.616,0.6825500030517578
40201.68000005651,0.626,0.6845500030517578
40217.745000030845,0.64,0.6865500030517578
40234.9750000285,0.65,0.6885500030517578
40251.45999999903,0.66,0.6905500030517578
40267.95000000857,0.664,0.6945500030517578
40284.990000015125,0.666,0.6985500030517579
40301.47500004433,0.666,0.7025500030517579
40317.87500000745,0.664,0.7065500030517579
40334.59000004269,0.662,0.7085500030517579
40351.690000039525,0.662,0.7105500030517579
40367.82000004314,0.66,0.7105500030517579
40384.97500005178,0.662,0.7105500030517579
40418.22000005096,0.664,0.7105500030517579
40435.00500003621,0.668,0.7085500030517579
40451.28500001691,0.674,0.7085500030517579
40467.80000004172,0.684,0.7045500030517579
40484.895000001416,0.692,0.7045500030517579
40501.49000005331,0.702,0.7005500030517579
40518.72500003129,0.708,0.7005500030517579
40535.005000011995,0.716,0.6985500030517579
40551.48000002373,0.72,0.6985500030517579
40700.87000000104,0.72,0.7025500030517579
40717.955000000075,0.72,0.7085500030517579
40734.84500002861,0.72,0.7165500030517579
40751.680000044405,0.722,0.7265500030517578
40767.62500003725,0.722,0.7345500030517578
40785.01000005007,0.724,0.7405500030517578
40801.310000009835,0.724,0.7445500030517578
40818.245000030845,0.726,0.7465500030517578
40834.99000000302,0.728,0.7465500030517578
40851.290000020526,0.732,0.7465500030517578
40867.945000005886,0.734,0.7445500030517578
40884.8950000247,0.738,0.7425500030517578
40901.110000034794,0.742,0.7425500030517578
40917.780000017956,0.748,0.7425500030517578
40935.01000001561,0.76,0.7405500030517578
40951.52500004042,0.774,0.7385500030517578
40967.92000002414,0.784,0.7385500030517578
40985.03500001971,0.798,0.7405500030517578
41001.71500002034,0.804,0.7425500030517578
41018.3550000079,0.81,0.7465500030517578
41034.59000005387,0.812,0.7525500030517578
41051.15000001341,0.81,0.7605500030517578
41068.29500000458,0.808,0.7665500030517578
41085.0600000117,0.8,0.7765500030517578
41101.565000019036,0.792,0.7865500030517578
41118.210000043735,0.786,0.7945500030517578
41134.95000003651,0.78,0.8005500030517578
41151.57500002533,0.776,0.8085500030517578
41167.68000001274,0.778,0.8125500030517578
41185.04000001121,0.78,0.8165500030517578
41201.62000000663,0.79,0.8185500030517578
41218.23000005633,0.798,0.8205500030517578
41235.025000002235,0.808,0.8245500030517579
41251.31000002101,0.814,0.8285500030517579
41268.115000043064,0.816,0.8325500030517579
41284.5950000342,0.816,0.8385500030517579
41301.70000001043,0.814,0.8485500030517578
41318.40000004694,0.814,0.8565500030517578
41335.03000001609,0.814,0.8605500030517578
41351.340000052005,0.818,0.8645500030517578
41368.35500004236,0.826,0.8645500030517578
41384.76500002481,0.838,0.8625500030517578
41401.7850000523,0.846,0.8585500030517578
41418.29000000097,0.856,0.8525500030517578
41434.945000045,0.862,0.8485500030517578
41451.14000001922,0.866,0.8445500030517578
41468.39500003308,0.864,0.8405500030517579
41485.06000003591,0.862,0.8365500030517579
41501.56500004232,0.858,0.8305500030517579
41518.41500005685,0.854,0.8245500030517579
41535.0250000488,0.848,0.8145500030517578
41551.715000009164,0.844,0.8065500030517578
41567.84000003245,0.84,0.7965500030517578
41585.0850000279,0.838,0.7925500030517578
41601.7300000526,0.836,0.7865500030517578
41618.26000001747,0.838,0.7845500030517578
41635.065000038594,0.842,0.7845500030517578
41651.56000002753,0.848,0.7845500030517578
41668.320000055246,0.854,0.7865500030517578
41684.69000002369,0.862,0.7905500030517578
41701.73000003025,0.874,0.7945500030517578
41718.155000009574,0.886,0.7985500030517578
41734.80000003427,0.894,0.8005500030517578
41751.15000002552,0.9,0.8045500030517578
41768.32000003196,0.904,0.8085500030517578
41785.08000000194,0.904,0.8205500030517578
41801.245000038296,0.9,0.8305500030517579
41818.33000003826,0.89,0.8445500030517578
41835.01500001922,0.884,0.8585500030517578
41851.745000051335,0.876,0.8745500030517578
41868.140000035055,0.876,0.8865500030517578
41885.06000000052,0.878,0.8925500030517578
41901.01500000991,0.884,0.8985500030517578
41918.29500003904,0.894,0.9005500030517578
41935.045000049286,0.904,0.9005500030517578
41951.27499999944,0.908,0.9005500030517578
41984.84000004828,0.908,0.9025500030517578
42001.75000005402,0.904,0.9045500030517578
42018.410000018775,0.9,0.9065500030517578
42034.705000055954,0.896,0.9085500030517578
42050.80500000622,0.894,0.9085500030517578
42068.36000003386,0.892,0.9105500030517578
42085.01500001922,0.89,0.9105500030517578
42101.60500003211,0.89,0.9125500030517578
42134.83000005409,0.89,0.9145500030517578
42151.09500003792,0.892,0.9165500030517578
42167.695000011474,0.892,0.9185500030517578
42184.66500000842,0.896,0.9185500030517578
42201.0100000184,0.898,0.9205500030517578
42218.24000001699,0.906,0.9205500030517578
42235.05500005558,0.914,0.9165500030517578
42251.410000026226,0.924,0.9105500030517578
42268.30000005476,0.934,0.9045500030517578
42284.935000003316,0.94,0.8965500030517578
42301.100000040606,0.948,0.8845500030517578
42317.65000004135,0.952,0.8745500030517578
42334.890000056475,0.95,0.8665500030517578
42351.16000002064,0.948,0.8585500030517578
42368.30000003055,0.942,0.8505500030517578
42385.070000018924,0.936,0.8425500030517579
42401.570000045,0.934,0.8385500030517579
42418.320000055246,0.932,0.8385500030517579
42434.74500003457,0.93,0.8365500030517579
42451.76500000525,0.932,0.8365500030517579
42468.41500001028,0.934,0.8345500030517579
42485.085000051185,0.938,0.8365500030517579
42501.63500005193,0.944,0.8405500030517579
42518.605000048876,0.95,0.8445500030517578
42535.185000044294,0.956,0.8525500030517578
42551.40000005439,0.962,0.8645500030517578
42568.22000001557,0.966,0.8745500030517578
42584.75500001758,0.968,0.8865500030517578
42601.770000008866,0.968,0.9025500030517578
42618.42500005104,0.968,0.9185500030517578
42636.48500002455,0.966,0.9285500030517578
42651.730000041425,0.964,0.9405500030517578
42668.930000043474,0.962,0.9465500030517578
42684.99500001781,0.962,0.9505500030517579
42719.84500001371,0.96,0.9525500030517579
42735.160000040196,0.96,0.9505500030517579
42752.640000021085,0.96,0.9485500030517579
42769.11000005156,0.954,0.9465500030517578
42785.25500005297,0.948,0.9465500030517578
42801.74000002444,0.932,0.9485500030517579
42818.850000039674,0.918,0.9505500030517579
42835.07500001043,0.892,0.9565500030517579
42852.53000003286,0.872,0.9605500030517579
42868.56000003219,0.846,0.9645500030517579
42885.010000027716,0.83,0.9665500030517579
42902.09500002675,0.816,0.9685500030517578
42918.44000003766,0.81,0.9685500030517578
42936.46500003524,0.808,0.9685500030517578
42952.86000001989,0.808,0.9665500030517579
42985.05000001751,0.81,0.9645500030517579
43002.575000049546,0.81,0.9625500030517579
43018.5700000152,0.81,0.9605500030517579
43035.27000005171,0.81,0.9565500030517579
43052.21500003245,0.806,0.9485500030517579
43068.61000001617,0.802,0.9425500030517578
43086.560000024736,0.796,0.9325500030517578
43102.85500000417,0.788,0.9245500030517578
43118.44000004977,0.782,0.9205500030517578
43136.61500002444,0.776,0.9185500030517578
43152.60000003036,0.77,0.9185500030517578
43169.21000002138,0.76,0.9205500030517578
43185.77000004053,0.75,0.9245500030517578
43201.79000002146,0.742,0.9305500030517578
43219.20000005048,0.736,0.9365500030517578
43236.52000003494,0.73,0.9405500030517578
43251.685000024736,0.726,0.9445500030517578
43269.6250000149,0.724,0.9445500030517578
43302.50500002876,0.722,0.9405500030517578
43319.690000033006,0.72,0.9325500030517578
43334.895000036806,0.72,0.9265500030517578
43351.93500004243,0.72,0.9145500030517578
43368.60000004526,0.72,0.9045500030517578
43386.53500005603,0.72,0.8945500030517578
43401.660000031814,0.722,0.8865500030517578
43418.51500002667,0.722,0.8825500030517578
43435.01000001561,0.722,0.8805500030517578
43452.540000027046,0.724,0.8785500030517578
43469.17000005487,0.728,0.8785500030517578
43486.260000034235,0.732,0.8785500030517578
43501.59500003792,0.742,0.8785500030517578
43518.98500003107,0.75,0.8765500030517578
43535.11000005528,0.762,0.8745500030517578
43552.46000003535,0.77,0.8705500030517578
43568.575000041164,0.774,0.8685500030517578
43584.90500005428,0.776,0.8685500030517578
43601.94000002183,0.774,0.8645500030517578
43618.47500002477,0.768,0.8625500030517578
43636.530000017956,0.764,0.8625500030517578
43651.5400000494,0.756,0.8605500030517578
43669.17000000831,0.75,0.8605500030517578
43686.32000003755,0.744,0.8565500030517578
43701.91500004195,0.74,0.8545500030517578
43718.48000003956,0.734,0.8525500030517578
43734.91000005789,0.73,0.8505500030517578
43752.990000007674,0.726,0.8505500030517578
43768.665000040084,0.724,0.8505500030517578
43785.17000004649,0.722,0.8505500030517578
43835.89500002563,0.724,0.8525500030517578
43869.29000000283,0.724,0.8545500030517578
43902.155000017956,0.724,0.8565500030517578
43918.96500001848,0.724,0.8585500030517578
43935.21500000544,0.722,0.8605500030517578
43951.68500003591,0.718,0.8665500030517578
43969.34000001103,0.716,0.8725500030517578
43985.93500000425,0.708,0.8825500030517578
44002.53000005614,0.702,0.8925500030517578
44019.1850000415,0.694,0.9065500030517578
44035.23500001803,0.688,0.9165500030517578
44053.24500001781,0.68,0.9265500030517578
44068.930000009015,0.676,0.9345500030517578
44085.14500001911,0.672,0.9385500030517578
44101.65500000585,0.672,0.9405500030517578
44135.78000001144,0.674,0.9385500030517578
44152.44000003487,0.676,0.9385500030517578
44169.09000003897,0.676,0.9365500030517578
44218.96000002697,0.676,0.9385500030517578
44235.1900000358,0.674,0.9405500030517578
44252.65000003856,0.672,0.9425500030517578
44269.860000000335,0.67,0.9445500030517578
44285.08000000194,0.666,0.9465500030517578
44302.30500001926,0.66,0.9465500030517578
44319.04000003077,0.654,0.9445500030517578
44335.15500003658,0.65,0.9425500030517578
44351.71000001766,0.644,0.9345500030517578
44368.685000052676,0.642,0.9285500030517578
44385.10000001453,0.642,0.9165500030517578
44402.53500000108,0.642,0.9105500030517578
44419.22500002012,0.642,0.9045500030517578
44435.70000003092,0.642,0.9005500030517578
44468.90000003576,0.64,0.8985500030517578
44503.265000006184,0.638,0.9005500030517578
44518.65000004135,0.636,0.9045500030517578
44535.15000001062,0.634,0.9125500030517578
44552.69500002079,0.632,0.9185500030517578
44569.220000004396,0.628,0.9265500030517578
44585.725000011735,0.622,0.9345500030517578
44601.87000001315,0.62,0.9385500030517578
44618.67000005394,0.616,0.9445500030517578
44635.17500000261,0.614,0.9485500030517579
44651.65000001434,0.612,0.9485500030517579
44685.870000044815,0.612,0.9465500030517578
44702.540000027046,0.612,0.9445500030517578
44719.22000002861,0.612,0.9385500030517578
44735.65500002541,0.614,0.9325500030517578
44751.830000022426,0.616,0.9245500030517578
44769.025000045076,0.618,0.9185500030517578
44785.10500001721,0.62,0.9065500030517578
44802.455000055954,0.62,0.8985500030517578
44819.31500002928,0.622,0.8945500030517578
44835.82500001602,0.622,0.8925500030517578
44852.47000004165,0.62,0.8905500030517578
44918.85000001639,0.618,0.8905500030517578
44969.63000000641,0.616,0.8925500030517578
44985.72500003502,0.614,0.8945500030517578
45001.85500003863,0.61,0.8965500030517578
45019.41500004567,0.606,0.8985500030517578
45035.4150000494,0.604,0.9025500030517578
45053.00500005297,0.6,0.9045500030517578
45068.61000001617,0.6,0.9065500030517578
45086.205000000075,0.598,0.9065500030517578
45101.88500001095,0.596,0.9025500030517578
45118.56000003219,0.592,0.8985500030517578
45131.9350000117,0.59,0.8965500030517578
