0,0.084,0.939349998474121
15.959999989718199,0.084,0.943349998474121
32.99499995773658,0.084,0.947349998474121
49.22499996609986,0.084,0.949349998474121
82.40999997360632,0.086,0.947349998474121
99.3649999727495,0.088,0.939349998474121
115.92000001110137,0.088,0.9253499984741211
132.68999999854714,0.09,0.8993499984741211
149.09999998053536,0.09,0.8673499984741211
165.9549999749288,0.09,0.8453499984741211
182.3549999971874,0.09,0.827349998474121
199.53499996336177,0.09,0.821349998474121
216.49999998044223,0.09,0.815349998474121
265.8850000007078,0.092,0.817349998474121
282.68499998375773,0.1,0.819349998474121
299.910000001546,0.114,0.821349998474121
316.1149999941699,0.13,0.819349998474121
333.5300000035204,0.154,0.813349998474121
350.0249999924563,0.172,0.8073499984741211
366.0950000048615,0.192,0.8013499984741211
382.74500000989065,0.204,0.7993499984741211
399.730000004638,0.212,0.8033499984741211
415.92499997932464,0.212,0.8093499984741211
433.870000008028,0.21,0.819349998474121
449.65500000398606,0.206,0.829349998474121
466.14999999292195,0.198,0.8453499984741211
482.38999996101484,0.188,0.8573499984741211
500.4450000124052,0.18,0.8653499984741211
516.0549999563955,0.172,0.8693499984741211
532.405000005383,0.164,0.8693499984741211
549.0149999968708,0.156,0.8653499984741211
566.8899999582209,0.15,0.8633499984741211
583.7249999749474,0.146,0.8573499984741211
599.820000003092,0.142,0.8553499984741211
616.0199999576434,0.14,0.8533499984741211
633.3899999735877,0.138,0.8533499984741211
649.634999979753,0.136,0.8553499984741211
666.4599999785423,0.134,0.8573499984741211
682.8649999806657,0.134,0.8633499984741211
699.544999981299,0.134,0.8693499984741211
716.3999999756925,0.132,0.8793499984741211
732.5199999613687,0.13,0.8893499984741211
749.5350000099279,0.128,0.8993499984741211
766.3099999772385,0.124,0.9093499984741211
783.5849999682978,0.124,0.9133499984741211
799.4149999576621,0.124,0.9173499984741211
816.309999965597,0.128,0.9193499984741211
832.750000001397,0.132,0.9193499984741211
849.6999999624677,0.138,0.9193499984741211
866.0350000136532,0.15,0.9173499984741211
882.6249999692664,0.164,0.9153499984741211
900.2899999613874,0.178,0.9133499984741211
915.8300000126474,0.192,0.9113499984741211
933.4049999597482,0.212,0.9113499984741211
949.5049999677576,0.228,0.9113499984741211
966.8499999679625,0.234,0.9093499984741211
982.6849999953993,0.238,0.9113499984741211
1000.0949999666773,0.24,0.9113499984741211
1049.529999960214,0.24,0.9093499984741211
1066.2149999989197,0.24,0.9073499984741211
1082.8699999838136,0.236,0.8973499984741211
1099.744999955874,0.234,0.8853499984741211
1116.4949999656528,0.234,0.8653499984741211
1132.4749999912456,0.236,0.8513499984741211
1149.2849999922328,0.238,0.8393499984741211
1165.7750000013039,0.238,0.8353499984741211
1182.9049999942072,0.238,0.8333499984741211
1199.579999956768,0.238,0.831349998474121
1299.2949999752454,0.236,0.8333499984741211
1315.9049999667332,0.236,0.8353499984741211
1333.2850000006147,0.234,0.8373499984741211
1349.9849999789149,0.232,0.8393499984741211
1399.5449999929406,0.232,0.8373499984741211
1416.0549999796785,0.232,0.8333499984741211
1432.8199999872595,0.232,0.825349998474121
1449.3249999941327,0.236,0.8113499984741211
1466.2849999731407,0.238,0.7993499984741211
1482.7449999866076,0.242,0.7853499984741211
1499.6699999901466,0.244,0.7773499984741211
1516.1399999633431,0.246,0.7713499984741211
1533.1149999983609,0.246,0.7693499984741211
1616.7399999685585,0.25,0.7713499984741211
1632.5899999937974,0.258,0.7753499984741211
1649.2999999900348,0.266,0.7773499984741211
1666.1749999620952,0.28,0.7773499984741211
1683.71000001207,0.294,0.7773499984741211
1698.8499999861233,0.31,0.7753499984741211
1715.6349999713711,0.324,0.7753499984741211
1733.65000000922,0.334,0.7753499984741211
1749.599999981001,0.338,0.7773499984741211
1765.979999967385,0.342,0.7773499984741211
1782.3349999962375,0.342,0.7793499984741211
1815.9049999667332,0.34,0.7813499984741211
1832.6449999585748,0.336,0.7853499984741211
1849.4749999954365,0.33,0.7893499984741211
1865.7799999928102,0.322,0.7933499984741211
1883.594999962952,0.31,0.7973499984741211
1899.619999981951,0.302,0.8013499984741211
1916.1749999620952,0.294,0.8053499984741211
1932.1099999942817,0.288,0.8093499984741211
1949.5049999677576,0.284,0.8113499984741211
1965.9399999654852,0.282,0.8113499984741211
1982.8400000114925,0.28,0.813349998474121
1999.9349999707192,0.282,0.813349998474121
2016.094999969937,0.284,0.813349998474121
2033.6349999997765,0.29,0.813349998474121
2049.509999982547,0.294,0.815349998474121
2066.159999987576,0.302,0.819349998474121
2082.8249999904074,0.306,0.821349998474121
2099.8299999628216,0.31,0.825349998474121
2116.519999981392,0.31,0.831349998474121
2132.419999979902,0.306,0.8393499984741211
2149.4850000017323,0.3,0.8493499984741211
2165.8900000038557,0.29,0.8633499984741211
2182.459999981802,0.282,0.8753499984741211
2199.5950000127777,0.278,0.8813499984741211
2216.084999963641,0.276,0.8853499984741211
2232.9049999825656,0.278,0.8873499984741211
2249.299999966752,0.286,0.8873499984741211
2265.7100000069477,0.296,0.8873499984741211
2282.444999960717,0.31,0.8873499984741211
2299.330000008922,0.324,0.8873499984741211
2316.134999971837,0.34,0.8913499984741211
2332.624999980908,0.348,0.8953499984741211
2349.35500001302,0.356,0.9013499984741211
2366.325000009965,0.358,0.9093499984741211
2382.5899999937974,0.36,0.9213499984741211
2399.509999959264,0.362,0.9273499984741211
2415.884999965783,0.362,0.9353499984741211
2432.8150000073947,0.364,0.939349998474121
2449.549999961164,0.364,0.941349998474121
2482.5849999906495,0.366,0.941349998474121
2500.1700000138953,0.368,0.9373499984741211
2515.79999999376,0.372,0.9313499984741211
2532.889999973122,0.382,0.9193499984741211
2549.300000013318,0.394,0.9033499984741211
2566.194999963045,0.41,0.8833499984741211
2582.349999982398,0.422,0.8653499984741211
2599.5549999643117,0.43,0.8573499984741211
2616.344999987632,0.434,0.8513499984741211
2632.849999994505,0.438,0.8453499984741211
2666.4999999920838,0.44,0.8433499984741211
2682.7749999938533,0.438,0.8433499984741211
2732.8099999576807,0.432,0.8393499984741211
2750.44999999227,0.418,0.8333499984741211
2765.6149999820627,0.406,0.829349998474121
2783.209999965038,0.388,0.823349998474121
2799.559999955818,0.378,0.821349998474121
2816.1049999762326,0.368,0.821349998474121
2832.315000006929,0.366,0.819349998474121
2849.6099999756552,0.364,0.819349998474121
2882.419999979902,0.366,0.817349998474121
2899.600000004284,0.37,0.815349998474121
2915.7049999921583,0.372,0.8113499984741211
2932.5199999730103,0.38,0.8033499984741211
2949.4749999721535,0.386,0.7953499984741211
2966.744999983348,0.394,0.7773499984741211
2982.7299999888055,0.4,0.7633499984741211
3000.0899999868125,0.404,0.7513499984741211
3015.7950000138953,0.406,0.7453499984741211
3032.970000000205,0.406,0.7413499984741211
3066.2000000011176,0.408,0.7393499984741211
3099.4300000020303,0.412,0.7393499984741211
3116.074999968987,0.42,0.7413499984741211
3132.7300000120886,0.438,0.7433499984741211
3149.1249999962747,0.466,0.7433499984741211
3165.9449999569915,0.488,0.7433499984741211
3183.329999970738,0.522,0.7413499984741211
3199.6799999615178,0.542,0.7393499984741211
3217.0099999639206,0.562,0.7373499984741211
3232.674999977462,0.57,0.7373499984741211
3249.2499999934807,0.574,0.7393499984741211
3265.819999971427,0.576,0.7413499984741211
3282.825000002049,0.572,0.7453499984741211
3299.4199999957345,0.568,0.7493499984741211
3316.099999996368,0.558,0.7553499984741211
3332.4049999937415,0.544,0.7653499984741211
3349.1250000079162,0.532,0.7733499984741211
3365.924999990966,0.52,0.7793499984741211
3382.400000002235,0.508,0.7853499984741211
3399.0350000094622,0.5,0.7873499984741211
3415.8300000126474,0.496,0.7893499984741211
3433.019999996759,0.496,0.7913499984741211
3466.039999970235,0.498,0.7913499984741211
3482.404999958817,0.502,0.7913499984741211
3499.6599999722093,0.508,0.7933499984741211
3515.964999969583,0.512,0.7953499984741211
3532.7950000064448,0.516,0.8013499984741211
3549.514999962412,0.518,0.8073499984741211
3566.209999960847,0.518,0.813349998474121
3582.4699999648146,0.516,0.823349998474121
3599.7499999939464,0.512,0.831349998474121
3615.9999999799766,0.504,0.8433499984741211
3632.999999972526,0.496,0.8513499984741211
3649.4149999925867,0.488,0.8613499984741211
3666.259999969043,0.484,0.8673499984741211
3682.6550000114366,0.482,0.8713499984741211
3699.529999983497,0.482,0.8733499984741211
3716.2099999841303,0.484,0.8753499984741211
3732.804999977816,0.49,0.8753499984741211
3748.829999996815,0.492,0.8773499984741211
3766.334999992978,0.492,0.8793499984741211
3782.569999981206,0.494,0.8833499984741211
3799.0850000060163,0.492,0.8913499984741211
3815.7999999821186,0.488,0.8993499984741211
3834.0299999690615,0.482,0.9113499984741211
3849.5249999687076,0.478,0.9213499984741211
3866.1749999737367,0.474,0.9333499984741211
3883.0099999904633,0.474,0.939349998474121
3899.7249999665655,0.478,0.945349998474121
3916.4749999763444,0.488,0.947349998474121
3933.9449999970384,0.5,0.945349998474121
3951.0149999987334,0.516,0.943349998474121
3966.889999981504,0.54,0.9373499984741211
3983.5599999642,0.562,0.9313499984741211
4000.6949999951757,0.576,0.9273499984741211
4017.394999973476,0.592,0.9253499984741211
4033.6799999931827,0.6,0.9233499984741211
4050.6750000058673,0.606,0.9233499984741211
4067.059999972116,0.608,0.9233499984741211
4083.7699999683537,0.61,0.9253499984741211
4116.25500000082,0.608,0.9253499984741211
4133.014999970328,0.604,0.9233499984741211
4149.494999961462,0.598,0.9133499984741211
4166.114999970887,0.59,0.8993499984741211
4184.245000011288,0.582,0.8773499984741211
4199.574999976903,0.576,0.8593499984741211
4216.83499997016,0.574,0.8493499984741211
4234.104999981355,0.57,0.8413499984741211
4250.6500000017695,0.57,0.8393499984741211
4267.534999991767,0.568,0.8373499984741211
4283.560000010766,0.568,0.8353499984741211
4333.564999978989,0.57,0.8353499984741211
4349.479999975301,0.572,0.8353499984741211
4366.894999984652,0.582,0.8353499984741211
4383.484999998473,0.596,0.8333499984741211
4399.619999981951,0.612,0.831349998474121
4416.774999990594,0.63,0.825349998474121
4434.204999997746,0.642,0.823349998474121
4451.009999960661,0.656,0.819349998474121
4466.569999989588,0.664,0.817349998474121
4484.230000001844,0.668,0.815349998474121
4499.904999975115,0.67,0.815349998474121
4517.189999984112,0.668,0.817349998474121
4532.814999984112,0.666,0.823349998474121
4549.544999958016,0.66,0.829349998474121
4566.950000007637,0.654,0.8393499984741211
4583.2550000050105,0.652,0.8433499984741211
4599.864999996498,0.65,0.8493499984741211
4616.909999982454,0.648,0.8553499984741211
4633.674999990035,0.648,0.8613499984741211
4649.555000010878,0.65,0.8633499984741211
4666.229999973439,0.652,0.8653499984741211
4683.915000001434,0.658,0.8653499984741211
4699.569999997038,0.662,0.8653499984741211
4716.169999970589,0.666,0.8673499984741211
4733.729999978095,0.67,0.8673499984741211
4750.865000009071,0.674,0.8693499984741211
4766.234999988228,0.678,0.8713499984741211
4783.3799999789335,0.68,0.8733499984741211
4799.67499995837,0.682,0.8753499984741211
4816.084999998566,0.682,0.8773499984741211
4833.069999993313,0.682,0.8833499984741211
4850.975000008475,0.676,0.8873499984741211
4867.204999958631,0.67,0.8933499984741211
4883.9399999706075,0.662,0.8993499984741211
4899.830000009388,0.656,0.9033499984741211
4916.885000013281,0.65,0.9093499984741211
4933.090000005905,0.648,0.9113499984741211
4950.459999963641,0.65,0.9153499984741211
4967.594999994617,0.654,0.9173499984741211
4983.039999962784,0.66,0.9173499984741211
4999.629999976605,0.668,0.9173499984741211
5016.219999990426,0.68,0.9173499984741211
5033.934999955818,0.694,0.9173499984741211
5050.5949999787845,0.704,0.9153499984741211
5066.239999956451,0.716,0.9153499984741211
5083.494999969844,0.728,0.9153499984741211
5099.684999964666,0.738,0.9153499984741211
5117.314999981318,0.744,0.9153499984741211
5132.969999976922,0.746,0.9153499984741211
5199.5849999948405,0.748,0.9153499984741211
5233.589999959804,0.748,0.9113499984741211
5250.534999999218,0.752,0.8993499984741211
5266.44999999553,0.756,0.8873499984741211
5283.3999999566,0.762,0.8653499984741211
5299.889999965671,0.77,0.8493499984741211
5316.255000012461,0.778,0.831349998474121
5333.485000010114,0.782,0.823349998474121
5350.414999993518,0.786,0.815349998474121
5366.570000012871,0.788,0.813349998474121
5400.199999974575,0.786,0.813349998474121
5416.4899999741465,0.784,0.813349998474121
5433.974999992643,0.776,0.815349998474121
5450.0349999871105,0.768,0.817349998474121
5466.919999977108,0.754,0.823349998474121
5482.8400000114925,0.742,0.829349998474121
5499.6549999923445,0.726,0.8373499984741211
5516.849999956321,0.716,0.8413499984741211
5533.109999960288,0.708,0.8433499984741211
5550.979999999981,0.706,0.8453499984741211
5566.950000007637,0.706,0.8433499984741211
5583.304999978282,0.708,0.8373499984741211
5599.794999987353,0.712,0.827349998474121
5616.455000010319,0.716,0.8113499984741211
5633.099999977276,0.718,0.7973499984741211
5650.694999960251,0.716,0.7833499984741211
5666.425000003073,0.714,0.7673499984741211
5683.514999982435,0.71,0.7553499984741211
5700.6299999775365,0.708,0.7493499984741211
5716.779999958817,0.704,0.7433499984741211
5733.1000000122,0.704,0.7413499984741211
5749.5449999696575,0.702,0.7413499984741211
5766.97499997681,0.702,0.7393499984741211
5783.605000004172,0.706,0.7393499984741211
5800.794999988284,0.712,0.7373499984741211
5816.909999994095,0.726,0.7333499984741211
5833.470000012312,0.74,0.7313499984741211
5849.489999993239,0.762,0.7273499984741211
5866.924999980256,0.788,0.7213499984741211
5882.745000009891,0.806,0.7173499984741211
5899.589999986347,0.82,0.7153499984741211
5916.284999984782,0.832,0.7133499984741211
5933.399999979883,0.838,0.7133499984741211
5950.13499999186,0.838,0.7153499984741211
5966.049999988172,0.84,0.7193499984741211
5983.624999993481,0.838,0.7273499984741211
5999.644999974407,0.838,0.7373499984741211
6016.514999966603,0.838,0.7453499984741211
6033.954999991693,0.84,0.7553499984741211
6049.794999998994,0.84,0.7633499984741211
6066.724999982398,0.842,0.7713499984741211
6083.044999977574,0.846,0.7753499984741211
6100.15499999281,0.852,0.7813499984741211
6117.389999970328,0.86,0.7853499984741211
6133.109999995213,0.868,0.7873499984741211
6149.8199999914505,0.874,0.7913499984741211
6166.879999975208,0.88,0.7953499984741211
6182.99499998102,0.884,0.7993499984741211
6200.194999983069,0.884,0.8053499984741211
6217.279999982566,0.882,0.815349998474121
6233.499999972992,0.878,0.825349998474121
6250.694999995176,0.87,0.8373499984741211
6266.119999985676,0.86,0.8473499984741211
6283.194999967236,0.848,0.8613499984741211
6299.934999959078,0.84,0.8693499984741211
6317.479999968782,0.83,0.8773499984741211
6332.98999996623,0.824,0.8853499984741211
6350.730000005569,0.822,0.8873499984741211
6366.839999973308,0.822,0.8893499984741211
6383.594999962952,0.824,0.8913499984741211
6399.639999959618,0.828,0.8913499984741211
6417.34499996528,0.83,0.8913499984741211
6433.045000012498,0.832,0.8913499984741211
6449.574999976903,0.832,0.8933499984741211
6466.944999992847,0.832,0.8953499984741211
6483.030000003055,0.83,0.8973499984741211
6500.414999958593,0.826,0.9053499984741211
6517.07499998156,0.822,0.9113499984741211
6532.910000008997,0.82,0.9173499984741211
6549.919999961276,0.82,0.9233499984741211
6566.200000001118,0.824,0.9313499984741211
6582.799999974668,0.834,0.9373499984741211
6599.914999969769,0.844,0.939349998474121
6616.804999997839,0.862,0.939349998474121
6633.250000013504,0.876,0.939349998474121
6650.184999976773,0.894,0.9353499984741211
6666.334999958053,0.91,0.9313499984741211
6682.739999960177,0.918,0.9313499984741211
6700.565000006463,0.922,0.9293499984741211
6716.5599999716505,0.924,0.9293499984741211
6799.49999996461,0.926,0.9293499984741211
6833.939999982249,0.926,0.9273499984741211
6849.6199999935925,0.926,0.9253499984741211
6866.244999982882,0.926,0.9193499984741211
6883.540000009816,0.926,0.9093499984741211
6899.639999959618,0.922,0.8873499984741211
6916.4549999986775,0.922,0.8553499984741211
6933.039999974426,0.922,0.829349998474121
6949.314999976195,0.924,0.7973499984741211
6966.145000013057,0.926,0.7753499984741211
6983.145000005607,0.928,0.7533499984741211
6999.629999976605,0.928,0.7393499984741211
7017.469999962486,0.928,0.7273499984741211
7033.664999995381,0.928,0.7213499984741211
7049.5649999938905,0.928,0.7153499984741211
7066.7399999802,0.928,0.7133499984741211
7166.324999998324,0.924,0.7153499984741211
7183.465000009164,0.92,0.7153499984741211
7200.284999969881,0.91,0.7193499984741211
7216.374999959953,0.902,0.7233499984741211
7233.030000003055,0.892,0.7293499984741211
7250.769999984186,0.886,0.7313499984741211
7266.245000006165,0.88,0.7353499984741211
7333.519999985583,0.882,0.7333499984741211
7350.0699999858625,0.884,0.7313499984741211
7366.2400000030175,0.884,0.7253499984741211
7383.024999988265,0.884,0.7153499984741211
7399.709999968763,0.882,0.705349998474121
7417.399999976624,0.88,0.689349998474121
7433.79499996081,0.878,0.6753499984741211
7449.679999961518,0.874,0.6613499984741211
7466.275000013411,0.87,0.6513499984741211
7482.915000000503,0.868,0.6453499984741211
7499.619999958668,0.866,0.6413499984741211
7517.434999987017,0.864,0.6373499984741211
7533.394999976736,0.864,0.6353499984741211
7566.850000002887,0.864,0.6333499984741211
7583.500000007916,0.868,0.6333499984741211
7599.739999976009,0.876,0.6333499984741211
7617.299999983516,0.884,0.6313499984741211
7633.585000003222,0.896,0.6293499984741211
7649.499999999534,0.902,0.6293499984741211
7666.3449999759905,0.91,0.6273499984741211
7683.06999997003,0.912,0.6273499984741211
7699.614999990445,0.914,0.6293499984741211
7733.45999995945,0.914,0.6313499984741211
7749.844999983907,0.914,0.6353499984741211
7766.934999963269,0.912,0.6413499984741211
7783.374999999069,0.91,0.6473499984741211
7799.300000013318,0.91,0.6533499984741211
7816.554999968503,0.908,0.6613499984741211
7833.775000006426,0.908,0.6653499984741211
7850.410000013653,0.908,0.6673499984741211
7866.519999981392,0.908,0.6693499984741211
7883.0899999593385,0.912,0.6713499984741211
7899.639999959618,0.916,0.6713499984741211
7916.89499997301,0.922,0.6713499984741211
7932.939999969676,0.93,0.6713499984741211
7949.655000003986,0.934,0.6713499984741211
7967.009999963921,0.938,0.6713499984741211
7982.855000009295,0.942,0.6713499984741211
7999.509999994189,0.944,0.6713499984741211
8082.865000003949,0.944,0.6693499984741211
8099.60499999579,0.944,0.6653499984741211
8115.8050000085495,0.942,0.6593499984741211
8133.824999968056,0.942,0.6453499984741211
8150.595000013709,0.942,0.6253499984741211
8166.120000008959,0.944,0.6093499984741211
8183.699999994133,0.946,0.5913499984741211
8199.824999959674,0.946,0.5833499984741211
8217.40999998292,0.946,0.577349998474121
8233.189999999013,0.946,0.573349998474121
8249.65000001248,0.946,0.571349998474121
8266.479999991134,0.944,0.569349998474121
8316.369999956805,0.942,0.567349998474121
8333.034999959636,0.934,0.565349998474121
8349.719999998342,0.926,0.5613499984741211
8366.52999999933,0.91,0.5553499984741211
8382.899999967776,0.894,0.5513499984741211
8400.359999970533,0.87,0.5453499984741211
8417.079999984708,0.85,0.5393499984741211
8433.529999980237,0.826,0.5353499984741211
8449.504999967758,0.81,0.5313499984741211
8466.394999995828,0.794,0.5273499984741211
8483.179999981076,0.786,0.5253499984741211
8500.579999992624,0.782,0.5233499984741211
8516.00000000326,0.78,0.5233499984741211
8533.744999964256,0.78,0.5213499984741211
8550.675000005867,0.782,0.5213499984741211
8566.59000000218,0.784,0.5213499984741211
8583.065000013448,0.786,0.5233499984741211
8600.174999970477,0.788,0.5233499984741211
8616.214999987278,0.79,0.5273499984741211
8633.730000001378,0.79,0.5293499984741211
8650.259999965783,0.788,0.5353499984741211
8666.529999987688,0.782,0.5433499984741211
8683.309999993071,0.774,0.5513499984741211
8699.800000002142,0.764,0.5593499984741211
8716.424999991432,0.748,0.569349998474121
8733.695000002626,0.732,0.579349998474121
8749.695000005886,0.722,0.5853499984741211
8766.314999957103,0.712,0.5933499984741211
8782.944999984466,0.71,0.5953499984741211
8799.579999991693,0.708,0.5973499984741211
8816.984999983106,0.71,0.5973499984741211
8834.084999980405,0.714,0.5993499984741211
8849.619999993593,0.722,0.5973499984741211
8867.319999961182,0.736,0.5973499984741211
8883.544999989681,0.752,0.5973499984741211
8899.664999975357,0.762,0.5973499984741211
8916.91999998875,0.776,0.5993499984741211
8933.774999983143,0.782,0.6013499984741211
8949.65999998385,0.788,0.6033499984741211
8966.429999971297,0.788,0.6053499984741211
8983.804999967106,0.786,0.6113499984741211
9000.059999991208,0.784,0.6153499984741211
9016.330000013113,0.78,0.6213499984741211
9033.69000001112,0.776,0.6253499984741211
9049.73999998765,0.774,0.6273499984741211
9066.155000007711,0.772,0.6313499984741211
9083.144999982323,0.77,0.6333499984741211
9099.669999966864,0.77,0.6353499984741211
9117.209999996703,0.772,0.6353499984741211
9133.374999975786,0.774,0.6373499984741211
9149.99499998521,0.776,0.6373499984741211
9166.36999999173,0.782,0.6373499984741211
9182.975000003353,0.786,0.6373499984741211
9200.405000010505,0.792,0.6353499984741211
9215.96999996109,0.796,0.6353499984741211
9233.094999974128,0.8,0.6333499984741211
9249.614999978803,0.804,0.6313499984741211
9266.339999972843,0.808,0.6293499984741211
9283.059999987017,0.81,0.6293499984741211
9299.844999972265,0.812,0.6273499984741211
9316.344999999274,0.814,0.6253499984741211
9332.950000010896,0.816,0.6253499984741211
9349.63000001153,0.818,0.6233499984741211
9466.829999990296,0.818,0.6253499984741211
9499.849999963772,0.816,0.6293499984741211
9516.360000008717,0.816,0.6353499984741211
9533.244999998715,0.816,0.6453499984741211
9550.164999964181,0.816,0.6513499984741211
9566.259999992326,0.814,0.6593499984741211
9583.129999984521,0.814,0.6653499984741211
9600.109999999404,0.814,0.6713499984741211
9616.119999962393,0.814,0.6733499984741211
9649.809999973513,0.814,0.6753499984741211
9700.429999968037,0.812,0.6753499984741211
9716.104999999516,0.808,0.6753499984741211
9733.214999956544,0.802,0.6773499984741211
9749.689999967813,0.794,0.6793499984741211
9766.319999995176,0.78,0.6833499984741211
9782.959999982268,0.762,0.691349998474121
9799.769999983255,0.746,0.697349998474121
9816.274999990128,0.728,0.703349998474121
9832.53999997396,0.716,0.7073499984741211
9849.690000002738,0.706,0.7113499984741211
9866.719999990892,0.702,0.7133499984741211
9882.994999992661,0.7,0.7153499984741211
9899.459999985993,0.698,0.7153499984741211
9966.154999972787,0.696,0.7113499984741211
9983.30999998143,0.694,0.705349998474121
9999.89999999525,0.692,0.697349998474121
10016.414999961853,0.688,0.6813499984741211
10033.439999970142,0.684,0.6653499984741211
10049.304999993183,0.682,0.6553499984741211
10066.300000005867,0.682,0.6493499984741211
10083.554999961052,0.68,0.6433499984741211
10099.950000003446,0.68,0.6413499984741211
10199.874999991152,0.682,0.6413499984741211
10216.374999959953,0.688,0.6413499984741211
10233.744999975897,0.694,0.6413499984741211
10249.894999957178,0.702,0.6413499984741211
10266.264999983832,0.71,0.6393499984741211
10282.934999966528,0.716,0.6393499984741211
10300.059999979567,0.718,0.6393499984741211
10500.085000006948,0.716,0.6373499984741211
10516.339999972843,0.714,0.6333499984741211
10533.059999987017,0.708,0.6293499984741211
10549.669999978505,0.704,0.6253499984741211
10566.974999965169,0.698,0.6213499984741211
10583.584999956656,0.692,0.6173499984741211
10599.694999982603,0.688,0.6153499984741211
10616.314999992028,0.686,0.6153499984741211
10649.934999994002,0.684,0.6133499984741211
10683.13499999931,0.686,0.6133499984741211
10832.729999965522,0.684,0.6133499984741211
11049.319999990985,0.686,0.6133499984741211
11233.369999972638,0.684,0.6133499984741211
11300.01499998616,0.686,0.6133499984741211
11716.399999975692,0.684,0.6113499984741211
11732.85999998916,0.684,0.6033499984741211
11749.97499998426,0.682,0.5913499984741211
11766.659999964759,0.68,0.577349998474121
11783.085000002757,0.68,0.5573499984741211
11800.32499996014,0.678,0.5393499984741211
11816.074999980628,0.676,0.5313499984741211
11833.084999991115,0.676,0.5233499984741211
11849.769999971613,0.674,0.5193499984741211
11866.60499998834,0.674,0.5173499984741211
11883.084999979474,0.674,0.5153499984741211
11932.74499999825,0.674,0.5133499984741211
12015.929999994114,0.672,0.5133499984741211
12033.59000000637,0.664,0.5113499984741211
12049.689999956172,0.652,0.5073499984741211
12066.294999967795,0.64,0.5053499984741211
12082.28999999119,0.622,0.5053499984741211
12099.724999978207,0.606,0.5053499984741211
12116.539999959059,0.588,0.5073499984741211
12133.189999964088,0.578,0.5073499984741211
12149.75499996217,0.568,0.5093499984741211
12166.529999987688,0.564,0.5093499984741211
12199.949999980163,0.564,0.5073499984741211
12216.030000010505,0.568,0.5073499984741211
12232.949999975972,0.574,0.5073499984741211
12249.844999983907,0.58,0.5073499984741211
12266.37500000652,0.592,0.5073499984741211
12283.17499998957,0.598,0.5093499984741211
12299.899999983609,0.606,0.5133499984741211
12317.029999976512,0.61,0.5153499984741211
12332.679999992251,0.612,0.5173499984741211
12349.760000011884,0.612,0.5213499984741211
12366.195000009611,0.61,0.5273499984741211
12382.370000006631,0.602,0.5373499984741211
12399.875000002794,0.592,0.5473499984741211
12416.024999984074,0.582,0.5553499984741211
12433.320000011008,0.57,0.569349998474121
12450.030000007246,0.56,0.581349998474121
12466.51999995811,0.554,0.5893499984741211
12482.649999961723,0.55,0.5973499984741211
12499.719999963418,0.55,0.6013499984741211
12516.419999999925,0.55,0.6033499984741211
12532.829999981914,0.55,0.6053499984741211
12549.919999961276,0.552,0.6053499984741211
12649.449999968056,0.554,0.6073499984741211
12665.784999961033,0.56,0.6093499984741211
12682.634999975562,0.57,0.6113499984741211
12699.954999960028,0.582,0.6133499984741211
12716.119999997318,0.596,0.6153499984741211
12732.794999959879,0.614,0.6153499984741211
12749.710000003688,0.626,0.6153499984741211
12766.620000009425,0.632,0.6153499984741211
12783.100000000559,0.634,0.6153499984741211
12899.455000006128,0.632,0.6133499984741211
12915.734999987762,0.63,0.6073499984741211
12932.304999965709,0.626,0.5973499984741211
12949.924999964423,0.622,0.5893499984741211
12966.079999983776,0.62,0.581349998474121
12982.749999966472,0.616,0.573349998474121
12999.614999978803,0.614,0.569349998474121
13016.52499998454,0.614,0.567349998474121
13116.474999987986,0.616,0.567349998474121
13149.839999969117,0.618,0.567349998474121
13166.664999967907,0.624,0.569349998474121
13183.525000000373,0.63,0.571349998474121
13199.454999994487,0.634,0.571349998474121
13216.079999983776,0.638,0.571349998474121
13232.699999993201,0.64,0.573349998474121
13516.44999999553,0.64,0.575349998474121
13533.339999965392,0.642,0.581349998474121
13549.185000010766,0.642,0.5933499984741211
13566.26499997219,0.644,0.6113499984741211
13583.029999979772,0.646,0.6273499984741211
13599.809999985155,0.646,0.6433499984741211
13616.470000008121,0.646,0.6573499984741211
13633.384999993723,0.646,0.6633499984741211
13649.22999998089,0.646,0.6653499984741211
13666.274999966845,0.646,0.6673499984741211
13778.464999981225,0.648,0.6673499984741211
13800.264999968931,0.648,0.6693499984741211
13849.6799999848,0.646,0.6673499984741211
13866.689999995288,0.646,0.6693499984741211
13983.48499997519,0.646,0.6673499984741211
14017.475000000559,0.644,0.6673499984741211
14034.129999985453,0.636,0.6613499984741211
14051.204999967013,0.624,0.6553499984741211
14067.48999998672,0.616,0.6513499984741211
14083.494999969844,0.61,0.6493499984741211
14100.440000009257,0.604,0.6473499984741211
14117.274999967776,0.602,0.6453499984741211
14233.754999993835,0.602,0.6493499984741211
14250.429999956395,0.604,0.6573499984741211
14267.784999974538,0.606,0.6693499984741211
14283.789999957662,0.612,0.689349998474121
14300.994999997783,0.616,0.703349998474121
14317.954999976791,0.62,0.7173499984741211
14333.894999988843,0.624,0.7273499984741211
14351.049999997485,0.626,0.7333499984741211
14367.67999996664,0.626,0.7353499984741211
14399.964999989606,0.626,0.7373499984741211
14534.334999974817,0.626,0.7353499984741211
14567.73999996949,0.62,0.7313499984741211
14584.395000012591,0.608,0.7233499984741211
14600.234999961685,0.596,0.7133499984741211
14617.184999980964,0.578,0.699349998474121
14633.434999966994,0.564,0.693349998474121
14650.489999970887,0.548,0.6853499984741211
14667.614999983925,0.538,0.6833499984741211
14684.100000013132,0.532,0.6813499984741211
14700.124999973923,0.528,0.6793499984741211
14750.854999991134,0.528,0.6773499984741211
14766.929999983404,0.528,0.6793499984741211
14800.594999978784,0.526,0.6793499984741211
14917.354999983218,0.522,0.6813499984741211
14934.390000009444,0.516,0.6873499984741211
14951.154999958817,0.508,0.693349998474121
14966.82500001043,0.502,0.699349998474121
14983.864999958314,0.496,0.703349998474121
15000.959999975748,0.492,0.7073499984741211
15017.194999963976,0.49,0.7093499984741211
15034.019999962766,0.49,0.7113499984741211
15083.140000002459,0.488,0.7073499984741211
15100.715000007767,0.484,0.703349998474121
15117.059999960475,0.478,0.695349998474121
15133.674999990035,0.474,0.6853499984741211
15149.815000011586,0.466,0.6733499984741211
15167.46999998577,0.462,0.6653499984741211
15183.604999969248,0.458,0.6573499984741211
15201.05999999214,0.456,0.6533499984741211
15216.680000012275,0.454,0.6513499984741211
15249.929999990854,0.454,0.6493499984741211
15333.619999990333,0.456,0.6493499984741211
15350.570000009611,0.464,0.6473499984741211
15367.739999957848,0.47,0.6453499984741211
15383.334999962244,0.478,0.6413499984741211
15400.834999978542,0.486,0.6393499984741211
15417.264999996405,0.494,0.6373499984741211
15434.299999964423,0.498,0.6353499984741211
15550.545000005513,0.498,0.6373499984741211
15567.554999957792,0.498,0.6393499984741211
15583.709999977145,0.5,0.6433499984741211
15600.830000010319,0.502,0.6453499984741211
15616.95499997586,0.502,0.6473499984741211
15633.715000003576,0.504,0.6493499984741211
15651.175000006333,0.506,0.6513499984741211
15667.614999983925,0.51,0.6513499984741211
15683.580000011716,0.512,0.6513499984741211
15717.279999982566,0.514,0.6493499984741211
15734.094999963418,0.514,0.6513499984741211
15767.684999969788,0.514,0.6493499984741211
15783.659999957308,0.516,0.6493499984741211
15800.56499998318,0.518,0.6513499984741211
15817.609999969136,0.522,0.6513499984741211
15833.91499996651,0.53,0.6493499984741211
15850.069999985863,0.536,0.6493499984741211
15866.585000010673,0.542,0.6473499984741211
15883.759999996983,0.546,0.6473499984741211
15900.209999992512,0.55,0.6473499984741211
15934.1349999886,0.552,0.6473499984741211
16050.76499999268,0.55,0.6453499984741211
16084.144999971613,0.548,0.6433499984741211
16100.559999991674,0.546,0.6393499984741211
16117.374999972526,0.542,0.6353499984741211
16133.864999981597,0.538,0.6293499984741211
16151.399999973364,0.53,0.6193499984741211
16167.36999998102,0.522,0.6093499984741211
16183.61999996705,0.518,0.6033499984741211
16200.524999992922,0.512,0.5973499984741211
16216.90999995917,0.51,0.5953499984741211
16234.219999983907,0.51,0.5933499984741211
16250.414999958593,0.508,0.5933499984741211
16433.54499997804,0.508,0.5913499984741211
16450.789999973495,0.506,0.5913499984741211
16483.529999968596,0.504,0.5913499984741211
16500.144999998156,0.502,0.5913499984741211
16517.194999963976,0.498,0.5953499984741211
16534.409999963827,0.492,0.6013499984741211
16549.94999995688,0.488,0.6073499984741211
16566.694999986794,0.484,0.6133499984741211
16583.81499996176,0.482,0.6153499984741211
16601.064999995288,0.48,0.6153499984741211
16633.864999981597,0.478,0.6093499984741211
16650.424999999814,0.474,0.5953499984741211
16667.06999996677,0.472,0.5833499984741211
16684.324999980163,0.47,0.563349998474121
16700.030000007246,0.472,0.5513499984741211
16717.304999998305,0.472,0.5393499984741211
16733.569999982137,0.472,0.5353499984741211
16750.75999996625,0.47,0.5313499984741211
16767.545000009704,0.47,0.5293499984741211
16917.32000000775,0.472,0.5293499984741211
16933.259999961592,0.472,0.5313499984741211
16950.629999977536,0.478,0.5333499984741211
16966.769999999087,0.484,0.5353499984741211
16984.419999993406,0.494,0.5393499984741211
17000.854999991134,0.504,0.5433499984741211
17016.535000002477,0.512,0.5453499984741211
17033.654999977443,0.516,0.5473499984741211
17050.51500000991,0.52,0.5493499984741211
17066.62499997765,0.52,0.5513499984741211
17200.13499999186,0.52,0.5493499984741211
17217.089999991003,0.52,0.5473499984741211
17233.964999963064,0.518,0.5413499984741211
17250.48499996774,0.516,0.5313499984741211
17266.714999976102,0.514,0.5213499984741211
17283.494999981485,0.512,0.5113499984741211
17300.034999963827,0.512,0.5073499984741211
17317.154999997,0.51,0.5033499984741211
17333.669999963604,0.51,0.5013499984741211
17351.090000011027,0.51,0.4993499984741211
17484.5750000095,0.508,0.4993499984741211
17500.13499998022,0.508,0.4973499984741211
17517.554999969434,0.504,0.4953499984741211
17533.884999982547,0.496,0.4893499984741211
17550.519999989774,0.482,0.4813499984741211
17566.820000007283,0.47,0.47534999847412107
17583.549999981187,0.46,0.4673499984741211
17600.25499999756,0.448,0.4573499984741211
17617.440000001807,0.438,0.4513499984741211
17633.63999995636,0.434,0.4473499984741211
17650.454999995418,0.432,0.4453499984741211
17666.640000010375,0.43,0.4433499984741211
17749.66500001028,0.428,0.4453499984741211
17766.819999960717,0.42,0.4493499984741211
17783.360000001267,0.41,0.4553499984741211
17799.76500000339,0.39,0.4653499984741211
17817.63000000501,0.374,0.47534999847412107
17833.775000006426,0.352,0.4893499984741211
17849.965000001248,0.336,0.4973499984741211
17866.849999991246,0.318,0.5073499984741211
17883.319999964442,0.31,0.5133499984741211
17900.209999992512,0.306,0.5173499984741211
17917.574999970384,0.304,0.5173499984741211
17933.499999984633,0.308,0.5193499984741211
17949.679999961518,0.316,0.5193499984741211
17966.924999956973,0.332,0.5213499984741211
17983.219999994617,0.348,0.5233499984741211
18000.10999996448,0.358,0.5253499984741211
18017.614999960642,0.37,0.5273499984741211
18033.469999965746,0.378,0.5293499984741211
18050.004999968223,0.384,0.5333499984741211
18067.60499998927,0.388,0.5353499984741211
18084.434999967925,0.388,0.5373499984741211
18283.404999994673,0.388,0.5393499984741211
18300.119999970775,0.388,0.5413499984741211
18317.16499995673,0.388,0.5473499984741211
18333.894999988843,0.386,0.5573499984741211
18350.165000010747,0.384,0.573349998474121
18366.75499996636,0.382,0.5893499984741211
18383.864999981597,0.38,0.5993499984741211
18400.77000000747,0.38,0.6053499984741211
18416.930000006687,0.38,0.6093499984741211
18466.844999988098,0.38,0.6113499984741211
18500.219999987166,0.378,0.6113499984741211
18533.754999982193,0.378,0.6093499984741211
18550.42499996489,0.376,0.6073499984741211
18566.749999998137,0.372,0.6033499984741211
18583.509999967646,0.366,0.5953499984741211
18600.340000004508,0.356,0.5833499984741211
18617.00500000734,0.346,0.573349998474121
18633.57000000542,0.34,0.569349998474121
18649.784999957774,0.336,0.567349998474121
18666.85499995947,0.334,0.567349998474121
18683.99499997031,0.334,0.565349998474121
18834.11499997601,0.33,0.567349998474121
18849.98999995878,0.326,0.569349998474121
18867.26999998791,0.316,0.575349998474121
18883.45500000287,0.306,0.581349998474121
18900.29499999946,0.294,0.5913499984741211
18917.205000005197,0.284,0.5993499984741211
18934.079999977257,0.278,0.6053499984741211
18949.889999988955,0.274,0.6073499984741211
19016.99999999255,0.274,0.6093499984741211
19033.430000010412,0.276,0.6093499984741211
19050.33999995794,0.278,0.6113499984741211
19066.759999957867,0.282,0.6153499984741211
19083.519999985583,0.292,0.6193499984741211
19100.150000012945,0.3,0.6233499984741211
19116.600000008475,0.312,0.6293499984741211
19133.600000001024,0.32,0.6333499984741211
19150.09499998996,0.326,0.6373499984741211
19167.61999996379,0.328,0.6413499984741211
19183.305000013206,0.324,0.6493499984741211
19200.290000007953,0.318,0.6573499984741211
19216.6599999764,0.31,0.6693499984741211
19234.089999983553,0.302,0.6793499984741211
19250.119999982417,0.298,0.6833499984741211
19266.819999960717,0.294,0.6873499984741211
19299.81499997666,0.296,0.689349998474121
19317.279999959283,0.3,0.689349998474121
19332.799999974668,0.308,0.689349998474121
19350.03999999026,0.322,0.6873499984741211
19366.875000006985,0.332,0.6853499984741211
19383.25499999337,0.344,0.6853499984741211
19400.339999992866,0.354,0.6833499984741211
19416.900000011083,0.364,0.6833499984741211
19433.979999972507,0.37,0.6813499984741211
19449.764999968465,0.374,0.6813499984741211
19466.729999985546,0.374,0.6833499984741211
19633.284999988973,0.374,0.6873499984741211
19649.79499997571,0.372,0.697349998474121
19666.559999983292,0.37,0.705349998474121
19683.250000001863,0.368,0.7193499984741211
19700.64499997534,0.364,0.7313499984741211
19717.13499998441,0.362,0.7353499984741211
19734.070000005886,0.362,0.7393499984741211
19866.949999995995,0.36,0.7393499984741211
19882.969999976922,0.358,0.7393499984741211
19900.40499996394,0.352,0.7393499984741211
19917.009999975562,0.336,0.7373499984741211
19933.554999995977,0.322,0.7353499984741211
19949.72500001313,0.302,0.7293499984741211
19966.61999996286,0.288,0.7273499984741211
19984.189999988303,0.272,0.7233499984741211
20000.754999986384,0.262,0.7213499984741211
20017.21499999985,0.256,0.7213499984741211
20034.110000007786,0.254,0.7213499984741211
20049.884999985807,0.252,0.7213499984741211
20100.55500001181,0.252,0.7233499984741211
20117.549999966286,0.25,0.7273499984741211
20133.310000004712,0.248,0.7333499984741211
20149.64499999769,0.244,0.7393499984741211
20166.71999997925,0.24,0.7473499984741211
20183.154999976978,0.238,0.7493499984741211
20199.704999977257,0.234,0.7513499984741211
20216.599999985192,0.232,0.7513499984741211
20233.974999981,0.228,0.7473499984741211
20249.795000010636,0.224,0.7433499984741211
20266.669999982696,0.218,0.7353499984741211
20283.809999993537,0.212,0.7253499984741211
20300.010000006296,0.206,0.7153499984741211
20316.97499996517,0.2,0.701349998474121
20333.709999977145,0.196,0.691349998474121
20349.675000004936,0.194,0.6793499984741211
20366.794999979902,0.192,0.6733499984741211
20383.410000009462,0.19,0.6713499984741211
20400.68500000052,0.19,0.6693499984741211
20483.864999958314,0.192,0.6693499984741211
20500.520000001416,0.196,0.6693499984741211
20517.679999989923,0.202,0.6673499984741211
20533.239999960642,0.212,0.6673499984741211
20549.809999996796,0.22,0.6673499984741211
20567.024999996647,0.23,0.6653499984741211
20583.125000004657,0.238,0.6633499984741211
20600.044999970123,0.24,0.6633499984741211
20616.764999984298,0.242,0.6633499984741211
20667.44499997003,0.242,0.6653499984741211
20683.879999967758,0.24,0.6653499984741211
20700.78499999363,0.24,0.6693499984741211
20717.354999971576,0.242,0.6713499984741211
20733.45999995945,0.242,0.6753499984741211
20750.769999984186,0.244,0.6753499984741211
20766.969999996945,0.244,0.6773499984741211
20800.79000000842,0.246,0.6753499984741211
20817.48999998672,0.246,0.6713499984741211
20833.53999996325,0.246,0.6613499984741211
20849.82999996282,0.246,0.6513499984741211
20866.984999971464,0.244,0.6373499984741211
20883.774999994785,0.244,0.6293499984741211
20899.789999995846,0.244,0.6213499984741211
20916.65999998804,0.244,0.6173499984741211
20933.580000011716,0.242,0.6173499984741211
20966.779999958817,0.242,0.6153499984741211
21033.5999999661,0.24,0.6133499984741211
21050.09999999311,0.232,0.6113499984741211
21066.259999992326,0.218,0.6073499984741211
21083.219999971334,0.204,0.6053499984741211
21100.284999993164,0.184,0.6033499984741211
21116.80499999784,0.172,0.6033499984741211
21132.869999972172,0.16,0.6013499984741211
21150.06999997422,0.154,0.6013499984741211
21166.239999991376,0.152,0.6013499984741211
21183.02999995649,0.15,0.6013499984741211
21283.32499996759,0.148,0.6033499984741211
21300.679999985732,0.146,0.6073499984741211
21317.199999990407,0.138,0.6133499984741211
21333.924999984447,0.128,0.6213499984741211
21350.159999972675,0.114,0.6333499984741211
21366.95499997586,0.104,0.6453499984741211
21384.0799999889,0.094,0.6593499984741211
21400.250000006054,0.086,0.6673499984741211
21417.26999997627,0.082,0.6753499984741211
21433.20999998832,0.08,0.6773499984741211
21466.889999981504,0.086,0.6773499984741211
21483.399999968242,0.092,0.6773499984741211
21500.419999996666,0.1,0.6753499984741211
21516.77499996731,0.106,0.6753499984741211
21534.229999990202,0.116,0.6753499984741211
21549.809999996796,0.12,0.6753499984741211
21566.829999967013,0.126,0.6793499984741211
21583.38999998523,0.128,0.6813499984741211
21600.244999979623,0.13,0.6873499984741211
21616.9949999894,0.128,0.691349998474121
21633.769999956712,0.128,0.697349998474121
21649.834999989253,0.126,0.701349998474121
21666.74499999499,0.124,0.703349998474121
21683.580000011716,0.124,0.7073499984741211
21699.800000002142,0.126,0.7073499984741211
21716.78499999689,0.128,0.7093499984741211
21733.795000007376,0.132,0.7113499984741211
21750.27499999851,0.14,0.7153499984741211
21766.810000000987,0.146,0.7153499984741211
21783.46499998588,0.154,0.7193499984741211
21800.304999982473,0.156,0.7213499984741211
21817.534999980126,0.16,0.7253499984741211
21833.96499999799,0.16,0.7313499984741211
21850.210000004154,0.16,0.7353499984741211
21866.08000000706,0.158,0.7413499984741211
21883.259999973234,0.158,0.7433499984741211
21899.61999998195,0.156,0.7453499984741211
21916.809999966063,0.156,0.7473499984741211
22033.63999997964,0.154,0.7473499984741211
22050.159999984317,0.152,0.7473499984741211
22067.294999957085,0.144,0.7513499984741211
22083.594999974594,0.134,0.7553499984741211
22099.749999993946,0.124,0.7573499984741211
22116.534999979194,0.112,0.7633499984741211
22133.71999998344,0.104,0.7673499984741211
22150.205000012647,0.096,0.7713499984741211
22166.85999999754,0.092,0.7733499984741211
22183.439999993425,0.088,0.7753499984741211
22200.099999958184,0.086,0.7753499984741211
22334.144999971613,0.084,0.7733499984741211
22350.199999986216,0.08,0.7673499984741211
22366.809999977704,0.076,0.7613499984741211
22383.614999998827,0.068,0.7513499984741211
22400.36999998847,0.06,0.7393499984741211
22417.099999962375,0.054,0.7293499984741211
22433.099999965634,0.05,0.7253499984741211
22449.729999992996,0.048,0.7233499984741211
22466.629999980796,0.046,0.7213499984741211
22483.339999977034,0.046,0.7193499984741211
22499.529999971855,0.044,0.7193499984741211
22516.73999999184,0.044,0.7173499984741211
22533.044999989215,0.042,0.7173499984741211
22666.589999978896,0.042,0.7153499984741211
22683.504999964498,0.042,0.7133499984741211
22699.655000003986,0.04,0.7073499984741211
22717.299999960233,0.038,0.693349998474121
22733.004999987315,0.036,0.6713499984741211
22750.119999982417,0.036,0.6533499984741211
22766.369999968447,0.038,0.6373499984741211
22783.59000000637,0.038,0.6173499984741211
22800.560000003316,0.038,0.6033499984741211
22817.31499999296,0.04,0.5953499984741211
22833.549999981187,0.04,0.5893499984741211
22850.03999999026,0.038,0.5853499984741211
22866.624999966007,0.038,0.5833499984741211
22899.67999997316,0.04,0.5833499984741211
22933.634999964852,0.042,0.5853499984741211
22950.01999998931,0.046,0.5873499984741211
22966.944999992847,0.054,0.5933499984741211
22984.50999998022,0.064,0.5993499984741211
22999.704999965616,0.072,0.6033499984741211
23017.129999992903,0.078,0.6073499984741211
23033.44999998808,0.08,0.6093499984741211
23049.895000003744,0.082,0.6093499984741211
23067.050000012387,0.082,0.6113499984741211
23083.30499997828,0.082,0.6093499984741211
23100.269999995362,0.08,0.6073499984741211
23116.899999964517,0.08,0.6013499984741211
23133.52999999188,0.078,0.5913499984741211
23149.89499998046,0.078,0.5833499984741211
23166.549999965355,0.078,0.573349998474121
23183.454999991227,0.08,0.5613499984741211
23200.520000013057,0.08,0.5533499984741211
23216.840000008233,0.08,0.5493499984741211
23233.514999970794,0.08,0.5473499984741211
23283.07499998482,0.08,0.5453499984741211
23300.259999989066,0.08,0.5473499984741211
23316.354999959003,0.082,0.5473499984741211
23333.875000011176,0.084,0.5493499984741211
23349.935000005644,0.088,0.5533499984741211
23366.799999959767,0.096,0.5573499984741211
23383.419999969192,0.104,0.5613499984741211
23400.005000003148,0.108,0.563349998474121
23416.709999961313,0.114,0.565349998474121
23433.779999963008,0.118,0.565349998474121
23466.81999997236,0.12,0.565349998474121
23549.884999985807,0.12,0.5613499984741211
23566.42499996815,0.12,0.5513499984741211
23583.53999996325,0.12,0.5413499984741211
23600.065000005998,0.122,0.5253499984741211
23616.32999998983,0.124,0.5153499984741211
23633.47000000067,0.128,0.5033499984741211
23650.23500000825,0.132,0.4973499984741211
23666.599999996834,0.132,0.4933499984741211
23683.539999998175,0.134,0.4913499984741211
23750.494999985676,0.136,0.4933499984741211
23766.86500001233,0.14,0.4973499984741211
23783.179999969434,0.148,0.5073499984741211
23799.559999955818,0.154,0.5133499984741211
23817.144999979064,0.162,0.5213499984741211
23833.34000001196,0.168,0.5253499984741211
23850.044999970123,0.172,0.5273499984741211
23866.85499997111,0.174,0.5293499984741211
23883.499999996275,0.176,0.5293499984741211
23951.224999967963,0.176,0.5273499984741211
23967.844999977387,0.176,0.5233499984741211
23984.10000000149,0.178,0.5133499984741211
24000.50999998348,0.18,0.5053499984741211
24016.8999999878,0.182,0.4893499984741211
24033.944999973755,0.186,0.47534999847412107
24050.99999997765,0.188,0.4613499984741211
24067.600000009406,0.192,0.4533499984741211
24084.525000012945,0.194,0.4473499984741211
24100.474999984726,0.196,0.4453499984741211
24151.089999999385,0.198,0.4473499984741211
24167.16999997152,0.2,0.4513499984741211
24184.799999988172,0.206,0.4573499984741211
24200.35999995889,0.212,0.4673499984741211
24217.964999959804,0.22,0.47334999847412107
24234.62499998277,0.228,0.4813499984741211
24251.13499996951,0.234,0.4833499984741211
24267.66499999212,0.24,0.4853499984741211
24284.299999999348,0.244,0.4833499984741211
24300.73999997694,0.246,0.4833499984741211
24317.61500000721,0.25,0.4793499984741211
24334.794999973383,0.252,0.47534999847412107
24351.29500000039,0.256,0.4673499984741211
24367.08999995608,0.26,0.4593499984741211
24384.164999995846,0.266,0.4473499984741211
24401.184999966063,0.272,0.4313499984741211
24417.0199999935,0.276,0.4233499984741211
24434.06999995932,0.278,0.4153499984741211
24451.445000013337,0.28,0.41334999847412107
24467.2750000027,0.28,0.41134999847412107
24651.22999995947,0.282,0.41334999847412107
24667.61999996379,0.284,0.4153499984741211
24683.789999980945,0.288,0.4193499984741211
24701.490000006743,0.292,0.4233499984741211
24717.054999957327,0.296,0.4253499984741211
24734.294999972917,0.302,0.4273499984741211
24751.029999984894,0.306,0.4273499984741211
24767.594999982975,0.308,0.4273499984741211
24834.619999979623,0.308,0.4293499984741211
24901.01999999024,0.308,0.4313499984741211
24917.639999999665,0.306,0.4353499984741211
24934.329999960028,0.304,0.4413499984741211
24951.05999999214,0.3,0.4513499984741211
24967.639999988023,0.294,0.4613499984741211
24983.869999996386,0.288,0.47134999847412107
25000.239999964833,0.286,0.4793499984741211
25018.42499995837,0.284,0.4833499984741211
25050.63999997219,0.284,0.4853499984741211
25083.694999979343,0.286,0.4833499984741211
25101.519999967422,0.288,0.4813499984741211
25117.519999970682,0.292,0.4793499984741211
25134.564999956638,0.298,0.47334999847412107
25150.915000005625,0.306,0.4653499984741211
25167.764999961946,0.314,0.4593499984741211
25183.725000009872,0.322,0.4533499984741211
25201.464999991003,0.33,0.4493499984741211
25217.10000000894,0.336,0.4473499984741211
25233.810000005178,0.338,0.4473499984741211
25267.79999997234,0.34,0.4473499984741211
25333.694999979343,0.34,0.4453499984741211
25351.38999996707,0.342,0.4393499984741211
25367.284999985714,0.344,0.4293499984741211
25384.064999991097,0.346,0.4173499984741211
25400.199999974575,0.35,0.3953499984741211
25417.450000008103,0.352,0.3813499984741211
25434.230000013486,0.352,0.3693499984741211
25450.394999992568,0.354,0.3653499984741211
25467.944999982137,0.354,0.3613499984741211
25500.93499996001,0.354,0.3593499984741211
25517.584999965038,0.352,0.3593499984741211
25550.304999982473,0.352,0.3613499984741211
25567.45500001125,0.348,0.3613499984741211
25584.30499996757,0.342,0.3613499984741211
25600.9549999726,0.33,0.3613499984741211
25617.250000010245,0.32,0.3593499984741211
25634.729999990668,0.31,0.3553499984741211
25651.264999993145,0.294,0.34934999847412107
25667.12999995798,0.28,0.3393499984741211
25683.664999960456,0.268,0.3293499984741211
25700.164999987464,0.258,0.3193499984741211
25717.739999992773,0.244,0.3073499984741211
25734.419999993406,0.232,0.2993499984741211
25751.069999998435,0.22,0.2913499984741211
25768.02499999758,0.212,0.28734999847412107
25783.504999999423,0.202,0.28334999847412107
25801.024999993388,0.192,0.2813499984741211
25817.784999962896,0.184,0.2813499984741211
25834.159999969415,0.18,0.2813499984741211
25851.039999979548,0.178,0.2793499984741211
25867.25499999011,0.178,0.2813499984741211
25883.649999974295,0.18,0.28334999847412107
25900.299999979325,0.184,0.28734999847412107
25917.099999962375,0.192,0.2933499984741211
25933.7349999696,0.198,0.2993499984741211
25951.505000004545,0.208,0.3073499984741211
25967.765000008512,0.216,0.3153499984741211
25984.69000001205,0.22,0.3213499984741211
26000.614999968093,0.224,0.3293499984741211
26017.219999979716,0.224,0.3353499984741211
26033.76500000013,0.22,0.3433499984741211
26050.38999998942,0.21,0.3513499984741211
26067.549999977928,0.196,0.3593499984741211
26084.249999956228,0.184,0.3653499984741211
26100.619999982882,0.164,0.3753499984741211
26117.144999967422,0.15,0.3813499984741211
26134.580000012647,0.14,0.3873499984741211
26150.87999997195,0.136,0.3873499984741211
26167.2350000008,0.136,0.3893499984741211
26184.349999995902,0.14,0.3893499984741211
26201.339999970514,0.15,0.3913499984741211
26217.029999999795,0.158,0.3933499984741211
26233.405000006314,0.168,0.3953499984741211
26250.254999962635,0.178,0.3953499984741211
26266.995000012685,0.186,0.3973499984741211
26283.47500000382,0.19,0.3993499984741211
26300.6999999634,0.192,0.4013499984741211
26316.91499997396,0.192,0.4053499984741211
26334.144999971613,0.188,0.40934999847412107
26350.225000001956,0.182,0.41334999847412107
26367.49500001315,0.178,0.4173499984741211
26383.97999998415,0.17,0.4233499984741211
26400.67999996245,0.162,0.4273499984741211
26417.74499998428,0.154,0.4313499984741211
26433.48499998683,0.146,0.4353499984741211
26450.629999977536,0.136,0.4393499984741211
26466.740000003483,0.126,0.4433499984741211
26484.114999999292,0.12,0.4453499984741211
26500.294999976177,0.116,0.4473499984741211
26517.654999974184,0.114,0.4493499984741211
26533.869999984745,0.112,0.4493499984741211
26600.824999972247,0.112,0.4473499984741211
26617.069999978412,0.11,0.4413499984741211
26633.624999958556,0.104,0.4313499984741211
26651.06000000378,0.098,0.4173499984741211
26667.58499998832,0.09,0.4013499984741211
26684.305000002496,0.08,0.3793499984741211
26701.40999997966,0.07,0.3633499984741211
26717.940000002272,0.058,0.34734999847412107
26733.644999971148,0.05,0.3393499984741211
26750.454999972135,0.044,0.3293499984741211
26767.10999995703,0.04,0.3233499984741211
26783.91499997815,0.04,0.3213499984741211
26800.954999984242,0.042,0.3173499984741211
26817.344999988563,0.046,0.3153499984741211
26834.265000012238,0.054,0.3133499984741211
26850.069999985863,0.064,0.3113499984741211
26867.124999989755,0.078,0.3073499984741211
26884.764999966137,0.088,0.3033499984741211
26901.099999959115,0.098,0.2993499984741211
26917.049999989104,0.104,0.2973499984741211
26934.714999981225,0.11,0.2953499984741211
26950.514999974985,0.112,0.2953499984741211
26968.029999989085,0.116,0.2993499984741211
26984.64999999851,0.116,0.3033499984741211
27000.889999966603,0.118,0.3073499984741211
27016.919999965467,0.12,0.3133499984741211
27033.629999961704,0.12,0.3193499984741211
27050.44999998063,0.122,0.3233499984741211
27067.104999965522,0.124,0.3253499984741211
27083.834999997634,0.126,0.3253499984741211
27100.244999979623,0.128,0.3253499984741211
27117.685000004712,0.132,0.3213499984741211
27134.16999997571,0.136,0.3133499984741211
27150.380000006407,0.138,0.3053499984741211
27167.814999993425,0.14,0.2933499984741211
27184.27500000689,0.14,0.2793499984741211
27200.970000005327,0.134,0.2593499984741211
27218.239999958314,0.126,0.24134999847412109
27233.665000007022,0.12,0.2293499984741211
27250.439999974333,0.114,0.2153499984741211
27267.294999968726,0.11,0.20734999847412108
27284.17499997886,0.106,0.1993499984741211
27300.594999978784,0.104,0.1973499984741211
27317.920000001322,0.102,0.1933499984741211
27350.544999993872,0.104,0.1933499984741211
27366.83000001358,0.104,0.1953499984741211
27383.724999963306,0.106,0.1953499984741211
27434.699999983422,0.102,0.1933499984741211
27450.224999978673,0.094,0.1933499984741211
27467.819999961648,0.088,0.1953499984741211
27484.494999982417,0.08,0.1973499984741211
27501.104999973904,0.07,0.2033499984741211
27516.984999994747,0.06,0.20934999847412109
27534.454999957234,0.058,0.2133499984741211
27551.21499998495,0.054,0.2173499984741211
27618.114999961108,0.052,0.2113499984741211
27634.25499998266,0.052,0.2033499984741211
27650.365000008605,0.048,0.1893499984741211
27667.06999996677,0.046,0.17534999847412108
27684.48499997612,0.044,0.1613499984741211
27700.429999968037,0.042,0.14534999847412108
27717.574999958742,0.04,0.1353499984741211
27734.1749999905,0.038,0.1273499984741211
27750.239999964833,0.038,0.1253499984741211
27767.59000000311,0.036,0.12334999847412109
27800.66499998793,0.038,0.12334999847412109
27817.199999990407,0.044,0.1253499984741211
27834.29500000784,0.05,0.1273499984741211
27850.474999984726,0.062,0.1273499984741211
27867.99499997869,0.08,0.1253499984741211
27884.17999999365,0.098,0.12134999847412109
27901.06999996351,0.114,0.1173499984741211
27917.090000002645,0.12,0.1173499984741211
27934.665000007953,0.124,0.1173499984741211
27951.044999994338,0.126,0.11934999847412109
27967.264999984764,0.126,0.12334999847412109
27983.849999960512,0.124,0.1293499984741211
28000.714999972843,0.122,0.1373499984741211
28017.42499996908,0.12,0.14334999847412108
28033.76500000013,0.118,0.1493499984741211
28050.400000007357,0.118,0.1553499984741211
28067.210000008345,0.12,0.1593499984741211
28084.540000010747,0.128,0.1653499984741211
28100.674999994226,0.134,0.1673499984741211
28117.764999973588,0.146,0.1693499984741211
28133.774999994785,0.154,0.1693499984741211
28151.039999967907,0.162,0.1673499984741211
28167.399999976624,0.168,0.1653499984741211
28185.264999978244,0.172,0.1653499984741211
28200.71999996435,0.176,0.1673499984741211
28216.914999997243,0.18,0.1693499984741211
28234.04000001028,0.18,0.1713499984741211
28251.204999978654,0.182,0.17534999847412108
28267.22499995958,0.184,0.17734999847412108
28283.919999958016,0.188,0.1793499984741211
28301.299999991897,0.196,0.1793499984741211
28317.619999987073,0.202,0.17734999847412108
28333.524999965448,0.21,0.1713499984741211
28350.934999994934,0.216,0.1653499984741211
28367.800000007264,0.224,0.1553499984741211
28383.549999969546,0.228,0.1493499984741211
28400.51999996649,0.232,0.14134999847412108
28417.030000011437,0.232,0.1353499984741211
28434.145000006538,0.232,0.1313499984741211
28450.789999973495,0.232,0.1273499984741211
28467.99999999348,0.23,0.1253499984741211
28483.869999996386,0.226,0.12334999847412109
28500.445000012405,0.22,0.11934999847412109
28517.354999959935,0.212,0.1153499984741211
28533.829999971204,0.202,0.1113499984741211
28550.259999989066,0.19,0.10334999847412109
28567.73999996949,0.174,0.0953499984741211
28584.67999997083,0.164,0.08734999847412109
28600.749999983236,0.152,0.07734999847412109
28617.510000010952,0.146,0.07334999847412109
28634.599999990314,0.14,0.0693499984741211
28650.540000002366,0.14,0.0653499984741211
28667.214999964926,0.142,0.0633499984741211
28683.68499999633,0.15,0.06134999847412109
28701.044999994338,0.162,0.06134999847412109
28717.279999982566,0.182,0.05934999847412109
28734.189999988303,0.21,0.055349998474121094
28750.085000006948,0.23,0.05334999847412109
28766.709999996237,0.252,0.049349998474121096
28783.794999995735,0.274,0.04534999847412109
28801.13999999594,0.29,0.04334999847412109
28817.259999981616,0.298,0.04334999847412109
28833.92999996431,0.302,0.04334999847412109
28851.17999999784,0.304,0.047349998474121094
28867.244999972172,0.304,0.05334999847412109
28884.135000000242,0.302,0.06134999847412109
28900.740000011865,0.298,0.07534999847412109
28917.704999970738,0.298,0.08734999847412109
28933.45999997109,0.3,0.10334999847412109
28950.774999975692,0.304,0.11934999847412109
28966.97499998845,0.31,0.1313499984741211
28983.854999998584,0.32,0.14334999847412108
29000.139999960084,0.33,0.1513499984741211
29017.40000001155,0.34,0.1593499984741211
29033.479999983683,0.346,0.1653499984741211
29050.129999988712,0.348,0.1693499984741211
29067.48999998672,0.348,0.17534999847412108
29083.809999981895,0.342,0.1833499984741211
29100.334999966435,0.33,0.1913499984741211
29117.8549999604,0.318,0.1953499984741211
29133.55500000762,0.3,0.1993499984741211
29150.209999992512,0.286,0.2033499984741211
29166.609999956563,0.266,0.20534999847412108
29183.699999994133,0.256,0.20934999847412109
29200.75999997789,0.248,0.2113499984741211
29217.00999996392,0.244,0.2133499984741211
29233.474999957252,0.244,0.2153499984741211
29250.880000006873,0.248,0.2173499984741211
29267.279999970924,0.254,0.2193499984741211
29284.2149999924,0.264,0.2233499984741211
29300.8999999729,0.276,0.2253499984741211
29317.834999994375,0.282,0.2293499984741211
29333.749999990687,0.288,0.2313499984741211
29350.210000004154,0.292,0.23734999847412108
29366.84500001138,0.294,0.24134999847412109
29383.815000008326,0.294,0.2473499984741211
29400.159999961033,0.292,0.2573499984741211
29417.220000003,0.29,0.2653499984741211
29434.420000005048,0.286,0.2753499984741211
29450.09499997832,0.286,0.28334999847412107
29467.145000002347,0.286,0.2913499984741211
29483.964999963064,0.29,0.2953499984741211
29500.804999959655,0.3,0.2973499984741211
29517.479999980424,0.312,0.2993499984741211
29533.47500000382,0.324,0.2973499984741211
29551.195000007283,0.344,0.2953499984741211
29567.279999959283,0.356,0.2913499984741211
29584.224999998696,0.374,0.2893499984741211
29600.444999989122,0.386,0.2893499984741211
29617.525000008754,0.398,0.28734999847412107
29633.425000007264,0.404,0.28734999847412107
29650.499999988824,0.406,0.28734999847412107
29667.199999967124,0.406,0.2893499984741211
29717.469999974128,0.404,0.2893499984741211
29733.394999988377,0.402,0.28734999847412107
29750.609999988228,0.394,0.2813499984741211
29766.77499996731,0.388,0.2733499984741211
29783.869999984745,0.378,0.2613499984741211
29800.479999976233,0.368,0.2513499984741211
29817.26499996148,0.36,0.24134999847412109
29833.944999962114,0.354,0.23734999847412108
29851.139999984298,0.35,0.2333499984741211
29883.869999961462,0.352,0.2333499984741211
29901.09499997925,0.356,0.2333499984741211
29916.84499999974,0.364,0.2333499984741211
29933.474999968894,0.376,0.2333499984741211
29950.34999999916,0.388,0.2333499984741211
29966.789999976754,0.406,0.2293499984741211
29984.215000004042,0.424,0.2253499984741211
30000.729999970645,0.436,0.2213499984741211
30017.144999990705,0.442,0.2173499984741211
30034.400000004098,0.448,0.2153499984741211
30084.359999978915,0.446,0.2193499984741211
30117.050000000745,0.444,0.2193499984741211
30133.399999991525,0.442,0.2153499984741211
30150.61999997124,0.436,0.20534999847412108
30166.69499996351,0.43,0.1913499984741211
30184.16999996407,0.424,0.17734999847412108
30200.474999961443,0.414,0.1593499984741211
30217.204999993555,0.408,0.14734999847412109
30234.179999970365,0.404,0.1373499984741211
30251.11499999184,0.402,0.1333499984741211
30267.21499999985,0.4,0.1293499984741211
30301.1149999802,0.406,0.1313499984741211
30317.45500001125,0.418,0.1313499984741211
30333.80500000203,0.432,0.1333499984741211
30350.374999979977,0.454,0.1313499984741211
30367.114999971818,0.474,0.1313499984741211
30384.175000013784,0.494,0.1293499984741211
30399.914999958128,0.506,0.1313499984741211
30417.205000005197,0.516,0.1333499984741211
30433.525000000373,0.524,0.14134999847412108
30450.064999982715,0.528,0.14734999847412109
30467.070000013337,0.53,0.1593499984741211
30484.360000002198,0.53,0.1693499984741211
30500.13499998022,0.53,0.1793499984741211
30516.844999976456,0.53,0.1873499984741211
30533.850000007078,0.532,0.1893499984741211
30550.729999959003,0.538,0.1913499984741211
30566.96500000544,0.544,0.1913499984741211
30584.6700000111,0.548,0.1913499984741211
30600.884999963455,0.552,0.1933499984741211
30616.999999969266,0.554,0.1953499984741211
30634.15499997791,0.554,0.2033499984741211
30651.024999970105,0.556,0.2113499984741211
30666.900000011083,0.554,0.2253499984741211
30683.83499997435,0.554,0.23534999847412108
30700.190000003204,0.55,0.2513499984741211
30716.95999999065,0.548,0.2613499984741211
30733.30999998143,0.546,0.2693499984741211
30750.460000010207,0.544,0.2733499984741211
30767.445000004955,0.544,0.2753499984741211
30784.02500000084,0.542,0.2753499984741211
30799.859999970067,0.538,0.2733499984741211
30817.279999959283,0.532,0.2673499984741211
30833.274999982677,0.526,0.2593499984741211
30850.634999980684,0.516,0.2533499984741211
30866.775000002235,0.508,0.2493499984741211
30883.97999998415,0.502,0.2473499984741211
30900.434999959543,0.496,0.2493499984741211
30916.930000006687,0.492,0.2513499984741211
30933.51000000257,0.486,0.2573499984741211
30950.205000001006,0.482,0.2613499984741211
30967.279999982566,0.476,0.2713499984741211
30984.254999959376,0.472,0.2813499984741211
31000.40999997873,0.466,0.2933499984741211
31016.714999976102,0.462,0.3033499984741211
31034.125000005588,0.46,0.3113499984741211
31050.119999970775,0.458,0.3173499984741211
31067.050000012387,0.456,0.3193499984741211
31083.58999999473,0.458,0.3213499984741211
31099.874999956228,0.462,0.3233499984741211
31117.359999974724,0.474,0.3253499984741211
31133.42999998713,0.488,0.3253499984741211
31150.374999968335,0.5,0.3253499984741211
31166.979999979958,0.52,0.3273499984741211
31183.814999996684,0.538,0.3273499984741211
31200.239999976475,0.564,0.3253499984741211
31216.779999958817,0.59,0.3233499984741211
31233.329999959096,0.606,0.3233499984741211
31250.57500001276,0.622,0.3193499984741211
31266.579999995884,0.628,0.3173499984741211
31283.345000003465,0.632,0.3153499984741211
31300.09999999311,0.632,0.3133499984741211
31317.14999995893,0.628,0.3093499984741211
31333.159999980126,0.626,0.3053499984741211
31350.534999975935,0.622,0.2973499984741211
31366.674999997485,0.618,0.28534999847412107
31383.564999967348,0.614,0.2753499984741211
31400.564999959897,0.61,0.2573499984741211
31417.539999994915,0.606,0.2453499984741211
31433.49500000477,0.604,0.23534999847412108
31450.529999972787,0.604,0.2333499984741211
31466.964999970514,0.604,0.2313499984741211
31483.719999960158,0.606,0.2293499984741211
31500.75999996625,0.608,0.2293499984741211
31516.85999997426,0.616,0.2273499984741211
31534.129999985453,0.622,0.2273499984741211
31550.920000008773,0.634,0.2253499984741211
31567.479999968782,0.644,0.2233499984741211
31584.21499998076,0.66,0.2173499984741211
31599.950000003446,0.672,0.2133499984741211
31617.08999995608,0.68,0.20934999847412109
31633.099999977276,0.682,0.20734999847412108
31650.749999971595,0.682,0.20534999847412108
31666.614999994636,0.676,0.20534999847412108
31683.39500000002,0.67,0.2033499984741211
31700.320000003558,0.66,0.1973499984741211
31717.08500001114,0.652,0.1933499984741211
31733.565000002272,0.638,0.1833499984741211
31750.54999999702,0.628,0.17534999847412108
31766.959999979008,0.614,0.1633499984741211
31783.959999971557,0.602,0.1573499984741211
31800.769999972545,0.586,0.1493499984741211
31816.935000009835,0.572,0.14134999847412108
31833.554999961052,0.564,0.1373499984741211
31850.050000008196,0.558,0.1333499984741211
31866.47999996785,0.554,0.1313499984741211
31884.190000011586,0.552,0.1293499984741211
31917.0199999935,0.556,0.1273499984741211
31934.230000013486,0.562,0.12334999847412109
31950.149999989662,0.568,0.11934999847412109
31966.68499999214,0.578,0.1133499984741211
31984.319999988656,0.582,0.1093499984741211
32000.520000001416,0.586,0.1013499984741211
32016.75000000978,0.588,0.0953499984741211
32033.38999999687,0.584,0.08734999847412109
32050.709999981336,0.58,0.0813499984741211
32067.349999968428,0.578,0.0793499984741211
32083.794999984093,0.574,0.0793499984741211
32100.46499996679,0.572,0.07734999847412109
32117.124999989755,0.574,0.07734999847412109
32134.06999997096,0.576,0.07734999847412109
32150.284999981523,0.588,0.07734999847412109
32166.65999998804,0.602,0.0793499984741211
32184.349999995902,0.628,0.0793499984741211
32200.54499997059,0.658,0.07734999847412109
32217.429999960586,0.684,0.07334999847412109
32233.179999981076,0.714,0.0693499984741211
32250.83999999333,0.736,0.0653499984741211
32266.579999995884,0.756,0.06134999847412109
32283.419999992475,0.764,0.06134999847412109
32300.225000013597,0.766,0.06134999847412109
32316.894999996293,0.766,0.0653499984741211
32334.210000000894,0.762,0.07334999847412109
32350.83999997005,0.756,0.08734999847412109
32366.52999999933,0.752,0.0973499984741211
32384.109999984503,0.746,0.1113499984741211
32400.139999983367,0.744,0.12334999847412109
32416.989999997895,0.74,0.1353499984741211
32433.974999992643,0.738,0.14334999847412108
32450.305000005756,0.736,0.1513499984741211
32466.924999956973,0.738,0.1573499984741211
32484.129999997094,0.74,0.1593499984741211
32500.10999996448,0.742,0.1613499984741211
32517.345000000205,0.75,0.1633499984741211
32533.360000001267,0.76,0.1633499984741211
32550.170000002254,0.768,0.1613499984741211
32566.569999966305,0.784,0.1593499984741211
32583.769999968354,0.796,0.1593499984741211
32600.259999977425,0.81,0.1573499984741211
32616.834999993443,0.822,0.1593499984741211
32633.219999959692,0.83,0.1613499984741211
32650.964999978896,0.838,0.1653499984741211
32666.939999966417,0.842,0.1693499984741211
32684.03499998385,0.844,0.17334999847412108
32699.770000006538,0.844,0.17734999847412108
32717.294999980368,0.844,0.1813499984741211
32766.869999992196,0.844,0.17734999847412108
32784.03499996057,0.846,0.1713499984741211
32799.94999995688,0.846,0.1633499984741211
32817.22500000615,0.846,0.14734999847412109
32833.27000000281,0.842,0.1293499984741211
32850.03999999026,0.838,0.1173499984741211
32866.67999997735,0.832,0.10334999847412109
32884.00499999989,0.826,0.0933499984741211
32899.83000000939,0.822,0.0813499984741211
32917.50499996124,0.818,0.07534999847412109
32933.32999997074,0.818,0.07134999847412109
32950.754999998026,0.816,0.0673499984741211
32983.970000001136,0.818,0.0693499984741211
33000.29999995604,0.824,0.07134999847412109
33017.30499998666,0.836,0.07334999847412109
33033.460000006016,0.848,0.07334999847412109
33050.37999997148,0.866,0.0693499984741211
33066.68499996886,0.88,0.0673499984741211
33083.24999996694,0.888,0.0653499984741211
33100.7549999631,0.894,0.0653499984741211
33117.34999995679,0.896,0.0673499984741211
33133.40499997139,0.896,0.07334999847412109
33150.48999997089,0.896,0.0793499984741211
33166.614999994636,0.892,0.08934999847412109
33183.75999998534,0.892,0.0973499984741211
33200.030000007246,0.892,0.10734999847412109
33217.18499995768,0.894,0.1153499984741211
33233.08499995619,0.896,0.11934999847412109
33250.55999995675,0.902,0.12334999847412109
33267.05999998376,0.91,0.1273499984741211
33283.345000003465,0.92,0.1333499984741211
33300.419999985024,0.932,0.1393499984741211
33316.53000001097,0.94,0.14334999847412108
33333.17999995779,0.944,0.1513499984741211
33349.844999960624,0.948,0.1613499984741211
33366.50499998359,0.95,0.1693499984741211
33383.80499999039,0.948,0.1813499984741211
33399.875000002794,0.948,0.1913499984741211
33417.61000000406,0.944,0.2033499984741211
33433.63499996485,0.942,0.2133499984741211
33450.52499999292,0.942,0.2173499984741211
33467.164999980014,0.94,0.2213499984741211
33483.87499997625,0.94,0.2233499984741211
33499.87499997951,0.938,0.2233499984741211
33533.26999995625,0.936,0.2253499984741211
33550.044999981765,0.926,0.2253499984741211
33566.85499998275,0.916,0.2253499984741211
33583.4249999607,0.894,0.2233499984741211
33600.26499995729,0.874,0.2233499984741211
33617.12000000989,0.844,0.2193499984741211
33633.40499997139,0.824,0.2193499984741211
33650.53499996429,0.804,0.2173499984741211
33666.574999981094,0.792,0.2173499984741211
33684.115000010934,0.786,0.2153499984741211
33699.87999997102,0.784,0.2153499984741211
33733.40999998618,0.784,0.2173499984741211
33750.130000000354,0.784,0.2193499984741211
33766.5149999666,0.786,0.2253499984741211
33783.919999958016,0.786,0.2333499984741211
33799.97499997262,0.788,0.2453499984741211
33817.044999974314,0.788,0.2573499984741211
33833.27000000281,0.79,0.2673499984741211
33850.69499997189,0.792,0.2793499984741211
33867.67000000691,0.792,0.2893499984741211
33883.62999999663,0.792,0.2993499984741211
33900.339999992866,0.788,0.3073499984741211
33917.4200000125,0.78,0.3153499984741211
33934.589999960735,0.77,0.3213499984741211
33950.97999996506,0.762,0.3253499984741211
33968.5349999927,0.752,0.3313499984741211
33984.71499996958,0.744,0.3333499984741211
34001.0599999805,0.74,0.3373499984741211
34017.95000000857,0.736,0.3393499984741211
34034.79999996489,0.732,0.3413499984741211
34051.069999986794,0.73,0.3433499984741211
34067.50000000466,0.73,0.34534999847412107
34084.585000004154,0.734,0.34934999847412107
34101.57999995863,0.738,0.3533499984741211
34118.20500000613,0.748,0.3573499984741211
34134.099999966566,0.756,0.3593499984741211
34150.80499998294,0.77,0.3613499984741211
34168.21999999229,0.778,0.3613499984741211
34184.5350000076,0.788,0.3613499984741211
34200.79500001157,0.794,0.3633499984741211
34234.10999996122,0.796,0.3633499984741211
34250.91999996221,0.794,0.3653499984741211
34267.82499998808,0.792,0.3673499984741211
34284.79999996489,0.788,0.3673499984741211
34300.63000001246,0.784,0.3693499984741211
34317.634999984875,0.778,0.3693499984741211
34335.17499995651,0.77,0.3693499984741211
34350.849999987986,0.758,0.3693499984741211
34367.51999997068,0.748,0.3693499984741211
34384.34499996947,0.736,0.3693499984741211
34400.67000000272,0.722,0.3693499984741211
34418.19499997655,0.706,0.3673499984741211
34433.9049999835,0.696,0.3673499984741211
34450.98500000313,0.686,0.3653499984741211
34467.36999996938,0.68,0.3633499984741211
34484.14999997476,0.674,0.3613499984741211
34500.88499998674,0.67,0.3613499984741211
34617.77000001166,0.67,0.3593499984741211
34634.82999999542,0.672,0.3573499984741211
34651.27500001108,0.674,0.34734999847412107
34667.55000001285,0.678,0.3373499984741211
34684.84499998158,0.684,0.3213499984741211
34700.87499998044,0.688,0.3113499984741211
34718.270000012126,0.692,0.3033499984741211
34734.3899999978,0.694,0.2973499984741211
34751.63000001339,0.696,0.2933499984741211
34784.270000003744,0.694,0.2913499984741211
34817.93999997899,0.692,0.2913499984741211
34851.22999997111,0.69,0.2913499984741211
34950.69500000682,0.688,0.2913499984741211
35001.4899999951,0.686,0.2913499984741211
35018.43499997631,0.684,0.2953499984741211
35034.69999996014,0.678,0.3013499984741211
35051.069999986794,0.672,0.3093499984741211
35067.47499998892,0.666,0.3193499984741211
35084.4700000016,0.654,0.3373499984741211
35100.67999997409,0.64,0.3553499984741211
35118.090000003576,0.628,0.3673499984741211
35134.774999984074,0.612,0.3833499984741211
35151.66999999201,0.6,0.3933499984741211
35167.565000010654,0.588,0.4033499984741211
35184.32999996003,0.58,0.40934999847412107
35201.279999979306,0.578,0.41134999847412107
35234.28500001319,0.576,0.41134999847412107
35268.03499995731,0.574,0.40734999847412107
35284.73999997368,0.568,0.4013499984741211
35301.55500001274,0.562,0.3953499984741211
35318.29500000458,0.55,0.3873499984741211
35334.4550000038,0.536,0.3773499984741211
35351.61999997217,0.528,0.3713499984741211
35367.399999988265,0.522,0.3653499984741211
35384.324999991804,0.518,0.3613499984741211
35417.72999998648,0.516,0.3613499984741211
35434.27999998676,0.516,0.3633499984741211
35451.68499997817,0.516,0.3673499984741211
35467.42999996059,0.514,0.3753499984741211
35484.869999985676,0.51,0.3853499984741211
35500.98499999149,0.506,0.3953499984741211
35517.99999998184,0.502,0.4053499984741211
35535.09999997914,0.496,0.4173499984741211
35551.54999997467,0.492,0.4273499984741211
35567.64500000281,0.492,0.4293499984741211
35584.159999969415,0.492,0.4333499984741211
35600.9549999726,0.492,0.4353499984741211
35618.61000000499,0.494,0.4353499984741211
35634.2949999962,0.494,0.4373499984741211
35700.62499999767,0.496,0.4373499984741211
35717.789999966044,0.498,0.4373499984741211
35734.63500000071,0.508,0.4393499984741211
35751.579999981914,0.518,0.4393499984741211
35768.14999995986,0.54,0.4393499984741211
35784.90500000771,0.568,0.4373499984741211
35800.72499997914,0.59,0.4373499984741211
35817.68499995815,0.614,0.4333499984741211
35835.02499997849,0.642,0.4313499984741211
35850.99499998614,0.666,0.4293499984741211
35867.93999996735,0.68,0.4293499984741211
35884.56999999471,0.69,0.4293499984741211
35901.01999999024,0.7,0.4313499984741211
35918.039999960456,0.704,0.4333499984741211
35934.714999981225,0.706,0.4353499984741211
35950.71999996435,0.708,0.4373499984741211
35984.30999997072,0.71,0.4373499984741211
36017.63999997638,0.708,0.4373499984741211
36051.1149999802,0.708,0.4353499984741211
36068.09999997495,0.704,0.4333499984741211
36084.734999982174,0.7,0.4293499984741211
36100.77999997884,0.696,0.4233499984741211
36117.88999999408,0.692,0.4173499984741211
36134.00999997975,0.69,0.40934999847412107
36151.50499995798,0.688,0.4053499984741211
36167.4500000081,0.69,0.4013499984741211
36184.439999982715,0.692,0.3973499984741211
36201.66999998037,0.696,0.3953499984741211
36217.304999998305,0.702,0.3913499984741211
36235.04499997944,0.708,0.3893499984741211
36250.80999999773,0.714,0.3893499984741211
36267.279999970924,0.72,0.3913499984741211
36284.645000007,0.728,0.3913499984741211
36300.9149999707,0.736,0.3933499984741211
36317.67499999842,0.744,0.3953499984741211
36334.93000001181,0.754,0.3953499984741211
36351.68500000145,0.764,0.3973499984741211
36367.44499998167,0.776,0.3953499984741211
36384.274999960326,0.786,0.3953499984741211
36400.93499998329,0.796,0.3953499984741211
36418.05999999633,0.804,0.3953499984741211
36433.97999997251,0.808,0.3973499984741211
36450.855000002775,0.81,0.3993499984741211
36467.529999965336,0.812,0.4033499984741211
36484.21500000404,0.808,0.41134999847412107
36500.529999961145,0.802,0.4193499984741211
36517.30499998666,0.796,0.4273499984741211
36533.98000000743,0.788,0.4353499984741211
36551.0999999824,0.774,0.4433499984741211
36567.37999996403,0.762,0.4533499984741211
36585.159999958705,0.754,0.4593499984741211
36600.709999969695,0.746,0.4673499984741211
36617.640000011306,0.744,0.47134999847412107
36634.090000006836,0.744,0.47334999847412107
36650.83999995841,0.748,0.47534999847412107
36667.55999997258,0.754,0.47534999847412107
36684.24999999115,0.76,0.47534999847412107
36701.42499997746,0.774,0.47534999847412107
36718.270000012126,0.79,0.47534999847412107
36734.04999997001,0.802,0.47334999847412107
36750.96500001382,0.82,0.46934999847412107
36767.61499996064,0.832,0.4673499984741211
36784.769999969285,0.842,0.4673499984741211
36801.01499997545,0.85,0.4653499984741211
36817.27499997942,0.852,0.4673499984741211
36883.949999988545,0.852,0.4653499984741211
36901.339999982156,0.85,0.4613499984741211
36917.42499999236,0.85,0.4533499984741211
36934.39999996917,0.85,0.4393499984741211
36951.10000000568,0.848,0.4193499984741211
36967.91499998653,0.846,0.4033499984741211
36984.5600000117,0.842,0.3873499984741211
37001.03499996476,0.842,0.3813499984741211
37017.25500001339,0.84,0.3753499984741211
37068.22499999544,0.84,0.3733499984741211
37101.150000002235,0.842,0.3753499984741211
37117.40499996813,0.848,0.3773499984741211
37134.0799999889,0.858,0.3813499984741211
37150.72999999393,0.868,0.3833499984741211
37168.164999980945,0.882,0.3853499984741211
37183.95999999484,0.894,0.3853499984741211
37201.330000010785,0.906,0.3833499984741211
37218.19499996491,0.912,0.3833499984741211
37234.58499996923,0.918,0.3833499984741211
37250.91000000248,0.92,0.3833499984741211
37267.79000001261,0.922,0.3833499984741211
37334.86000000266,0.922,0.3853499984741211
37350.57999996934,0.922,0.3873499984741211
37368.19499998819,0.922,0.3933499984741211
37384.95999999577,0.92,0.4033499984741211
37401.49499999825,0.914,0.4153499984741211
37417.399999976624,0.908,0.4273499984741211
37434.35499997577,0.902,0.4373499984741211
37450.754999998026,0.892,0.4513499984741211
37468.20999996271,0.886,0.4633499984741211
37484.01999997441,0.884,0.4673499984741211
37501.54999998631,0.882,0.47134999847412107
37517.244999995455,0.882,0.47334999847412107
37550.97499996191,0.884,0.47534999847412107
37567.3400000087,0.884,0.4773499984741211
37584.4700000016,0.888,0.4773499984741211
37601.22999997111,0.89,0.4773499984741211
37617.46499995934,0.898,0.4773499984741211
37634.15499997791,0.904,0.47534999847412107
37651.4249999891,0.914,0.47334999847412107
37667.52499999711,0.922,0.47334999847412107
37684.43500000285,0.934,0.47334999847412107
37700.964999967255,0.942,0.47134999847412107
37717.11500000674,0.948,0.47134999847412107
37734.69999997178,0.95,0.47134999847412107
37767.47999998042,0.95,0.47334999847412107
37783.86500000488,0.948,0.47534999847412107
37801.25499999849,0.946,0.4793499984741211
37817.47499998892,0.942,0.4833499984741211
37834.440000006,0.938,0.4893499984741211
37850.57000000961,0.932,0.4953499984741211
37868.274999957066,0.926,0.5013499984741211
37884.42999997642,0.92,0.5093499984741211
37901.194999984,0.916,0.5133499984741211
37917.35000000335,0.914,0.5173499984741211
37934.47499995818,0.912,0.5213499984741211
37950.35499997903,0.91,0.5233499984741211
37984.419999993406,0.912,0.5233499984741211
38001.19499996072,0.914,0.5233499984741211
38017.104999977164,0.916,0.5213499984741211
38034.244999988005,0.92,0.5213499984741211
38050.6849999656,0.928,0.5213499984741211
38068.150000006426,0.938,0.5193499984741211
38084.52999999281,0.944,0.5193499984741211
38101.09999997076,0.952,0.5173499984741211
38117.78500000946,0.956,0.5173499984741211
38134.38499998301,0.958,0.5173499984741211
38150.48999997089,0.96,0.5173499984741211
38350.82499997225,0.96,0.5193499984741211
38368.10500000138,0.962,0.5213499984741211
38384.58000001265,0.962,0.5233499984741211
38400.574999977835,0.964,0.5253499984741211
38417.614999983925,0.964,0.5313499984741211
38434.3499999959,0.966,0.5373499984741211
38450.59500000207,0.966,0.5413499984741211
38468.339999963064,0.968,0.5473499984741211
38484.204999986105,0.968,0.5533499984741211
38500.404999998864,0.97,0.5593499984741211
38517.170000006445,0.97,0.563349998474121
38534.36499997042,0.97,0.569349998474121
38550.38999998942,0.97,0.577349998474121
38567.91499996325,0.97,0.581349998474121
38583.834999997634,0.97,0.5873499984741211
38601.23500000918,0.97,0.5933499984741211
38617.52999998862,0.97,0.6013499984741211
38634.36999998521,0.97,0.6053499984741211
38650.874999992084,0.97,0.6133499984741211
38667.17999998946,0.97,0.6193499984741211
38683.84499999229,0.97,0.6273499984741211
38701.14499999909,0.97,0.6353499984741211
38717.34500001185,0.97,0.6413499984741211
38734.1749999905,0.968,0.6473499984741211
38750.520000001416,0.968,0.6553499984741211
38767.354999959935,0.968,0.6673499984741211
38783.769999979995,0.968,0.6733499984741211
38801.36499996297,0.968,0.6833499984741211
38817.34499998856,0.968,0.691349998474121
38834.674999990966,0.968,0.703349998474121
38850.47000000486,0.968,0.7113499984741211
38867.51999997068,0.968,0.7233499984741211
38884.00999997975,0.968,0.7333499984741211
38901.40500001144,0.968,0.7453499984741211
38917.40499995649,0.968,0.7553499984741211
38933.97499999264,0.968,0.7673499984741211
38950.42000000831,0.968,0.7753499984741211
38967.9199999664,0.966,0.7873499984741211
38984.64999999851,0.966,0.7993499984741211
39001.18500000099,0.966,0.8073499984741211
39018.23499996681,0.964,0.819349998474121
39034.11499998765,0.964,0.827349998474121
39050.844999961555,0.964,0.8373499984741211
39067.94999999693,0.964,0.8453499984741211
39084.184999985155,0.966,0.8553499984741211
39100.86000000592,0.966,0.8653499984741211
39117.634999973234,0.966,0.8733499984741211
39134.90000000456,0.966,0.8833499984741211
39150.599999993574,0.964,0.8913499984741211
39168.39499998605,0.964,0.9013499984741211
39184.24500001129,0.964,0.9073499984741211
39200.66999999108,0.962,0.9193499984741211
39217.48499997193,0.96,0.9253499984741211
39234.26499997731,0.96,0.9353499984741211
39251.16499996511,0.958,0.943349998474121
39267.995000001974,0.958,0.949349998474121
39284.35999999056,0.956,0.953349998474121
39301.25499999849,0.956,0.9593499984741211
39317.13499996113,0.956,0.9653499984741211
39333.92999996431,0.956,0.9673499984741211
39350.51499999827,0.956,0.9713499984741211
39383.88999999734,0.956,0.9733499984741211
39450.45999996364,0.954,0.9713499984741211
39500.49000000581,0.952,0.9713499984741211
39517.744999960996,0.948,0.9713499984741211
39533.75000000233,0.942,0.9713499984741211
39550.359999993816,0.934,0.9733499984741211
39567.06999999005,0.926,0.9753499984741211
39584.325000003446,0.916,0.9753499984741211
39601.48999997182,0.906,0.9793499984741211
39617.55500000436,0.894,0.9793499984741211
39634.03499999549,0.884,0.9813499984741211
39650.45499999542,0.874,0.9813499984741211
39667.8799999645,0.866,0.9813499984741211
39683.69499995606,0.856,0.9793499984741211
39701.15999999689,0.846,0.9773499984741211
39717.23499998916,0.838,0.9773499984741211
39733.89999999199,0.826,0.9753499984741211
39751.14000000758,0.818,0.9753499984741211
39767.51499995589,0.806,0.9733499984741211
39783.85999996681,0.796,0.9733499984741211
39800.760000012815,0.784,0.9733499984741211
39817.600000009406,0.772,0.9733499984741211
39834.24499997636,0.762,0.9733499984741211
39850.70499998983,0.75,0.9753499984741211
39867.849999980535,0.74,0.9753499984741211
39883.91999999294,0.728,0.9753499984741211
39900.824999960605,0.718,0.9753499984741211
39917.71999996854,0.706,0.9753499984741211
39933.924999961164,0.696,0.9753499984741211
39950.855000002775,0.682,0.9753499984741211
39967.605000012554,0.668,0.9753499984741211
39984.27499999525,0.656,0.9753499984741211
40001.144999987446,0.64,0.9753499984741211
40017.66499999212,0.628,0.9753499984741211
40034.05999997631,0.612,0.9753499984741211
40050.48999999417,0.6,0.9753499984741211
40067.494999966584,0.584,0.9753499984741211
40083.69499997934,0.57,0.9753499984741211
40100.54999997374,0.552,0.9753499984741211
40117.40499996813,0.534,0.9753499984741211
40134.84499999322,0.52,0.9773499984741211
40150.574999977835,0.508,0.9773499984741211
40167.25999995833,0.492,0.9773499984741211
40183.864999969956,0.478,0.9773499984741211
40200.94000000972,0.464,0.9773499984741211
40217.579999996815,0.452,0.9773499984741211
40233.955000003334,0.442,0.9773499984741211
40250.60500000836,0.428,0.9773499984741211
40267.469999962486,0.414,0.9773499984741211
40283.8149999734,0.402,0.9773499984741211
40300.79999996815,0.388,0.9773499984741211
40317.36499996623,0.378,0.9773499984741211
40333.97499995772,0.364,0.9773499984741211
40351.13500000443,0.352,0.9753499984741211
40367.90499999188,0.342,0.9753499984741211
40384.40499996068,0.328,0.9733499984741211
40401.38499997556,0.318,0.9733499984741211
40417.52999997698,0.306,0.9713499984741211
40434.16000000434,0.294,0.9693499984741211
40450.829999987036,0.282,0.9673499984741211
40467.139999964274,0.272,0.9673499984741211
40483.71499998029,0.258,0.9653499984741211
40500.93999999808,0.244,0.9653499984741211
40517.78499997454,0.234,0.9653499984741211
40533.89999998035,0.222,0.9653499984741211
40550.37499999162,0.214,0.9653499984741211
40567.54999997793,0.202,0.9653499984741211
40584.050000004936,0.194,0.9653499984741211
40600.66499997629,0.186,0.9653499984741211
40616.89000000479,0.176,0.9653499984741211
40633.874999999534,0.168,0.9653499984741211
40650.5649999599,0.162,0.9653499984741211
40667.49500000151,0.152,0.9633499984741211
40684.10000001313,0.142,0.9633499984741211
40701.09499996761,0.134,0.9633499984741211
40717.36999996938,0.128,0.9633499984741211
40734.079999965616,0.122,0.9633499984741211
40750.70500001311,0.116,0.9613499984741211
40767.744999960996,0.11,0.9613499984741211
40783.88000000268,0.108,0.9613499984741211
40801.47999996552,0.104,0.9613499984741211
40834.4550000038,0.102,0.9593499984741211
40850.93499999493,0.102,0.9613499984741211
40901.48499998031,0.104,0.9613499984741211
40948.74500000151,0.102,0.9613499984741211
