0,0.168,0.11575
17.014999990351498,0.172,0.11775
32.804999966174364,0.174,0.11975
91.47499996470287,0.174,0.12175
124.21500001801178,0.172,0.12375
141.59499999368563,0.168,0.13375
158.64500001771376,0.158,0.14975
175.00499996822327,0.146,0.16375
192.3949999618344,0.132,0.18375
207.69999996991828,0.124,0.19775
225.45999998692423,0.118,0.21175
240.79999997047707,0.118,0.22375
257.5249999645166,0.122,0.22975
274.56499997060746,0.13,0.23575
292.01500001363456,0.148,0.24175
307.4449999839999,0.168,0.24575
324.13500000257045,0.186,0.24775
340.6550000072457,0.206,0.24975
357.6199999661185,0.218,0.25175
374.6699999901466,0.228,0.25375
391.52499998454005,0.234,0.25775
408.7149999686517,0.234,0.26175
424.3249999708496,0.234,0.26775
441.8399999849498,0.23,0.27575
458.10499996878207,0.226,0.28375
474.8099999851547,0.224,0.28775
491.2299999850802,0.224,0.28975
525.5950000137091,0.226,0.28575
540.9300000173971,0.232,0.27375
558.3650000044145,0.236,0.26175
574.640000006184,0.24,0.24375
591.2249999819323,0.244,0.22575
608.3249999792315,0.246,0.21375
624.0600000019185,0.246,0.20375
641.559999960009,0.244,0.19575
658.6149999639019,0.242,0.19375
674.39999995986,0.242,0.19175
707.9149999772198,0.244,0.19175
725.5400000140071,0.25,0.19575
741.5349999791943,0.262,0.19975
758.3250000025146,0.274,0.20175
774.364999961108,0.286,0.20375
791.239999991376,0.302,0.20575
808.8550000102259,0.314,0.20775
824.7400000109337,0.324,0.21375
841.6899999720044,0.332,0.21575
858.669999986887,0.338,0.22175
874.115000013262,0.34,0.22775
891.6899999603629,0.34,0.23775
909.1049999697134,0.336,0.24775
924.8800000059418,0.328,0.26375
941.4749999996275,0.32,0.28175
958.7199999950826,0.314,0.29775
974.2400000104681,0.31,0.30975
991.2199999671429,0.304,0.32575
1007.5700000161305,0.3,0.34175
1025.305000017397,0.296,0.34975
1041.7250000173226,0.292,0.35975
1058.405000017956,0.29,0.36375
1075.5099999951199,0.282,0.36775
1091.5200000163168,0.272,0.36575
1108.8650000165217,0.26,0.36375
1124.3499999982305,0.248,0.35775
1141.7599999695085,0.234,0.34975
1158.1099999602884,0.218,0.34175
1175.5849999608472,0.204,0.33375
1191.7900000116788,0.196,0.32775
1207.4399999692105,0.188,0.32375
1225.624999962747,0.182,0.31975
1241.3499999674968,0.178,0.31775
1258.2299999776296,0.174,0.31775
1275.02000000095,0.172,0.31975
1291.5149999898858,0.166,0.32775
1308.7649999652058,0.158,0.33775
1324.2149999714456,0.152,0.34975
1342.2649999847636,0.142,0.36175
1357.9400000162423,0.138,0.36975
1375.0449999934062,0.132,0.37575
1391.544999962207,0.13,0.37775
1407.8999999910593,0.128,0.37575
1424.6500000008382,0.124,0.36975
1441.4249999681488,0.122,0.36375
1458.8199999998324,0.118,0.35175
1474.179999961052,0.114,0.34175
1491.5700000128709,0.11,0.32975
1508.094999997411,0.106,0.32175
1525.7149999961257,0.098,0.31375
1540.8000000170432,0.088,0.30575
1559.0099999681115,0.082,0.30375
1574.6799999615178,0.074,0.30175
1592.049999977462,0.068,0.30375
1608.269999967888,0.06,0.30775
1623.8850000081584,0.056,0.31375
1641.6500000050291,0.05,0.32175
1658.0299999914132,0.046,0.32775
1674.4999999646097,0.042,0.33375
1691.56499998644,0.04,0.33775
1709.0149999712594,0.04,0.33975
1725.8399999700487,0.038,0.33975
1758.1350000109524,0.036,0.33575
1774.7399999643676,0.034,0.32575
1791.2500000093132,0.034,0.31575
1807.860000000801,0.032,0.30775
1824.9349999823608,0.032,0.29575
1841.5299999760464,0.032,0.28775
1857.9099999624304,0.032,0.27975
1874.855000001844,0.032,0.27375
1891.5149999666028,0.034,0.26975
1908.8099999935366,0.034,0.26575
1925.3249999601394,0.034,0.26375
1974.259999988135,0.036,0.26575
1990.7549999770708,0.042,0.26775
2008.2299999776296,0.048,0.26975
2024.6749999932945,0.056,0.27175
2041.6049999766983,0.064,0.27375
2058.7049999739975,0.072,0.27375
2074.209999991581,0.076,0.27375
2090.700000000652,0.08,0.27375
2107.4899999657646,0.084,0.27375
2158.549999992829,0.086,0.27575
2174.684999976307,0.086,0.27775
2191.549999988638,0.088,0.28175
2208.7199999950826,0.09,0.28375
2240.87999999756,0.092,0.28375
2257.630000007339,0.092,0.28175
2274.0950000006706,0.092,0.27975
2291.2149999756366,0.092,0.26975
2308.0649999901652,0.09,0.26175
2325.490000017453,0.088,0.24975
2341.550000011921,0.084,0.23375
2357.9249999602325,0.082,0.22375
2374.565000005532,0.078,0.21175
2391.479999991134,0.076,0.20375
2408.8249999913387,0.074,0.19575
2424.7599999653175,0.072,0.19375
2441.9249999918975,0.072,0.19175
2490.6150000169873,0.072,0.19375
2508.510000014212,0.07,0.19775
2525.729999993928,0.068,0.20375
2541.5950000169687,0.066,0.20575
2558.79499996081,0.064,0.20975
2574.8400000156835,0.06,0.20975
2591.160000010859,0.058,0.20975
2608.5699999821372,0.054,0.20575
2624.9149999930523,0.05,0.19975
2640.6350000179373,0.048,0.19175
2657.5149999698624,0.046,0.18575
2674.0700000082143,0.046,0.17375
2691.850000002887,0.044,0.16375
2707.5049999984913,0.044,0.15175
2724.1049999720417,0.044,0.14375
2741.6799999773502,0.044,0.13375
2757.6549999648705,0.044,0.12775
2774.199999985285,0.044,0.12375
2858.119999989867,0.05,0.12375
2874.72500000149,0.06,0.12375
2891.9149999856018,0.068,0.12375
2907.6050000148825,0.078,0.11975
2924.234999984037,0.09,0.11575
2940.724999993108,0.1,0.11175
2958.764999988489,0.104,0.10975
2974.2850000038743,0.106,0.10975
3007.9549999791197,0.106,0.11175
3024.0999999805354,0.106,0.11775
3040.689999994356,0.104,0.12375
3057.5449999887496,0.102,0.13175
3074.670000001788,0.1,0.14175
3092.174999997951,0.1,0.14975
3107.5049999635667,0.1,0.15375
3124.290000007022,0.1,0.15775
3140.8449999871664,0.102,0.15975
3157.4999999720603,0.102,0.16175
3173.9550000056624,0.104,0.16175
3190.7549999887124,0.106,0.16175
3207.590000005439,0.108,0.15975
3224.134999967646,0.11,0.15775
3241.9499999959953,0.114,0.15175
3258.8249999680556,0.114,0.14575
3274.349999963306,0.116,0.13775
3291.220000013709,0.118,0.12375
3308.6849999963306,0.12,0.10975
3324.129999964498,0.122,0.09975
3341.2249999819323,0.124,0.09175
3357.93499997817,0.124,0.08575
3375.334999989718,0.126,0.07975
3390.6999999890104,0.126,0.07375
3408.995000005234,0.126,0.07175
3424.7099999920465,0.126,0.06975
3474.1550000035204,0.124,0.06975
3491.909999982454,0.122,0.06775
3507.6349999872036,0.12,0.06375
3524.299999990035,0.114,0.05975
3540.7699999632314,0.106,0.05575
3557.489999977406,0.1,0.05175
3574.2149999714456,0.096,0.04775
3591.199999966193,0.09,0.04375
3608.7350000161678,0.086,0.03775
3624.1949999821372,0.086,0.03575
3641.7299999739043,0.084,0.03375
3674.9500000150874,0.086,0.03375
3691.3949999725446,0.088,0.03375
3708.3349999738857,0.09,0.03175
3724.129999987781,0.094,0.03175
3741.189999971539,0.102,0.03175
3758.785000012722,0.112,0.02975
3774.329999985639,0.124,0.02775
3791.7299999971874,0.142,0.02575
3807.5649999664165,0.16,0.02375
3824.3599999696016,0.184,0.01975
3841.454999987036,0.212,0.01375
3858.799999987241,0.234,0.01175
3874.3350000004284,0.258,0.00975
3890.8299999893643,0.29,0.00575
3907.4900000123307,0.322,0.00375
3924.04000001261,0.346,0.00375
3940.83999999566,0.38,0.00175
3957.9999999841675,0.406,0.00175
3975.414999993518,0.438,0.00175
3990.6999999657273,0.474,0.00175
4008.7949999724515,0.5,0.00175
4024.3699999991804,0.526,0.00175
4041.7799999704584,0.562,0.00175
4058.1249999813735,0.596,0.00375
4075.559999968391,0.63,0.00375
4090.8049999852665,0.654,0.00575
4107.970000011846,0.678,0.00575
4125.3949999809265,0.71,0.00775
4140.644999977667,0.74,0.00775
4158.389999996871,0.762,0.00775
4173.999999999069,0.786,0.00775
4190.76500000665,0.814,0.00975
4208.114999986719,0.842,0.01175
4223.910000000615,0.86,0.01375
4240.539999969769,0.886,0.01575
4257.67999998061,0.902,0.01575
4274.739999964368,0.924,0.01775
4291.564999963157,0.942,0.01775
4308.030000014696,0.952,0.01975
4324.3449999718,0.958,0.01975
4341.964999970514,0.96,0.02175
4357.454999990296,0.962,0.02175
4374.139999970794,0.96,0.02175
4390.819999971427,0.958,0.02175
4407.559999963269,0.952,0.02375
4424.2249999661,0.942,0.03175
4441.469999961555,0.928,0.04175
4458.019999961834,0.918,0.05175
4475.284999993164,0.906,0.06575
4490.784999972675,0.9,0.07375
4507.534999982454,0.894,0.08375
4524.139999994077,0.892,0.08775
4541.734999977052,0.89,0.08975
4557.739999960177,0.888,0.09175
4575.004999991506,0.884,0.08775
4590.704999980517,0.878,0.07975
4607.599999988452,0.868,0.07375
4624.10000001546,0.854,0.06575
4640.879999962635,0.842,0.05975
4657.520000007935,0.824,0.05175
4674.134999979287,0.812,0.04775
4690.884999989066,0.794,0.04375
4707.73999998346,0.782,0.03975
4725.1650000107475,0.77,0.03775
4740.95499998657,0.758,0.03575
4757.545000000391,0.75,0.03575
4774.464999965858,0.744,0.03575
4791.399999987334,0.732,0.03975
4808.749999967404,0.722,0.04575
4824.23500000732,0.714,0.04975
4842.059999995399,0.704,0.05775
4857.495000003837,0.696,0.06175
4874.6899999678135,0.688,0.06775
4891.434999997728,0.682,0.07175
4908.364999981131,0.676,0.07375
4924.109999963548,0.672,0.07575
4941.409999970347,0.67,0.07575
4958.764999988489,0.67,0.07775
4992.239999992307,0.672,0.07775
5007.530000002589,0.678,0.07775
5024.084999982733,0.686,0.07775
5041.709999961313,0.694,0.07975
5057.600000000093,0.702,0.07975
5074.124999984633,0.71,0.08375
5090.894999972079,0.714,0.08575
5107.529999979306,0.718,0.08975
5125.189999991562,0.718,0.09575
5140.795000013895,0.714,0.10375
5158.114999998361,0.706,0.11575
5175.534999987576,0.7,0.12575
5191.029999987222,0.692,0.13975
5207.579999987502,0.69,0.14775
5224.110000010114,0.69,0.15575
5240.854999981821,0.692,0.16175
5258.099999977276,0.704,0.16575
5273.7900000065565,0.716,0.16775
5291.564999963157,0.738,0.16775
5308.970000012778,0.76,0.16575
5324.514999985695,0.774,0.16575
5340.789999987464,0.792,0.16375
5357.565000012983,0.802,0.16375
5374.154999968596,0.808,0.16175
5390.759999980219,0.812,0.16175
5408.809999993537,0.81,0.15975
5424.980000010692,0.806,0.15375
5441.079999960493,0.798,0.14375
5458.104999968782,0.788,0.13175
5475.609999964945,0.782,0.12175
5490.899999975227,0.774,0.11175
5507.519999984652,0.768,0.10775
5524.694999970961,0.764,0.10175
5542.3050000099465,0.762,0.09775
5557.585000002291,0.762,0.09575
5590.9150000079535,0.766,0.09575
5608.1300000078045,0.776,0.09575
5624.644999974407,0.786,0.09575
5640.774999978021,0.8,0.09575
5657.490000012331,0.812,0.09775
5674.9650000128895,0.824,0.09975
5690.39999996312,0.832,0.10375
5707.590000005439,0.838,0.10575
5725.374999979977,0.842,0.11175
5740.850000001956,0.846,0.11575
5757.589999993797,0.846,0.12175
5774.265000014566,0.844,0.12775
5791.694999963511,0.838,0.13975
5807.540000008885,0.834,0.14975
5824.139999982435,0.828,0.16175
5841.625000000931,0.824,0.16975
5857.589999970514,0.824,0.17775
5874.10999997519,0.826,0.18175
5890.949999971781,0.834,0.18575
5908.114999998361,0.846,0.18775
5925.185000000056,0.856,0.18975
5940.759999968577,0.872,0.18775
5957.475000002887,0.88,0.18775
5974.084999994375,0.89,0.18575
5990.844999963883,0.896,0.18575
6008.429999987129,0.9,0.18375
6024.095000000671,0.902,0.18375
6041.804999986198,0.904,0.18175
6058.0600000103,0.904,0.17775
6075.444999965839,0.904,0.17175
6091.784999996889,0.904,0.16175
6107.55999997491,0.902,0.15175
6124.695000005886,0.902,0.13975
6141.439999977592,0.9,0.13175
6158.824999991339,0.9,0.12775
6174.739999987651,0.9,0.12375
6191.560000006575,0.9,0.12175
6257.615000009537,0.904,0.12375
6274.144999973942,0.91,0.12775
6291.024999984074,0.916,0.12975
6308.8499999721535,0.924,0.13175
6324.79499996407,0.932,0.13575
6341.740000003483,0.938,0.13575
6358.154999965336,0.942,0.13975
6374.855000001844,0.944,0.14175
6390.509999997448,0.946,0.14375
6407.5299999676645,0.946,0.14775
6424.509999982547,0.946,0.15375
6441.500000015367,0.946,0.16175
6458.340000011958,0.946,0.16775
6474.15500000352,0.944,0.17575
6490.965000004508,0.942,0.18975
6508.135000010952,0.942,0.20575
6524.02000001166,0.94,0.21975
6540.924999979325,0.938,0.23975
6558.049999992363,0.936,0.25575
6574.674999981653,0.936,0.27975
6591.535000014119,0.934,0.30575
6608.18499996094,0.932,0.32375
6624.659999972209,0.932,0.35375
6642.07499998156,0.93,0.37575
6657.5900000170805,0.928,0.40575
6675.204999977723,0.924,0.43775
6690.949999960139,0.922,0.46375
6707.965000008699,0.92,0.48975
6725.425000011455,0.916,0.52375
6741.464999970049,0.912,0.55975
6758.349999960046,0.91,0.58575
6774.0800000028685,0.906,0.61175
6790.945000015199,0.902,0.64575
6808.129999961238,0.898,0.67775
6824.2949999985285,0.894,0.69975
6840.985000017099,0.892,0.72575
6857.5350000173785,0.892,0.74175
6874.279999989085,0.892,0.75975
6891.7099999962375,0.892,0.76975
6907.5900000170805,0.892,0.77775
6925.379999971483,0.892,0.77975
6957.705000007991,0.888,0.77975
6974.734999996144,0.882,0.77375
6990.709999983665,0.868,0.76975
7007.660000002943,0.856,0.76575
7024.229999980889,0.834,0.75975
7041.729999997187,0.814,0.75775
7058.134999999311,0.786,0.75775
7074.124999984633,0.764,0.75775
7090.870000014547,0.738,0.75775
7108.070000016596,0.724,0.75575
7124.9949999619275,0.712,0.75375
7140.769999998156,0.708,0.74775
7158.920000016224,0.71,0.73775
7174.41500001587,0.72,0.72175
7190.934999962337,0.73,0.70575
7208.129999984521,0.746,0.68175
7224.760000011884,0.756,0.66175
7240.349999978207,0.764,0.64175
7257.549999980256,0.772,0.61375
7274.29500001017,0.78,0.58775
7291.165000002366,0.784,0.56975
7307.6250000158325,0.788,0.54975
7325.479999999516,0.79,0.53775
7340.96000000136,0.79,0.53375
7358.674999966752,0.788,0.53175
7374.979999964125,0.784,0.53375
7390.769999998156,0.78,0.54175
7407.644999970216,0.778,0.55175
7424.279999977443,0.774,0.56775
7441.784999973606,0.774,0.57775
7457.609999983106,0.772,0.59375
7474.15500000352,0.772,0.60175
7490.999999979977,0.776,0.61175
7507.689999998547,0.78,0.61575
7524.960000009742,0.788,0.61975
7540.374999982305,0.798,0.61975
7557.609999959823,0.806,0.61775
7574.395000003278,0.814,0.61375
7590.924999967683,0.824,0.60975
7608.6149999755435,0.832,0.60575
7623.90999996569,0.834,0.60375
7640.5350000131875,0.836,0.60375
7724.7300000162795,0.838,0.60175
7741.630000004079,0.84,0.59775
7758.074999961536,0.844,0.58775
7774.685000011232,0.85,0.57775
7790.284999995492,0.856,0.56575
7807.629999995697,0.862,0.54775
7824.190000013914,0.868,0.53175
7841.124999977183,0.872,0.52175
7857.625000004191,0.872,0.51175
7874.145000008866,0.87,0.50575
7891.0199999809265,0.866,0.49975
7907.910000008997,0.86,0.49575
7924.360000004526,0.85,0.49375
7941.56499998644,0.838,0.49375
7957.669999974314,0.828,0.49575
7974.389999988489,0.814,0.49575
7990.995000000112,0.806,0.49575
8007.574999995995,0.796,0.49375
8024.259999976493,0.792,0.49375
8041.0050000064075,0.79,0.48975
8057.715000002645,0.79,0.48775
8074.365000007674,0.792,0.48175
8092.13499998441,0.796,0.47375
8108.175000001211,0.8,0.46775
8125.564999994822,0.804,0.45775
8141.245000006165,0.808,0.44975
8157.77499997057,0.81,0.43975
8174.264999979641,0.81,0.43175
8191.690000006929,0.81,0.42175
8207.98999996623,0.808,0.41375
8224.294999963604,0.806,0.40775
8240.864999999758,0.806,0.40375
8257.559999998193,0.804,0.40175
8292.275000014342,0.804,0.39975
8323.815000010654,0.806,0.40175
8341.599999985192,0.814,0.40175
8357.544999977108,0.822,0.40175
8374.465000000782,0.828,0.40175
8390.929999994114,0.834,0.40175
8407.565000001341,0.84,0.40175
8425.06500001764,0.844,0.40175
8441.56499998644,0.846,0.39975
8457.579999987502,0.846,0.40175
8491.065000009257,0.846,0.40375
8507.64500000514,0.842,0.40975
8524.3049999699,0.84,0.41375
8540.229999984149,0.838,0.41775
8557.549999968614,0.836,0.42375
8574.314999976195,0.836,0.42575
8591.944999992847,0.838,0.42775
8607.589999970514,0.842,0.42975
8624.979999964125,0.848,0.42975
8641.07499999227,0.852,0.42775
8657.659999968018,0.86,0.42575
8674.259999999776,0.864,0.42375
8691.034999967087,0.87,0.42175
8707.775000017136,0.872,0.41975
8724.419999984093,0.874,0.41775
8741.459999990184,0.876,0.41575
8757.884999969974,0.876,0.41375
8774.340000003576,0.876,0.40975
8791.29500000272,0.878,0.40375
8807.634999975562,0.878,0.39375
8824.114999966696,0.88,0.38575
8841.13499999512,0.88,0.37575
8857.599999988452,0.88,0.36575
8874.34999999823,0.88,0.35975
8890.264999994542,0.88,0.35375
8907.644999970216,0.878,0.34975
8924.31500001112,0.876,0.34575
8940.919999964535,0.87,0.34575
8957.575000007637,0.864,0.34575
8974.319999979343,0.854,0.34775
8991.32999998983,0.848,0.34975
9008.730000001378,0.838,0.35175
9024.19500000542,0.834,0.35375
9041.09499999322,0.83,0.35575
9057.770000013988,0.828,0.35375
9074.120000004768,0.826,0.35175
9091.090000001714,0.826,0.34575
9107.580000010785,0.826,0.33975
9124.344999960158,0.828,0.32975
9141.579999995884,0.828,0.31975
9158.620000001974,0.828,0.31375
9174.219999986235,0.83,0.30575
9191.984999983106,0.83,0.29975
9207.534999994095,0.83,0.29575
9224.029999983031,0.832,0.29375
9257.64500000514,0.832,0.29175
9274.349999963306,0.834,0.29375
9291.540000005625,0.838,0.29375
9307.354999997187,0.842,0.29575
9323.86000000406,0.846,0.29775
9341.03499999037,0.854,0.29975
9357.649999961723,0.86,0.30175
9374.24999999348,0.866,0.30375
9391.754999989644,0.87,0.30575
9407.62499999255,0.874,0.30575
9424.309999973048,0.876,0.30575
9441.485000017565,0.876,0.30775
9457.675000012387,0.878,0.30575
9474.234999972396,0.878,0.30375
9491.05499999132,0.88,0.29975
9507.675000000745,0.882,0.29175
9524.20499996515,0.884,0.28375
9541.09499999322,0.886,0.27175
9558.004999998957,0.886,0.26575
9574.44499997655,0.888,0.25975
9591.514999978244,0.888,0.25575
9607.665000017732,0.886,0.25375
9624.454999982845,0.884,0.25375
9641.739999991842,0.88,0.25175
9657.67499996582,0.874,0.25175
9674.579999991693,0.864,0.25175
9691.099999996368,0.854,0.25175
9707.629999960773,0.846,0.25175
9724.90500001004,0.836,0.25175
9740.884999977425,0.828,0.25175
9757.415000000037,0.822,0.25175
9774.174999969546,0.82,0.24975
9791.150000004563,0.818,0.24775
9807.709999964572,0.818,0.24575
9824.24499996705,0.818,0.24175
9841.115000017453,0.818,0.23575
9857.699999993201,0.818,0.23175
9874.379999993835,0.82,0.22375
9891.004999983124,0.82,0.21975
9907.614999974612,0.818,0.21775
9924.384999962058,0.818,0.21575
9941.110000014305,0.814,0.21375
9957.374999998137,0.812,0.21175
9974.140000005718,0.808,0.20975
9990.995000000112,0.8,0.20775
10007.74500000989,0.792,0.20775
10024.774999998044,0.782,0.20775
10041.139999986626,0.776,0.20775
10057.71999998251,0.768,0.20775
10074.41000000108,0.762,0.20575
10091.000000014901,0.756,0.20575
10108.435000001919,0.752,0.20375
10125.089999986812,0.75,0.20375
10142.639999976382,0.748,0.20375
10175.164999964181,0.748,0.20575
10192.259999981616,0.746,0.20775
10208.08999997098,0.744,0.21375
10225.589999987278,0.742,0.21975
10241.664999979548,0.74,0.22575
10258.224999997765,0.736,0.22975
10274.640000017826,0.734,0.23775
10291.449999960605,0.734,0.24375
10308.09499998577,0.734,0.24775
10325.205000001006,0.738,0.25375
10341.814999992494,0.742,0.25575
10358.79999998724,0.748,0.25975
10374.644999974407,0.752,0.26375
10391.765000007581,0.754,0.26575
10408.475000003818,0.758,0.26775
10425.709999981336,0.76,0.26975
10440.980000013951,0.762,0.27575
10458.210000011604,0.762,0.27975
10475.724999967497,0.76,0.28575
10491.364999965299,0.756,0.29175
10508.265000011306,0.752,0.29975
10525.209999992512,0.744,0.30775
10541.674999985844,0.738,0.31375
10558.79499996081,0.728,0.32175
10574.529999983497,0.722,0.32575
10591.539999993984,0.712,0.33175
10608.094999974128,0.708,0.33575
10625.30000001425,0.702,0.33775
10642.69999996759,0.696,0.33975
10658.950000011828,0.694,0.33975
10674.39000000013,0.692,0.33775
10691.104999976233,0.688,0.33175
10708.760000008624,0.686,0.32375
10726.094999990892,0.684,0.31775
10742.235000012442,0.682,0.30775
10758.474999980535,0.68,0.30175
10775.555000000168,0.678,0.29375
10790.89499998372,0.676,0.28575
10808.514999982435,0.674,0.27975
10826.0349999764,0.672,0.27575
10841.214999963995,0.67,0.27175
10858.7599999737,0.668,0.27175
10874.294999986887,0.666,0.27175
10892.669999971986,0.66,0.27175
10908.750000002328,0.656,0.27575
10925.600000016857,0.652,0.27775
10942.45500001125,0.646,0.28175
10958.110000006855,0.64,0.28375
10975.670000014361,0.634,0.28775
10991.440000012517,0.628,0.28975
11007.894999987911,0.626,0.28975
11025.02999996068,0.624,0.28775
11041.69499996351,0.622,0.28575
11058.749999967404,0.622,0.27775
11074.299999978393,0.622,0.27175
11091.749999963213,0.624,0.26175
11108.30999998143,0.626,0.25375
11125.289999996312,0.628,0.24575
11141.52499998454,0.628,0.23775
11157.970000000205,0.628,0.23575
11175.01499998616,0.628,0.23375
11207.844999968074,0.63,0.23375
11241.134999960195,0.634,0.23375
11258.2200000179,0.64,0.23375
11275.254999985918,0.646,0.23375
11292.489999963436,0.656,0.23175
11308.084999967832,0.664,0.23175
11324.514999985695,0.672,0.23175
11341.344999964349,0.676,0.23175
11358.279999985825,0.678,0.23375
11374.884999997448,0.68,0.23575
11391.814999980852,0.682,0.23775
11408.754999982193,0.682,0.23975
11424.520000000484,0.682,0.24175
11458.095000009052,0.682,0.23975
11474.444999999832,0.684,0.23775
11491.165000014007,0.684,0.23175
11508.319999964442,0.684,0.22175
11526.01999999024,0.684,0.21175
11541.324999998324,0.684,0.20375
11558.179999992717,0.682,0.19775
11574.855000013486,0.678,0.19175
11592.405000003055,0.672,0.18775
11608.115000010002,0.666,0.18375
11624.520000012126,0.658,0.17975
11641.369999968447,0.65,0.17775
11658.79000001587,0.638,0.17575
11674.31500001112,0.628,0.17575
11692.524999962188,0.616,0.17375
11708.225000009406,0.606,0.17375
11725.514999998268,0.598,0.17175
11741.509999963455,0.592,0.17175
11757.899999967776,0.59,0.17175
11775.259999965783,0.588,0.17175
11808.834999974351,0.586,0.17375
11824.329999973997,0.584,0.17975
11841.644999978598,0.582,0.18575
11858.20999997668,0.578,0.19375
11875.614999968093,0.572,0.20375
11891.714999976102,0.566,0.21375
11908.125000016298,0.564,0.22175
11924.49999996461,0.56,0.22975
11941.324999963399,0.56,0.23375
11958.294999960344,0.562,0.23775
11974.784999969415,0.568,0.24175
11991.489999985788,0.572,0.24375
12008.77000001492,0.578,0.24575
12024.54499999294,0.582,0.24775
12042.154999973718,0.586,0.25175
12058.424999995623,0.586,0.25575
12075.614999979734,0.584,0.26175
12091.489999962505,0.576,0.27375
12107.919999980368,0.566,0.28375
12124.819999968167,0.554,0.29975
12141.884999989998,0.546,0.31175
12159.189999976661,0.538,0.32375
12174.77499996312,0.536,0.33375
12191.334999981336,0.538,0.33975
12207.999999984168,0.542,0.34375
12224.564999982249,0.552,0.34775
12241.85499997111,0.564,0.34975
12258.169999986421,0.572,0.34975
12275.199999974575,0.578,0.35375
12291.254999989178,0.582,0.35775
12307.81999998726,0.582,0.36575
12324.41999996081,0.58,0.37375
12341.725000005681,0.572,0.38775
12358.795000007376,0.562,0.40575
12375.664999999572,0.556,0.41775
12391.00999996299,0.548,0.43175
12407.59999997681,0.544,0.43975
12425.594999978784,0.542,0.44575
12441.434999986086,0.544,0.44975
12458.294999960344,0.55,0.45175
12475.109999999404,0.56,0.45175
12491.559999994934,0.568,0.44975
12507.875000010245,0.58,0.44775
12524.564999970607,0.59,0.44375
12541.024999984074,0.602,0.43975
12558.254999981727,0.61,0.43575
12575.149999989662,0.618,0.43175
12592.55000000121,0.622,0.43175
12607.804999977816,0.624,0.42975
12625.54999999702,0.624,0.42775
12658.605000004172,0.624,0.42575
12742.449999961536,0.624,0.42375
12758.344999980181,0.624,0.42175
12774.834999989253,0.624,0.41575
12791.589999978896,0.624,0.40975
12808.129999961238,0.624,0.40375
12825.444999965839,0.622,0.39575
12842.65999996569,0.622,0.39175
12857.744999986608,0.622,0.38975
12874.465000000782,0.622,0.38775
12907.859999977518,0.624,0.38975
12925.994999997783,0.628,0.39175
12941.509999975096,0.63,0.39375
12958.140000002459,0.638,0.39775
12975.425000011455,0.646,0.40175
12991.809999977704,0.65,0.40175
13007.660000002943,0.656,0.40375
13024.47000000393,0.66,0.40375
13041.205000015907,0.662,0.40375
13058.149999997113,0.662,0.40575
13091.424999991432,0.66,0.40775
13107.810000015888,0.656,0.40975
13124.344999960158,0.654,0.41575
13141.934999963269,0.648,0.42375
13157.889999973122,0.644,0.43375
13174.609999987297,0.642,0.43975
13191.669999971054,0.638,0.44975
13208.110000006855,0.636,0.45575
13225.274999975227,0.634,0.46375
13241.370000003371,0.632,0.46575
13258.994999981951,0.632,0.46775
13275.435000017751,0.632,0.46975
13342.015000001993,0.632,0.47175
13409.274999983609,0.634,0.47175
13425.73999997694,0.634,0.47375
13492.499999993015,0.632,0.47375
13525.214999972377,0.63,0.47175
13541.555000003427,0.624,0.47175
13558.175000012852,0.62,0.47175
13574.544999981299,0.61,0.47375
13591.424999991432,0.602,0.47575
13607.840000011493,0.59,0.47975
13625.279999978375,0.578,0.48575
13641.844999976456,0.57,0.48975
13657.914999988861,0.564,0.49375
13674.534999998286,0.56,0.49575
13692.009999998845,0.558,0.49775
13708.110000006855,0.56,0.49775
13725.265000015497,0.562,0.49775
13741.5799999726,0.566,0.49775
13758.19500000216,0.57,0.49775
13775.555000000168,0.574,0.49975
13808.16000001505,0.574,0.50375
13824.559999979101,0.57,0.50975
13842.024999961723,0.562,0.51975
13857.814999995753,0.554,0.52775
13874.45999996271,0.546,0.53575
13891.509999986738,0.536,0.54975
13908.034999971278,0.526,0.56175
13925.579999980982,0.52,0.56975
13941.255000012461,0.518,0.57575
13958.73999997275,0.516,0.57975
13974.600000015926,0.518,0.58575
13991.364999965299,0.526,0.58975
14007.864999992307,0.532,0.59175
14024.5049999794,0.54,0.59375
14041.274999966845,0.548,0.59575
14057.945000007749,0.558,0.59975
14075.354999979027,0.564,0.60175
14091.004999994766,0.57,0.60575
14108.115000010002,0.576,0.60975
14125.219999987166,0.58,0.61375
14142.654999974184,0.584,0.61575
14158.93999999389,0.584,0.61775
14174.479999986943,0.586,0.61775
14191.274999990128,0.586,0.61575
14208.790000004228,0.586,0.61175
14224.449999979697,0.588,0.60375
14242.289999965578,0.588,0.59375
14257.964999997057,0.59,0.58175
14274.57000000868,0.594,0.56775
14292.26000001654,0.594,0.55575
14307.89499997627,0.596,0.54775
14324.61000001058,0.596,0.54375
14341.344999964349,0.596,0.54175
14357.955000014044,0.596,0.53975
14391.434999997728,0.6,0.54175
14408.509999979287,0.604,0.54375
14425.110000011045,0.612,0.54375
14442.144999979064,0.624,0.54575
14457.829999970272,0.632,0.54575
14474.994999996852,0.64,0.54775
14491.585000010673,0.646,0.54775
14508.57999996515,0.65,0.54975
14524.440000008326,0.652,0.55175
14541.259999969043,0.652,0.55575
14559.239999973215,0.654,0.55775
14607.804999977816,0.654,0.55575
14625.869999988936,0.656,0.54775
14641.4999999688,0.658,0.53775
14658.784999977797,0.66,0.52375
14674.294999975245,0.662,0.51175
14691.28999998793,0.666,0.49575
14708.794999984093,0.67,0.48375
14724.515000008978,0.674,0.47175
14741.449999972247,0.676,0.46375
14758.099999977276,0.678,0.46175
14774.564999970607,0.678,0.45975
14791.26999998698,0.68,0.45975
14807.964999985415,0.682,0.46375
14824.459999974351,0.686,0.46575
14841.30999998888,0.692,0.46775
14858.844999980647,0.698,0.46975
14874.620000016876,0.706,0.47175
14891.309999977238,0.716,0.47175
14908.125000016298,0.72,0.47175
14935.999999986961,0.726,0.46975
14940.835000015795,0.73,0.46975
14958.734999992885,0.732,0.46775
14974.379999970552,0.734,0.46375
14991.274999978486,0.732,0.45975
15008.189999964088,0.73,0.45375
15024.649999977555,0.724,0.44575
15042.409999994561,0.718,0.43575
15058.024999976624,0.712,0.42775
15074.640000006184,0.706,0.41975
15091.520000016317,0.704,0.41575
15108.194999978878,0.7,0.41175
15124.910000013188,0.7,0.40975
15141.339999972843,0.7,0.40775
15157.989999977872,0.702,0.40775
15175.439999962691,0.706,0.40975
15190.980000013951,0.714,0.40975
15207.624999980908,0.722,0.41175
15225.195000006352,0.734,0.41175
15241.32999998983,0.744,0.41175
15257.949999999255,0.75,0.41375
15275.525000004563,0.756,0.41575
15291.495000012219,0.758,0.41575
15307.990000001155,0.758,0.41975
15325.444999965839,0.758,0.42175
15342.669999983627,0.756,0.42575
15358.149999985471,0.756,0.42975
15374.665000010282,0.754,0.43575
15391.345000010915,0.752,0.44575
15408.170000009704,0.754,0.45175
15424.575000011828,0.754,0.46175
15441.48999999743,0.756,0.46975
15457.969999988563,0.758,0.47775
15474.560000002384,0.76,0.48575
15491.434999974445,0.76,0.49175
15509.209999989253,0.76,0.49575
15524.67000001343,0.76,0.50175
15542.324999987613,0.76,0.50375
15557.99499998102,0.758,0.50575
15575.704999966547,0.752,0.50775
15591.224999981932,0.748,0.50775
15608.774999971502,0.738,0.50775
15624.339999980293,0.73,0.50775
15641.004999983124,0.72,0.50775
15657.97499998007,0.714,0.50575
15674.620000005234,0.71,0.50575
15691.300000005867,0.706,0.50575
15707.874999963678,0.706,0.50375
15741.249999962747,0.706,0.50575
15757.97999999486,0.71,0.50775
15774.689999991097,0.712,0.50975
15791.380000009667,0.716,0.51175
15807.849999982864,0.718,0.51575
15825.199999962933,0.722,0.52175
15841.569999989588,0.724,0.52575
15858.83499996271,0.728,0.52975
15874.329999962356,0.73,0.53375
15891.245000006165,0.728,0.53975
15908.255000016652,0.726,0.54575
15924.69000001438,0.72,0.55375
15941.35500001721,0.71,0.56375
15958.035000017844,0.704,0.57175
15975.084999983665,0.696,0.57975
15991.385000001173,0.692,0.58575
16008.830000006128,0.69,0.58975
16025.309999997262,0.692,0.59375
16040.960000013001,0.698,0.59775
16057.61999997776,0.702,0.59975
16074.614999990445,0.708,0.60175
16091.33500000462,0.712,0.60575
16107.595000008587,0.714,0.60975
16123.870000010356,0.714,0.61375
16141.22499997029,0.714,0.61975
16158.339999965392,0.712,0.62575
16175.524999969639,0.708,0.63175
16191.654999973252,0.704,0.63775
16208.144999982323,0.702,0.63975
16224.50499999104,0.698,0.64175
16241.909999982454,0.696,0.64375
16258.674999990035,0.694,0.64175
16275.49500000896,0.692,0.63975
16291.34499997599,0.688,0.63175
16307.939999969676,0.684,0.62375
16325.219999998808,0.676,0.61575
16341.374999959953,0.668,0.60975
16357.964999973774,0.662,0.60575
16374.644999974407,0.652,0.60375
16391.414999961853,0.644,0.60175
16408.735000004526,0.636,0.60375
16424.69000001438,0.632,0.60375
16441.409999970347,0.628,0.60575
16458.099999988917,0.626,0.60575
16475.259999977425,0.628,0.60775
16491.3799999631,0.63,0.60975
16508.949999988545,0.636,0.61375
16524.410000012722,0.64,0.61575
16541.804999986198,0.642,0.61975
16559.139999968465,0.644,0.62575
16575.539999990724,0.644,0.62975
16591.365000000224,0.64,0.63775
16608.03499998292,0.634,0.64575
16625.24999998277,0.624,0.65575
16641.49000000907,0.614,0.66575
16658.92499999609,0.6,0.67975
16674.41500001587,0.586,0.69575
16691.309999965597,0.576,0.70575
16708.159999980126,0.568,0.71375
16725.719999987632,0.56,0.72575
16741.385000001173,0.558,0.73375
16757.975000014994,0.558,0.73775
16775.69499996025,0.562,0.74175
16791.440000000875,0.568,0.74575
16808.78500000108,0.578,0.74775
16824.73499997286,0.586,0.74775
16841.489999962505,0.598,0.74775
16858.290000003763,0.604,0.74775
16874.704999965616,0.614,0.74575
16892.204999981914,0.62,0.74375
16907.98999997787,0.624,0.74175
16925.46499997843,0.626,0.73775
16941.22999999672,0.626,0.73575
16958.044999977574,0.624,0.72975
16975.45500000706,0.622,0.72375
16991.414999996778,0.618,0.71775
17007.949999999255,0.616,0.71575
17024.555000010878,0.614,0.71175
17041.525000007823,0.612,0.70975
17074.79499996407,0.614,0.70975
17091.26999997534,0.618,0.70975
17107.979999971576,0.622,0.71175
17124.744999979157,0.63,0.71375
17142.22500001779,0.638,0.71575
17158.010000013746,0.642,0.71775
17175.0400000019,0.646,0.72175
17191.285000008065,0.648,0.72375
17208.099999988917,0.65,0.72975
17224.584999959916,0.65,0.73375
17241.724999970756,0.65,0.73975
17258.135000010952,0.65,0.74575
17274.57999996841,0.65,0.75175
17291.50499997195,0.652,0.75575
17309.030000003986,0.654,0.75975
17324.589999974705,0.656,0.76375
17341.27500001341,0.656,0.76575
17358.104999992065,0.656,0.76775
17374.69999998575,0.654,0.77175
17391.360000008717,0.648,0.77775
17407.995000015944,0.64,0.78375
17425.70500000147,0.63,0.79375
17441.385000012815,0.624,0.79975
17458.08999997098,0.618,0.80975
17475.544999993872,0.618,0.81575
17491.709999972954,0.622,0.82175
17508.239999995567,0.63,0.82375
17524.664999975357,0.646,0.82575
17541.44499998074,0.666,0.82575
17558.084999967832,0.68,0.82575
17574.65999998385,0.698,0.82575
17591.30999998888,0.708,0.82575
17608.05999999866,0.718,0.82775
17624.729999981355,0.722,0.82775
17642.354999959935,0.724,0.82775
17657.910000008997,0.726,0.82975
17675.119999970775,0.724,0.82775
17691.494999977294,0.722,0.82575
17708.099999988917,0.716,0.81975
17725.615000003017,0.71,0.81375
17741.244999982882,0.704,0.80775
17758.050000004005,0.7,0.80175
17774.724999966566,0.696,0.79575
17791.429999982938,0.692,0.79175
17807.990000001155,0.692,0.78975
17824.18499997584,0.692,0.78775
17841.35999996215,0.694,0.78775
17858.0850000144,0.702,0.78975
17874.454999982845,0.71,0.79175
17891.439999977592,0.724,0.79175
17907.614999974612,0.736,0.79375
17924.69000001438,0.752,0.79575
17941.38999999268,0.762,0.79575
17958.110000006855,0.774,0.79575
17974.675000004936,0.782,0.79775
17991.37000000337,0.786,0.79775
18008.065000001807,0.788,0.79975
18024.34499998344,0.79,0.80375
18041.41000000527,0.79,0.80975
18058.12000000151,0.788,0.81575
18074.280000000726,0.784,0.82375
18090.90000001015,0.778,0.83375
18108.0850000144,0.77,0.84575
18124.83499996597,0.764,0.85375
18141.445000015665,0.76,0.86575
18158.085000002757,0.758,0.87175
18174.780000001192,0.764,0.87775
18191.419999988284,0.774,0.88175
18208.169999998063,0.786,0.88175
18225.589999987278,0.802,0.88175
18241.20499996934,0.814,0.87975
18258.64499999443,0.828,0.87775
18274.76999995997,0.834,0.87575
18291.41000000527,0.84,0.87575
18307.86999996053,0.842,0.87575
18324.679999961518,0.844,0.87375
18358.070000016596,0.844,0.86975
18374.77499997476,0.844,0.86375
18391.345000010915,0.844,0.85575
18408.044999989215,0.842,0.84775
18424.759999965318,0.84,0.83575
18441.434999986086,0.838,0.82375
18458.119999966584,0.834,0.81575
18473.869999987073,0.83,0.80975
18491.40499997884,0.828,0.80375
18508.10500001535,0.826,0.80175
18541.87999997521,0.828,0.80175
18557.640000013635,0.834,0.80175
18574.599999992643,0.844,0.80375
18591.569999989588,0.856,0.80575
18608.829999982845,0.872,0.80775
18624.68499998795,0.886,0.81175
18641.334999992978,0.896,0.81575
18658.445000008214,0.904,0.81775
18674.884999985807,0.91,0.82375
18691.43000000622,0.914,0.82975
18708.944999962114,0.914,0.83375
18724.340000015218,0.91,0.83975
18741.434999974445,0.902,0.85175
18758.135000010952,0.892,0.86375
18774.930000014137,0.882,0.87375
18791.48499999428,0.872,0.88975
18808.16999997478,0.866,0.89975
18824.774999986403,0.862,0.90975
18840.85999999661,0.864,0.91575
18857.649999961723,0.868,0.91975
18874.1849999642,0.872,0.92175
18890.994999965187,0.876,0.92375
18924.6249999851,0.874,0.92375
18940.78999996418,0.864,0.92575
18958.019999961834,0.854,0.92775
18974.76499999175,0.838,0.93175
18991.589999990538,0.822,0.93375
19008.12000001315,0.8,0.93775
19024.67000001343,0.776,0.94375
19041.354999993928,0.76,0.94575
19058.039999974426,0.742,0.94775
19074.7599999886,0.722,0.94975
19092.28499996243,0.704,0.94775
19108.65000000922,0.692,0.94775
19124.34999999823,0.682,0.94575
19141.44999999553,0.67,0.94575
19158.129999996163,0.658,0.94375
19174.8249999946,0.65,0.94575
19190.469999972265,0.636,0.94775
19207.944999972824,0.626,0.95175
19224.690000002738,0.614,0.95575
19241.63999996381,0.606,0.95775
19258.15499998862,0.6,0.95775
19275.499999988824,0.596,0.95575
19291.534999967553,0.594,0.95175
19308.64499998279,0.592,0.94175
19324.9599999981,0.592,0.93175
19341.499999980442,0.592,0.91975
19358.00000000745,0.592,0.90775
19374.710000003688,0.592,0.89575
19391.714999976102,0.59,0.88775
19408.159999991767,0.59,0.87775
19424.694999994244,0.588,0.86975
19441.409999970347,0.588,0.86775
19457.70500000799,0.586,0.86575
19491.009999997914,0.588,0.86575
19508.174999966286,0.59,0.86575
19524.61999998195,0.596,0.86775
19541.51000001002,0.604,0.86975
19558.51000000257,0.614,0.86975
19574.89499996882,0.624,0.87175
19590.44499997981,0.632,0.87175
19607.98500000965,0.642,0.87175
19624.599999981,0.648,0.87175
19641.58499997575,0.65,0.87375
19659.010000003036,0.65,0.87575
19674.70500001218,0.646,0.88175
19691.35500001721,0.642,0.88775
19708.044999977574,0.636,0.89175
19724.8799999943,0.63,0.89975
19741.509999963455,0.628,0.90375
19774.089999962598,0.63,0.90575
19791.29500000272,0.636,0.90375
19808.139999979176,0.642,0.89975
19824.874999991152,0.646,0.89575
19841.744999983348,0.65,0.89175
19857.62500000419,0.652,0.88975
19874.970000004396,0.654,0.88575
19891.614999971353,0.656,0.88375
19908.209999965038,0.658,0.88175
19924.06499997014,0.662,0.87975
19941.43000000622,0.666,0.87575
19957.81499997247,0.668,0.87175
19974.74500001408,0.674,0.86775
19991.449999972247,0.676,0.86175
20008.949999988545,0.676,0.85775
20024.60499998415,0.676,0.85175
20041.414999985136,0.676,0.84975
20058.66999999853,0.672,0.84775
20074.46999999229,0.668,0.84575
20091.580000007525,0.66,0.84375
20107.644999981858,0.654,0.84375
20125.669999979436,0.644,0.84375
20142.3150000046,0.632,0.84375
20158.679999993183,0.624,0.84375
20175.579999980982,0.61,0.84575
20192.004999960773,0.6,0.84575
20209.109999996144,0.59,0.84775
20226.284999982454,0.584,0.84775
20242.71999998018,0.578,0.84575
20258.15499998862,0.576,0.84375
20275.889999989886,0.576,0.84175
20291.655000008177,0.576,0.83775
20308.229999965988,0.576,0.83175
20325.55000000866,0.578,0.82575
20342.354999971576,0.582,0.81975
20359.805000014603,0.584,0.81175
20374.85999998171,0.586,0.80775
20391.544999962207,0.588,0.80375
20409.0149999829,0.588,0.80175
20425.72499997914,0.588,0.79975
20442.585000011604,0.588,0.79775
20459.13999999175,0.586,0.79575
20476.049999997485,0.584,0.79575
20491.634999983944,0.58,0.79375
20508.159999968484,0.576,0.79375
20525.759999989532,0.566,0.79375
20542.279999994207,0.56,0.79575
20559.00999996811,0.548,0.79775
20575.574999966193,0.538,0.79775
20592.835000017658,0.532,0.79775
20608.34999999497,0.524,0.79775
20624.644999974407,0.518,0.79575
20642.044999985956,0.514,0.79575
20658.86500000488,0.512,0.79375
20708.199999993667,0.51,0.79375
20725.634999980684,0.508,0.79575
20742.759999993723,0.504,0.79975
20758.099999977276,0.502,0.80575
20775.74499999173,0.496,0.81375
20792.22999996273,0.49,0.82375
20808.40999999782,0.486,0.82975
20824.979999975767,0.482,0.83775
20841.674999974202,0.482,0.84175
20858.245000010356,0.484,0.84775
20875.62499998603,0.49,0.84975
20892.709999985527,0.5,0.84975
20908.32499996759,0.508,0.85175
20924.89999998361,0.518,0.85175
20941.79000001168,0.522,0.85175
20958.990000013728,0.526,0.85375
20976.499999989755,0.528,0.85575
20992.389999970328,0.528,0.85975
21008.084999979474,0.526,0.86175
21025.84499999648,0.522,0.86775
21042.654999997467,0.516,0.87175
21058.964999974705,0.51,0.87575
21076.38499996392,0.502,0.87975
21091.8599999859,0.498,0.88375
21109.54999999376,0.494,0.88775
21124.895000015385,0.492,0.88975
21158.73999998439,0.492,0.89175
21175.824999983888,0.494,0.89375
21192.159999976866,0.496,0.89375
21209.55500000855,0.496,0.89575
21224.820000003092,0.496,0.89775
21242.25499999011,0.494,0.90175
21258.97999998415,0.49,0.90575
21275.714999996126,0.486,0.90775
21292.974999989383,0.48,0.91175
21308.7349999696,0.474,0.91375
21325.55999996839,0.468,0.91375
21341.6449999786,0.464,0.91375
21358.22499997448,0.458,0.91175
21375.505000003614,0.454,0.90575
21391.569999977946,0.45,0.89775
21408.10999996029,0.448,0.88775
21424.744999967515,0.448,0.87575
21441.5249999729,0.446,0.86775
21458.325000014156,0.444,0.86375
21475.924999976996,0.442,0.85775
21492.20500001684,0.438,0.85575
21509.24499996472,0.434,0.85575
21525.02000000095,0.428,0.85775
21541.57999996096,0.42,0.86175
21558.239999983925,0.414,0.86775
21574.85999999335,0.404,0.87575
21591.789999976754,0.398,0.88175
21608.254999970086,0.39,0.89175
21624.789999972563,0.386,0.89775
21642.89000001736,0.382,0.89975
21675.609999976587,0.38,0.89975
21692.745000007562,0.376,0.89575
21709.594999963883,0.372,0.88975
21725.94500001287,0.368,0.87775
21741.67000001762,0.366,0.86775
21758.174999966286,0.362,0.85175
21774.924999976065,0.362,0.84175
21791.529999987688,0.36,0.82975
21808.0600000103,0.358,0.82175
21824.840000015683,0.358,0.81575
21841.769999999087,0.358,0.81375
21875.49000000581,0.36,0.81375
21892.73999998113,0.366,0.81375
21908.385000017006,0.374,0.81175
21924.910000001546,0.388,0.80975
21941.584999964107,0.404,0.80375
21958.299999998417,0.416,0.79975
21975.80499999458,0.426,0.79575
21992.109999991953,0.432,0.79175
22009.525000001304,0.436,0.78975
22042.454999987967,0.434,0.79375
22058.0600000103,0.432,0.79775
22075.00000001164,0.428,0.80375
22091.83499997016,0.426,0.80975
22108.23499999242,0.424,0.81575
22124.77499997476,0.424,0.81775
22142.144999990705,0.426,0.81975
22159.059999976307,0.43,0.81975
22175.010000006296,0.436,0.81575
22192.760000005364,0.444,0.80575
22208.21499999147,0.45,0.79775
22224.8649999965,0.458,0.78775
22241.664999979548,0.464,0.77975
22259.239999984857,0.472,0.77175
22275.514999986626,0.478,0.76775
22291.629999992438,0.48,0.76575
22309.015000006184,0.482,0.76375
22376.34000001708,0.482,0.75975
22392.1149999951,0.48,0.75375
22409.62499997113,0.478,0.74575
22425.110000011045,0.476,0.73975
22442.210000008345,0.468,0.72975
22459.86499998253,0.458,0.72175
22475.559999991674,0.45,0.71775
22492.12000000989,0.442,0.71375
22508.25499999337,0.434,0.71175
22524.789999995846,0.426,0.71175
22542.084999964572,0.42,0.71375
22558.399999979883,0.416,0.71575
22575.71999996435,0.408,0.71975
22592.839999997523,0.402,0.72375
22608.164999983273,0.398,0.72575
22624.639999994542,0.396,0.72775
22641.705000016373,0.394,0.72775
22658.345000003465,0.392,0.72375
22675.494999974035,0.392,0.71775
22692.269999999553,0.392,0.70775
22709.600000001956,0.394,0.69175
22725.81999999238,0.398,0.67975
22743.190000008326,0.404,0.66575
22759.42000001669,0.406,0.65775
22774.834999989253,0.41,0.64975
22792.14500001399,0.412,0.64775
22809.714999981225,0.414,0.64575
22825.71999996435,0.416,0.64575
22842.705000017304,0.42,0.64775
22858.115000010002,0.426,0.64975
22875.004999979865,0.438,0.64975
22891.729999973904,0.448,0.64975
22908.37499999907,0.462,0.64775
22925.474999996368,0.476,0.64575
22942.154999997,0.482,0.64575
22958.069999993313,0.486,0.64375
22975.02999997232,0.488,0.64575
22992.09499999415,0.488,0.64975
23009.039999975357,0.484,0.65375
23025.759999989532,0.478,0.66175
23042.175000009593,0.474,0.66775
23058.604999969248,0.47,0.67575
23075.06000000285,0.468,0.67775
23091.75999998115,0.47,0.68175
23108.269999967888,0.472,0.68375
23125.59999997029,0.48,0.68375
23142.73999998113,0.488,0.68175
23159.459999995306,0.492,0.67975
23174.8399999924,0.498,0.67975
23191.654999973252,0.502,0.67975
23208.349999971688,0.504,0.68175
23225.199999986216,0.506,0.68175
23241.694999975152,0.508,0.68375
23258.399999991525,0.51,0.68575
23275.664999964647,0.51,0.68375
23293.03499998059,0.514,0.67975
23308.30999999307,0.516,0.67575
23325.56999998633,0.518,0.66775
23342.130000004545,0.52,0.66175
23359.47500000475,0.52,0.65375
23375.27499999851,0.52,0.64975
23392.084999999497,0.52,0.64375
23408.69999997085,0.52,0.63775
23425.93999998644,0.518,0.63575
23441.83999998495,0.516,0.63175
23458.274999982677,0.512,0.62575
23474.944999965373,0.506,0.62175
23491.709999972954,0.5,0.61975
23508.734999981243,0.492,0.61775
23525.555000000168,0.482,0.61775
23542.774999979883,0.47,0.61775
23558.250000001863,0.462,0.61775
23575.004999991506,0.452,0.61975
23591.83499997016,0.448,0.61975
23608.819999964908,0.444,0.61975
23624.94000000879,0.442,0.61775
23641.9149999856,0.442,0.61175
23658.430000010412,0.442,0.60375
23675.619999994524,0.444,0.59575
23693.020000006072,0.446,0.58375
23708.734999992885,0.448,0.56975
23725.924999976996,0.45,0.55975
23741.794999979902,0.452,0.54975
23758.830000006128,0.454,0.53975
23775.564999959897,0.456,0.53175
23792.91999997804,0.456,0.52975
23808.454999991227,0.456,0.52775
23842.154999962077,0.46,0.52975
23858.75000001397,0.466,0.52975
23875.04999997327,0.472,0.52975
23891.669999982696,0.48,0.52975
23909.62499997113,0.49,0.52775
23925.560000003316,0.502,0.52375
23941.70500000473,0.51,0.52375
23958.234999969136,0.514,0.52175
23975.774999998976,0.518,0.52175
23992.09499999415,0.516,0.52375
24009.61999996798,0.514,0.52575
24024.939999973867,0.51,0.52575
24041.67000000598,0.506,0.52575
24058.29499999527,0.5,0.52375
24075.55999996839,0.496,0.51775
24091.72500000568,0.496,0.50975
24108.30999998143,0.496,0.50175
24125.464999990072,0.496,0.48975
24143.050000013318,0.496,0.47775
24158.735000004526,0.494,0.46975
24175.924999988638,0.494,0.46575
24191.850000002887,0.492,0.46175
24208.285000000615,0.488,0.45975
24225.459999986924,0.48,0.45975
24242.35499999486,0.474,0.45975
24258.18000000436,0.466,0.46375
24275.815000000875,0.456,0.46975
24291.634999972302,0.448,0.47575
24309.63500001235,0.44,0.48175
24325.840000004973,0.434,0.48775
24341.795000014827,0.43,0.48975
24358.354999974836,0.428,0.49175
24374.95999998646,0.426,0.49175
24392.0999999973,0.426,0.48775
24408.709999988787,0.426,0.48175
24425.319999980275,0.426,0.47375
24442.219999968074,0.426,0.46175
24458.81499996176,0.426,0.44975
24475.615000003017,0.426,0.43975
24492.759999993723,0.426,0.42775
24509.32999997167,0.426,0.42175
24525.71000001626,0.426,0.41775
24542.13499999605,0.426,0.41575
24558.51000000257,0.428,0.41375
24575.465000001714,0.43,0.41375
24591.914999997243,0.434,0.41375
24608.319999999367,0.442,0.41375
24625.05999999121,0.448,0.41375
24641.669999982696,0.458,0.41375
24658.134999976028,0.466,0.41175
24675.059999979567,0.474,0.40975
24692.08000000799,0.478,0.40575
24708.70499999728,0.482,0.40375
24725.165000010747,0.482,0.40175
24741.80499999784,0.484,0.39975
24758.32999998238,0.484,0.39775
24774.930000014137,0.484,0.39575
24791.655000008177,0.484,0.39375
24808.26999997953,0.484,0.39175
24825.08499996038,0.484,0.38375
24842.09499997087,0.482,0.37575
24859.5900000073,0.48,0.36775
24875.32499997178,0.478,0.35975
24891.844999976456,0.472,0.35375
24908.360000001267,0.464,0.34975
24924.935000017285,0.456,0.34775
24941.899999976158,0.45,0.34775
24958.294999960344,0.442,0.34775
24974.93999998551,0.436,0.35175
24992.924999969546,0.434,0.35575
25008.785000012722,0.432,0.35975
25043.0949999718,0.434,0.36175
25058.259999961592,0.438,0.35975
25075.079999980517,0.442,0.35775
25092.230000009295,0.446,0.35175
25109.5750000095,0.45,0.34375
25126.080000016373,0.45,0.33375
25142.76499999687,0.45,0.32575
25158.319999987725,0.448,0.31375
25175.784999970347,0.446,0.30575
25192.095000005793,0.444,0.29575
25208.719999995083,0.444,0.28975
25225.97999998834,0.444,0.28575
25242.05499998061,0.448,0.27975
25258.389999973588,0.452,0.27575
25275.749999971595,0.458,0.27175
25291.714999999385,0.466,0.26775
25308.354999986477,0.476,0.26175
25324.7449999908,0.484,0.25575
25343.004999973346,0.49,0.25175
25358.714999980293,0.496,0.24375
25375.12499996228,0.498,0.23975
25391.75000000978,0.5,0.23175
25408.270000014454,0.5,0.22575
25425.734999997076,0.498,0.21775
25441.794999991544,0.494,0.21175
25458.294999960344,0.49,0.20575
25475.50499998033,0.482,0.19975
25492.009999987204,0.476,0.19775
25508.499999996275,0.468,0.19375
25525.039999978617,0.458,0.18975
25542.075000004843,0.45,0.18575
25558.749999967404,0.444,0.18175
25575.079999980517,0.442,0.17975
25592.049999977462,0.44,0.17775
25609.605000005104,0.438,0.17775
25658.950000011828,0.436,0.17775
25675.144999986514,0.432,0.18175
25691.775000013877,0.424,0.18975
25708.12999998452,0.418,0.19775
25725.22999998182,0.408,0.21175
25741.809999977704,0.402,0.22175
25758.325000002515,0.396,0.23375
25774.789999995846,0.394,0.24575
25791.909999970812,0.396,0.25175
25808.450000011362,0.404,0.26175
25825.789999973495,0.41,0.26975
25842.919999966398,0.418,0.27775
25858.654999989085,0.424,0.28775
25875.844999973197,0.428,0.29375
25891.8999999878,0.428,0.30375
25908.920000016224,0.426,0.31375
25926.379999960773,0.42,0.32775
25941.634999995586,0.414,0.33775
25958.419999980833,0.402,0.35375
25976.084999972954,0.394,0.36375
25991.724999970756,0.384,0.37575
26008.214999979828,0.378,0.38375
26025.374999968335,0.372,0.39175
26042.64499997953,0.368,0.39975
26058.339999988675,0.368,0.40375
26075.015000009444,0.368,0.40775
26091.53500001412,0.368,0.40975
26108.42499998398,0.37,0.41175
26124.994999961928,0.372,0.41375
26175.119999970775,0.372,0.41575
26208.509999967646,0.372,0.41375
26225.11499997927,0.372,0.41575
26392.24000001559,0.37,0.41775
26408.59000000637,0.37,0.42575
26425.125000008848,0.368,0.43375
26441.7399999802,0.366,0.44375
26458.344999991823,0.362,0.45975
26474.790000007488,0.358,0.47775
26492.12999996962,0.356,0.49175
26508.47000000067,0.354,0.50975
26524.930000014137,0.354,0.52375
26542.840000009164,0.354,0.53575
26558.305000013206,0.354,0.54375
26575.789999973495,0.354,0.55175
26591.814999992494,0.354,0.55375
26608.390000008512,0.356,0.55375
26642.084999999497,0.354,0.55375
26658.159999991767,0.352,0.54775
26675.58999999892,0.348,0.54175
26691.835000005085,0.34,0.53175
26708.074999973178,0.332,0.52775
26725.30499997083,0.322,0.52375
26741.984999971464,0.314,0.52375
26758.414999989327,0.304,0.52375
26775.02999996068,0.294,0.52775
26791.764999972656,0.286,0.52975
26808.124999981374,0.282,0.53175
26825.320000003558,0.278,0.53575
26841.840000008233,0.276,0.53775
26858.130000007804,0.278,0.53975
26875.170000013895,0.286,0.54175
26891.684999980498,0.292,0.54375
26908.360000001267,0.304,0.54775
26924.8249999946,0.314,0.55175
26942.05499999225,0.32,0.55575
26958.494999969844,0.326,0.55975
26975.700000009965,0.328,0.56575
26992.059999960475,0.328,0.57575
27008.274999971036,0.326,0.58375
27025.064999994356,0.32,0.59575
27041.640000010375,0.312,0.60575
27058.36999998428,0.302,0.62175
27074.889999988955,0.29,0.63775
27092.304999998305,0.28,0.64975
27108.72499999823,0.27,0.66375
27125.17499999376,0.264,0.67575
27141.854999994393,0.256,0.68775
27158.49999996135,0.252,0.69775
27174.950000015087,0.252,0.70575
27191.735000000335,0.252,0.70975
27208.14999996219,0.256,0.71375
27225.18999996828,0.262,0.71775
27241.864999989048,0.27,0.71975
27258.12999997288,0.278,0.72175
27275.305000017397,0.29,0.72175
27291.740000015125,0.298,0.72175
27308.465000009164,0.31,0.71775
27325.145000009798,0.322,0.71575
27341.840000008233,0.328,0.71175
27358.269999967888,0.334,0.70775
27375.20999996923,0.338,0.70375
27391.854999994393,0.338,0.69775
27408.239999960642,0.338,0.69375
27425.63999997219,0.338,0.68575
27442.110000003595,0.338,0.67975
27458.40499998303,0.338,0.67175
27475.059999967925,0.338,0.66175
27491.969999973662,0.34,0.65575
27508.289999968838,0.34,0.65175
27524.80499999365,0.34,0.64575
27541.834999981802,0.34,0.64375
27558.625000005122,0.34,0.64175
27608.47500001546,0.34,0.64375
27625.245000002906,0.342,0.64575
27641.854999994393,0.344,0.64775
27658.32499996759,0.348,0.64975
27675.199999997858,0.356,0.65375
27691.929999971762,0.36,0.65575
27708.534999983385,0.366,0.65575
27724.92999996757,0.37,0.65775
27758.06999998167,0.372,0.65775
27791.87999997521,0.37,0.65775
27808.38499998208,0.37,0.65975
27892.084999999497,0.37,0.66375
27908.37499999907,0.368,0.66975
27925.054999999702,0.366,0.67975
27941.80500000948,0.362,0.68975
27958.545000001322,0.354,0.70575
27975.065000005998,0.344,0.72375
27991.50499998359,0.334,0.73975
28008.184999984223,0.324,0.75975
28024.899999960326,0.316,0.77175
28041.429999982938,0.31,0.78575
28058.214999968186,0.306,0.79375
28075.004999991506,0.302,0.79975
28091.65000001667,0.302,0.80375
28108.52499998873,0.3,0.80575
28125.32499997178,0.3,0.80775
28208.38999998523,0.296,0.80575
28224.860000016633,0.29,0.80375
28241.869999968912,0.282,0.79975
28258.314999984577,0.274,0.79375
28275.224999990314,0.264,0.78575
28291.87999997521,0.254,0.77975
28308.83499997435,0.246,0.77575
28324.915000004694,0.242,0.77375
28341.569999989588,0.24,0.77175
28358.58499997994,0.238,0.77175
28374.75999997696,0.238,0.76975
28391.884999989998,0.236,0.76975
28442.12999998126,0.236,0.77175
28458.654999965802,0.234,0.77375
28475.165000010747,0.228,0.77775
28491.500000003725,0.222,0.78375
28508.549999969546,0.212,0.79175
28525.78500000527,0.204,0.79775
28541.889999993145,0.19,0.80775
28558.389999961946,0.178,0.81975
28574.44499997655,0.17,0.82575
28591.769999999087,0.166,0.83175
28608.460000017658,0.162,0.83575
28624.704999965616,0.16,0.83775
28658.094999962486,0.162,0.83775
28675.2400000114,0.168,0.83775
28691.884999978356,0.174,0.83775
28708.310000016354,0.18,0.83775
28724.869999976363,0.188,0.83575
28741.85499997111,0.194,0.83775
28758.57000000542,0.202,0.83775
28775.250000006054,0.208,0.83975
28791.900000011083,0.212,0.83975
28808.339999988675,0.216,0.84175
28825.19499998307,0.22,0.84375
28841.879999963567,0.22,0.84975
28858.32499997923,0.22,0.85175
28874.7999999905,0.22,0.85775
28891.99999999255,0.216,0.86175
28908.569999970496,0.212,0.86975
28925.46499997843,0.208,0.87575
28941.89000001643,0.206,0.88375
28958.11499998672,0.204,0.88775
28975.250000017695,0.206,0.88975
28991.939999978058,0.21,0.89175
29008.28000000911,0.216,0.89175
29024.800000013784,0.224,0.88775
29041.900000011083,0.228,0.88375
29058.39500000002,0.234,0.87775
29075.53500001086,0.24,0.86775
29091.929999995045,0.246,0.85975
29108.399999968242,0.248,0.85375
29125.014999997802,0.252,0.84775
29141.514999966603,0.252,0.84375
29158.59000000637,0.25,0.83975
29192.349999968428,0.25,0.83775
29258.314999984577,0.25,0.83975
29275.06000001449,0.252,0.83975
29291.64499999024,0.256,0.84175
29307.54499998875,0.262,0.84375
29325.320000003558,0.266,0.84575
29341.929999995045,0.274,0.84975
29358.219999994617,0.278,0.84975
29375.264999980573,0.282,0.85175
29391.73999999184,0.284,0.85175
29408.18999998737,0.284,0.85375
29558.565000013914,0.284,0.85775
29575.424999988172,0.282,0.86175
29591.93499997491,0.278,0.86975
29608.339999977034,0.274,0.87775
29625.219999987166,0.268,0.88975
29641.94999996107,0.26,0.89975
29658.609999984037,0.256,0.90775
29674.86500000814,0.252,0.91575
29691.9549999875,0.25,0.91975
29708.609999972396,0.248,0.92375
29741.809999977704,0.248,0.92575
29858.0850000144,0.248,0.92775
29958.594999974594,0.25,0.92775
29975.25499999756,0.254,0.92575
29991.964999993797,0.26,0.92575
30008.414999989327,0.266,0.92375
30024.85499996692,0.276,0.92175
30041.964999982156,0.284,0.91975
30058.359999966342,0.288,0.91775
30074.770000006538,0.292,0.91575
30091.889999981504,0.294,0.91575
30108.204999996815,0.294,0.91375
30157.884999993257,0.294,0.91575
30175.24999997113,0.296,0.91575
30192.760000005364,0.296,0.91975
30209.919999993872,0.296,0.92575
30226.759999990463,0.296,0.93375
30242.44499998167,0.296,0.94175
30258.85499996366,0.294,0.95375
30276.230000017677,0.294,0.95775
30292.799999995623,0.294,0.95975
30309.94499998633,0.294,0.96175
30426.050000009127,0.292,0.95975
30443.209999997634,0.286,0.95975
30459.534999972675,0.278,0.95775
30476.17999999784,0.262,0.95775
30492.689999984577,0.24,0.95575
30508.659999992233,0.218,0.95375
30525.374999968335,0.198,0.95175
30541.88500001328,0.172,0.94975
30559.964999963995,0.15,0.94975
30576.08500000788,0.136,0.94975
30592.75999997044,0.124,0.95175
30609.96500001056,0.11,0.95375
30625.4150000168,0.098,0.95575
30642.76499999687,0.092,0.95575
30659.950000001118,0.084,0.95775
30675.935000006575,0.08,0.95775
30692.809999978635,0.078,0.95775
30810.055000009015,0.076,0.95575
30825.8349999669,0.076,0.95175
30842.804999963846,0.072,0.93975
30859.914999979082,0.07,0.92775
30875.345000007655,0.064,0.90775
30891.6999999783,0.06,0.89375
30909.234999970067,0.058,0.87775
30926.459999987856,0.054,0.86975
30942.775000003166,0.052,0.86175
30959.93000001181,0.052,0.85975
30976.450000016484,0.05,0.85775
30992.050000000745,0.05,0.85575
31026.124999974854,0.052,0.85575
31043.139999965206,0.058,0.85575
31058.450000011362,0.066,0.85775
31076.869999989867,0.076,0.85775
31092.620000010356,0.086,0.85775
31109.88499998348,0.092,0.85775
31125.68499997724,0.096,0.85975
31142.159999988507,0.098,0.85975
31158.594999986235,0.1,0.85975
31193.574999982957,0.098,0.86175
31209.909999975935,0.098,0.86375
31227.01999999117,0.096,0.86775
31241.975000011735,0.094,0.87175
31259.91999998223,0.092,0.87775
31276.024999970105,0.092,0.88175
31293.414999963716,0.094,0.88575
31309.989999979734,0.096,0.88775
31325.390000012703,0.102,0.88975
31343.51500001503,0.11,0.88975
31359.530000016093,0.12,0.88975
31376.155000005383,0.126,0.88775
31393.40000000084,0.132,0.88775
31409.669999964535,0.134,0.88575
31426.62499996368,0.136,0.88575
31560.070000006817,0.134,0.88175
31575.804999971297,0.134,0.87575
31592.944999982137,0.128,0.85975
31609.929999976885,0.124,0.84175
31625.345000007655,0.122,0.82775
31643.154999997932,0.122,0.81575
31659.954999980982,0.122,0.80375
31676.06500000693,0.122,0.79575
31692.67999997828,0.122,0.79175
31709.94500000961,0.122,0.78975
31791.834999981802,0.12,0.78975
31809.964999963995,0.116,0.79175
31826.10000000568,0.108,0.79775
31842.104999988806,0.1,0.80175
31858.529999968596,0.09,0.80775
31875.93999999808,0.074,0.81375
31893.18000001367,0.06,0.81775
31909.48999999091,0.052,0.81975
31926.724999968428,0.044,0.81775
31942.104999965522,0.04,0.81575
31958.57999997679,0.038,0.81175
31975.47999996459,0.036,0.80575
31992.95499996515,0.034,0.79575
32009.934999980032,0.032,0.78375
32026.364999997895,0.032,0.77375
32041.939999966417,0.03,0.76375
32059.979999961797,0.032,0.75175
32076.049999974202,0.034,0.74375
32093.040000007022,0.034,0.73775
32108.565000002272,0.036,0.73375
32125.39000000106,0.04,0.73175
32142.794999992475,0.046,0.72575
32159.894999989774,0.054,0.72175
32175.694999983534,0.07,0.71375
32193.269999988843,0.088,0.70575
32209.900000016205,0.104,0.69775
32226.45499999635,0.12,0.68975
32242.709999962244,0.138,0.68175
32259.930000000168,0.15,0.67575
32275.389999966137,0.154,0.67375
32292.774999979883,0.158,0.67375
32326.99999999022,0.16,0.67775
32343.229999998584,0.16,0.68175
32359.954999992624,0.158,0.68775
32375.569999974687,0.156,0.69175
32392.805000010412,0.152,0.70175
32408.545000012964,0.142,0.70975
32426.284999994095,0.134,0.71575
32441.984999983106,0.124,0.72375
32459.244999976363,0.112,0.73175
32476.885000010952,0.104,0.73575
32493.04500001017,0.102,0.73775
32508.419999969192,0.102,0.73975
32525.94500000123,0.102,0.74175
32609.215000004042,0.104,0.74175
32625.93499996001,0.108,0.74175
32642.064999963623,0.118,0.74375
32658.53999997489,0.132,0.74175
32676.649999979418,0.144,0.74175
32692.069999990053,0.156,0.74175
32709.41499999026,0.168,0.73975
32726.764999970328,0.176,0.73975
32742.339999997057,0.178,0.74175
32758.71999998344,0.18,0.74175
32793.44500001753,0.18,0.74375
32842.95999997994,0.178,0.74375
32875.969999993686,0.176,0.74775
32892.85999996355,0.172,0.75175
32908.63499999978,0.168,0.75575
32925.74500001501,0.164,0.75975
32943.30499996431,0.16,0.76375
32959.61499999976,0.16,0.76575
32976.88500001095,0.158,0.76775
33026.71999996528,0.158,0.76975
33042.06999996677,0.158,0.76775
33092.164999980014,0.16,0.76775
33109.920000017155,0.166,0.76775
33125.43499999447,0.174,0.76375
33142.794999992475,0.186,0.76175
33158.76500000013,0.194,0.75975
33176.02000001352,0.202,0.75775
33192.06500001019,0.212,0.75575
33209.875000000466,0.216,0.75575
33225.44499998912,0.218,0.75575
33241.9949999894,0.22,0.75575
33358.795000007376,0.22,0.75375
33376.24000001233,0.218,0.75175
33392.96500000637,0.216,0.74575
33409.90500000771,0.214,0.73775
33425.4700000165,0.212,0.72575
33442.784999962896,0.21,0.71575
33458.684999961406,0.21,0.70975
33475.924999976996,0.21,0.70575
33492.09000001429,0.208,0.70375
33508.61999997869,0.208,0.70175
33608.964999963064,0.204,0.70175
33625.43999997433,0.202,0.70175
33643.57999997446,0.194,0.70375
33659.97999999672,0.188,0.70575
33675.43000000296,0.18,0.70975
33692.02499999665,0.176,0.70975
33709.2549999943,0.174,0.71175
33726.09499999089,0.172,0.71175
33742.68999998458,0.17,0.71175
33759.97999997344,0.17,0.70975
33775.45999997528,0.168,0.70775
33792.390000016894,0.168,0.70375
33809.29499998456,0.17,0.69975
33826.679999998305,0.172,0.68975
33842.91499998653,0.174,0.67975
33858.58499997994,0.176,0.66375
33875.46000001021,0.178,0.65175
33892.52499997383,0.182,0.64175
33909.54999998212,0.182,0.63575
33925.05999997957,0.184,0.63375
33941.72000000253,0.184,0.63175
33959.96999996714,0.184,0.62975
33976.09499999089,0.186,0.62775
34008.93000001088,0.19,0.62575
34026.97000000626,0.198,0.62575
34042.52999997698,0.204,0.62575
34058.84999997215,0.21,0.62775
34075.45999996364,0.218,0.62775
34092.92500000447,0.224,0.62975
34108.529999968596,0.226,0.63375
34125.62499998603,0.228,0.63975
34142.1149999951,0.228,0.64775
34158.70999998879,0.226,0.65575
34175.50999997184,0.226,0.65975
34192.58999999147,0.226,0.66375
34209.88999999827,0.224,0.66575
34225.47000000486,0.226,0.66775
34260.049999982584,0.228,0.66975
34275.63499996904,0.23,0.66775
34292.139999975916,0.234,0.66775
34308.864999969956,0.236,0.66575
34326.76500000525,0.238,0.66375
34342.254999966826,0.24,0.65975
34359.95000001276,0.244,0.65175
34375.50999998348,0.248,0.63975
34391.70500001637,0.248,0.62975
34409.270000003744,0.246,0.61375
34425.794999988284,0.244,0.60175
34442.110000003595,0.24,0.59175
34458.47999997204,0.232,0.58175
34476.64000000805,0.226,0.57575
34491.999999969266,0.22,0.56975
34509.93499998003,0.21,0.56375
34525.48999997089,0.198,0.55975
34543.1099999696,0.188,0.55775
34558.39500000002,0.178,0.55775
34575.49999997718,0.164,0.55775
34592.77499996824,0.148,0.56175
34608.34999999497,0.138,0.56375
34625.49000000581,0.122,0.56975
34641.88499999,0.114,0.57575
34659.994999994524,0.102,0.58375
34676.05000000913,0.094,0.59175
34692.92999996105,0.09,0.59775
34708.494999969844,0.088,0.60375
34725.59499996714,0.088,0.61175
34742.724999960046,0.092,0.61775
34759.849999973085,0.096,0.62375
34775.499999988824,0.102,0.62775
34792.03000001144,0.108,0.62975
34809.24500001129,0.114,0.63175
34825.955000007525,0.118,0.63175
34842.24999998696,0.12,0.63375
34859.5900000073,0.124,0.63375
34892.419999989215,0.126,0.63375
34960.06499999203,0.124,0.63375
34992.150000005495,0.12,0.63575
35008.574999985285,0.112,0.64175
35025.51000000676,0.104,0.64575
35042.024999973364,0.094,0.65175
35059.94000000646,0.08,0.65975
35076.11500000348,0.068,0.66775
35092.28499996243,0.06,0.67175
35108.59499999788,0.056,0.67575
35125.86500000907,0.054,0.67775
35142.170000006445,0.052,0.67775
35176.89499998232,0.052,0.67575
35192.27499997942,0.052,0.67175
35208.935000002384,0.052,0.66175
35225.47000000486,0.052,0.64975
35242.1650000033,0.052,0.63775
35258.77000001492,0.052,0.61775
35275.60499997344,0.052,0.60175
35292.62500000186,0.05,0.58375
35309.94000000646,0.05,0.57175
35325.48499997938,0.048,0.55775
35342.089999991,0.048,0.54775
35360.004999965895,0.048,0.53975
35375.679999997374,0.048,0.53375
35392.9899999639,0.048,0.52975
35408.43999997014,0.048,0.52775
35441.9549999875,0.052,0.52575
35459.99999996275,0.06,0.52375
35475.51999997813,0.072,0.51975
35492.1800000011,0.084,0.51375
35508.600000001024,0.094,0.50975
35525.7799999672,0.11,0.50175
35542.07999998471,0.122,0.49575
35558.72999998974,0.13,0.49375
35576.15999999689,0.132,0.49375
35608.89999999199,0.13,0.49975
35625.554999976885,0.124,0.50575
35642.70500000566,0.118,0.51375
35659.994999994524,0.11,0.52175
35675.485000014305,0.106,0.52975
35692.30499997502,0.102,0.53575
35708.884999970905,0.1,0.53975
35725.56499997154,0.098,0.54375
35741.924999980256,0.1,0.54575
35759.974999993574,0.102,0.54575
35775.52999998443,0.11,0.54575
35792.58000000846,0.116,0.54175
35809.99999999767,0.128,0.53775
35825.42000000831,0.138,0.53575
35842.20999997342,0.144,0.53175
35858.895000012126,0.146,0.52975
35875.53999997908,0.148,0.52975
35909.46499997517,0.15,0.52975
35925.57999998098,0.15,0.52775
35960.01499996055,0.15,0.52575
35976.02000000188,0.15,0.52175
35992.80499998713,0.152,0.51375
36009.95999999577,0.154,0.50575
36025.540000002366,0.154,0.49375
36042.00000001583,0.152,0.48175
36058.89499996556,0.15,0.46575
36076.11500000348,0.146,0.45575
36092.36000000965,0.138,0.44575
36108.83499996271,0.128,0.43775
36125.895000004675,0.118,0.43375
36142.17499998631,0.106,0.42975
36158.88499998255,0.096,0.42975
36175.54999998538,0.084,0.43375
36192.09999998566,0.076,0.43575
36210.06499999203,0.066,0.44375
36225.700000009965,0.058,0.44975
36242.224999994505,0.052,0.46175
36258.949999988545,0.046,0.47175
36275.614999991376,0.044,0.47775
36292.10500000045,0.042,0.48175
36308.97999997251,0.042,0.48575
36375.89999998454,0.042,0.48375
36392.21499999985,0.042,0.47575
36408.75499998219,0.042,0.46575
36425.54999998538,0.044,0.45775
36442.119999963325,0.044,0.44375
36458.90500000678,0.046,0.43575
36475.57999996934,0.05,0.42375
36491.7649999843,0.052,0.41375
36508.924999972805,0.056,0.40175
36525.75500000967,0.058,0.39575
36542.14999999385,0.06,0.38975
36558.72500000987,0.062,0.38775
36608.84999996051,0.062,0.38575
36641.729999973904,0.062,0.38775
36658.904999960214,0.066,0.38775
36675.67500000587,0.072,0.38975
36692.22500000615,0.082,0.38975
36708.77999998629,0.096,0.39175
36725.975000008475,0.106,0.39375
36742.36999999266,0.12,0.39375
36758.91999999294,0.138,0.39575
36775.58999997564,0.154,0.39575
36792.82500001136,0.166,0.39575
36808.90000000363,0.17,0.39575
36826.17000001483,0.174,0.39775
36843.32499996526,0.176,0.39775
36858.654999989085,0.176,0.39975
36909.66499998467,0.176,0.40175
36924.97499997262,0.174,0.40575
36943.27499996871,0.172,0.41175
36958.92000000458,0.17,0.41775
36975.60499998508,0.168,0.42375
36992.24499997217,0.166,0.42575
37008.78500001272,0.166,0.42775
37026.024999970105,0.166,0.42975
37042.18499996932,0.168,0.42975
37059.02499996591,0.17,0.42975
37075.59500000207,0.172,0.42975
37092.064999975264,0.176,0.42975
37108.92500000773,0.182,0.42775
37125.73500000872,0.19,0.42575
37142.26499997312,0.194,0.42575
37158.69999997085,0.2,0.42575
37175.74500001501,0.204,0.42775
37192.1399999992,0.208,0.42775
37209.01499997126,0.21,0.42775
37225.61999998288,0.212,0.42775
37242.03999998281,0.214,0.42975
37258.95499996841,0.214,0.42775
37292.21499996493,0.214,0.42575
37308.66999999853,0.21,0.41975
37325.479999999516,0.208,0.41175
37342.15499996208,0.204,0.39775
37358.7899999693,0.2,0.38775
37376.394999970216,0.198,0.38175
37391.98999997461,0.198,0.37775
37409.96499999892,0.196,0.37575
37458.89000000898,0.2,0.37575
37475.68999999203,0.204,0.37775
37492.024999985006,0.212,0.38175
37510.03000000492,0.224,0.38575
37525.60499997344,0.232,0.38775
37542.09499998251,0.242,0.38975
37558.9499999769,0.256,0.39375
37575.64499997534,0.27,0.39375
37591.81000001263,0.276,0.39575
37608.93499996746,0.282,0.39775
37625.654999981634,0.284,0.39975
37642.25999999326,0.284,0.40375
37658.71499996865,0.282,0.40575
37675.760000012815,0.282,0.40975
37692.1399999992,0.28,0.41375
37708.944999962114,0.278,0.41775
37725.64499999862,0.274,0.42575
37742.10999999195,0.27,0.43375
37759.97999997344,0.26,0.44575
37775.7649999694,0.248,0.45775
37792.28499997407,0.242,0.46775
37808.87000000803,0.234,0.48175
37825.48499997938,0.228,0.48975
37842.16000000015,0.224,0.49775
37858.94999996526,0.224,0.50175
37875.60999998823,0.222,0.50175
37892.294999968726,0.222,0.50375
37975.359999982174,0.222,0.50175
38009.849999973085,0.224,0.50175
38024.90999997826,0.228,0.49975
38042.16000001179,0.232,0.49575
38058.97000001278,0.242,0.48575
38075.62499999767,0.256,0.47175
38092.26499998476,0.268,0.45775
38108.78499998944,0.286,0.43775
38126.004999969155,0.298,0.42375
38142.22500001779,0.314,0.40775
38158.33999996539,0.322,0.39975
38175.63000001246,0.328,0.39375
38192.01499997871,0.33,0.39175
38209.875000000466,0.33,0.38975
38258.96499998635,0.332,0.38975
38408.944999973755,0.33,0.38775
38425.709999981336,0.33,0.38575
38442.28000001749,0.328,0.37975
38458.73999997275,0.326,0.37175
38476.109999988694,0.324,0.36575
38492.28499998571,0.322,0.35575
38508.97999998415,0.322,0.34975
38525.61999997124,0.322,0.34375
38542.090000002645,0.322,0.34175
38559.01999998605,0.324,0.33975
38608.93499996746,0.326,0.33975
38625.78499998199,0.328,0.34175
38642.3000000068,0.334,0.34175
38658.75000000233,0.344,0.34375
38676.135000016075,0.352,0.34375
38692.22500000615,0.362,0.34375
38709.12499999395,0.368,0.34375
38725.674999994226,0.376,0.34375
38741.96000001393,0.378,0.34375
38774.934999994,0.38,0.34375
38792.15499997372,0.378,0.34375
38875.60500000836,0.38,0.34375
38909.06500001438,0.378,0.34375
38974.959999963176,0.38,0.34375
39275.614999991376,0.378,0.34175
39292.239999980666,0.378,0.33975
39309.02499996591,0.378,0.33775
39325.71000000462,0.376,0.33175
39342.13499998441,0.376,0.32575
39358.929999987595,0.374,0.31575
39375.75000000652,0.372,0.29975
39392.30499998666,0.37,0.28775
39408.8299999712,0.368,0.26975
39426.05000000913,0.366,0.25575
39442.36499996623,0.362,0.23775
39459.12999997381,0.36,0.22375
39475.700000009965,0.358,0.20575
39492.12000000989,0.356,0.19175
39509.04500001343,0.356,0.17775
39525.68500000052,0.358,0.16375
39542.30500000995,0.358,0.15775
39558.755000005476,0.358,0.15175
39575.580000004265,0.358,0.14775
39675.67500000587,0.36,0.14775
39692.07499996992,0.364,0.14575
39709.02999996906,0.372,0.14375
39725.73000000557,0.382,0.13975
39742.299999983516,0.4,0.13175
39758.75999999698,0.418,0.12375
39775.66499996465,0.432,0.11775
39792.264999996405,0.45,0.11175
39809.04500000179,0.46,0.10775
39825.70499996655,0.468,0.10575
39842.13499998441,0.47,0.10575
39859.029999992345,0.47,0.10775
39875.620000006165,0.468,0.10975
39892.345000000205,0.464,0.11575
39908.7849999778,0.46,0.12375
39926.110000000335,0.458,0.12975
39942.29999999516,0.454,0.13575
39959.17499996722,0.452,0.14175
39975.809999974445,0.452,0.14375
39992.13999998756,0.454,0.14575
40008.999999961816,0.456,0.14775
40025.72500001406,0.46,0.14775
40042.14999999385,0.466,0.14775
40059.07499999739,0.476,0.14575
40075.74000000022,0.484,0.14375
40092.46499999426,0.494,0.13975
40108.86999999639,0.504,0.13775
40125.66499999957,0.512,0.13575
40142.25500001339,0.52,0.13375
40159.19500001473,0.526,0.13375
40175.72499997914,0.53,0.13375
40192.09999998566,0.532,0.13575
40209.97999998508,0.534,0.13575
40227.199999964796,0.534,0.13975
40243.51000000024,0.536,0.14175
40259.95999999577,0.536,0.14775
40276.43500000704,0.534,0.15375
40293.45499997726,0.534,0.15775
40308.929999999236,0.534,0.16375
40325.8499999647,0.532,0.16775
40342.31999999611,0.532,0.17375
40359.895000001416,0.53,0.17975
40376.144999987446,0.53,0.18375
40392.44999998482,0.53,0.18575
40408.844999969006,0.53,0.18775
40426.08000000473,0.53,0.18975
40526.940000010654,0.532,0.18975
40542.30500000995,0.534,0.18575
40559.99500001781,0.542,0.17975
40576.49999996647,0.552,0.17175
40593.39499997441,0.562,0.16375
40610.01000000397,0.576,0.15175
40626.344999996945,0.586,0.14375
40643.23499996681,0.598,0.13575
40659.994999994524,0.604,0.13175
40675.909999990836,0.608,0.12775
40692.769999965094,0.61,0.12775
40743.015000014566,0.61,0.12975
40776.09499997925,0.612,0.12975
40793.26000000583,0.612,0.13175
40893.25999998255,0.612,0.12975
40909.99999997439,0.61,0.12775
40926.15000001388,0.606,0.12575
40942.425000015646,0.6,0.12375
40959.96000000741,0.594,0.12175
40976.31499997806,0.584,0.12175
40992.724999960046,0.576,0.11975
41009.96499997564,0.568,0.11975
41026.13000001293,0.562,0.11975
41042.414999974426,0.558,0.11775
41059.99999999767,0.554,0.11775
41076.32499997271,0.552,0.11775
41092.414999962784,0.55,0.11575
41176.110000000335,0.55,0.11375
41192.459999991115,0.55,0.11175
41208.984999975655,0.55,0.10575
41226.05499997735,0.552,0.09975
41242.434999963734,0.552,0.09175
41259.95500001591,0.554,0.08575
41276.539999991655,0.556,0.07575
41292.75500000222,0.556,0.06775
41309.94499998633,0.558,0.06375
41327.21499999752,0.558,0.05975
41343.63999997731,0.558,0.05775
41376.08000001637,0.56,0.05775
41392.454999964684,0.564,0.05975
41409.09999998985,0.568,0.05975
41427.43999999948,0.574,0.06175
41442.89000000572,0.58,0.06375
41459.884999960195,0.586,0.06575
41476.70499997912,0.592,0.06775
41493.52999997791,0.596,0.07175
41509.0949999867,0.598,0.07575
41525.78500000527,0.598,0.07975
41543.5099999886,0.598,0.08375
41560.01999997534,0.598,0.08775
41576.52999996208,0.598,0.08975
41627.37499998184,0.6,0.08975
41659.08000001218,0.602,0.08775
41676.39999999665,0.606,0.08175
41693.29999998445,0.61,0.07575
41710.03000001656,0.614,0.06575
41726.184999977704,0.618,0.06175
41742.31499998132,0.62,0.05775
41759.974999993574,0.62,0.05575
41776.26999997301,0.622,0.05375
41927.02499998268,0.62,0.05175
41942.22500000615,0.618,0.05175
41960.075000009965,0.612,0.04775
41976.22999997111,0.606,0.04575
41992.48499999521,0.594,0.04375
42008.999999961816,0.58,0.03975
42026.78499999456,0.564,0.03775
42043.16999996081,0.55,0.03575
42060.01000001561,0.534,0.03375
42076.08500000788,0.514,0.03175
42092.86999999313,0.496,0.02775
42109.11499999929,0.482,0.02775
42125.50999998348,0.468,0.02575
42143.6049999902,0.456,0.02575
42159.010000003036,0.448,0.02375
42176.06500000693,0.444,0.02375
42192.419999977574,0.442,0.02375
42226.840000017546,0.444,0.02575
42242.35499999486,0.444,0.02775
42260.07999997819,0.448,0.02975
42275.77000000747,0.452,0.03175
42293.62000001129,0.458,0.03775
42308.789999980945,0.466,0.04175
42326.10999996541,0.472,0.04575
42342.49000001,0.48,0.04975
42359.98499998823,0.486,0.05375
42376.379999972414,0.49,0.05575
42392.69000000786,0.492,0.05775
42410.06500000367,0.494,0.05975
42443.150000006426,0.494,0.06175
42526.85999998357,0.494,0.06375
42542.24499996053,0.492,0.06575
42559.91999997059,0.492,0.07375
42576.49000000674,0.492,0.07975
42593.47500000149,0.492,0.08575
42608.73999999603,0.494,0.09175
42626.13499996951,0.496,0.09375
42642.50499999616,0.496,0.09775
42659.06500001438,0.498,0.09975
42677.15499998303,0.498,0.10175
42760.01999998698,0.496,0.09975
42775.85500001442,0.494,0.09975
42793.215000012424,0.49,0.09575
42809.97000000207,0.484,0.09175
42826.0199999786,0.48,0.08975
42842.95999997994,0.474,0.08575
42859.93500001496,0.47,0.08175
42877.020000014454,0.464,0.07775
42892.78499997454,0.458,0.07375
42909.11499998765,0.454,0.07175
42925.95499998424,0.45,0.06775
42942.410000017844,0.446,0.06575
42958.71500001522,0.442,0.06375
42992.93000000762,0.44,0.06175
43026.514999975916,0.438,0.06175
43043.680000002496,0.438,0.06375
43059.15499996627,0.436,0.06575
43075.789999973495,0.434,0.06975
43092.53500000341,0.432,0.07575
43108.895000012126,0.428,0.08375
43126.15999998525,0.424,0.08775
43142.21499999985,0.42,0.09375
43159.92000000551,0.418,0.09775
43175.860000017565,0.416,0.09975
43225.9699999704,0.414,0.09975
43242.41499998607,0.414,0.09775
43259.16000001598,0.41,0.09375
43276.03499998804,0.408,0.08775
43292.539999994915,0.404,0.08175
43309.94499998633,0.402,0.07575
43327.13499997044,0.396,0.06775
43342.33499999391,0.392,0.06375
43359.920000017155,0.386,0.05775
43375.78499998199,0.384,0.05575
43393.24000000488,0.38,0.05175
43410.02000001026,0.378,0.04775
43426.7150000087,0.378,0.04575
43442.184999992605,0.376,0.04575
43459.99499998288,0.376,0.04375
43493.399999977555,0.374,0.04375
43542.48000000371,0.37,0.04575
43559.98499999987,0.364,0.04775
43577.13499997044,0.356,0.04975
43592.95999997994,0.344,0.05375
43609.98499998823,0.334,0.05575
43627.13999999687,0.32,0.06175
43642.370000015944,0.31,0.06375
43659.18999997666,0.302,0.06775
43675.78499997035,0.298,0.06975
43693.22000001557,0.296,0.06975
43709.99000000302,0.294,0.06975
43759.915000002366,0.296,0.07175
43776.31499996642,0.3,0.07375
43792.78499999782,0.306,0.07575
43809.21500001568,0.312,0.07775
43827.01000000816,0.318,0.08175
43842.654999985825,0.324,0.08375
43859.98000000836,0.33,0.08575
43875.66499999957,0.334,0.08775
43893.57000001473,0.336,0.09175
43909.35500001069,0.338,0.09375
43926.310000009835,0.34,0.09575
43959.18000000529,0.34,0.09775
43975.91500001727,0.338,0.09975
43992.56499996409,0.336,0.10375
44008.99499998195,0.332,0.10775
44026.339999982156,0.328,0.11375
44042.840000009164,0.322,0.11975
44060.05999998888,0.318,0.12775
44076.49999996647,0.316,0.13175
44092.92500000447,0.314,0.13375
44109.75000000326,0.314,0.13575
44143.51500000339,0.312,0.13575
44210.009999980684,0.31,0.13375
44226.52999998536,0.306,0.13175
44243.78999997862,0.3,0.12975
44259.93000000017,0.294,0.12775
44275.95499996096,0.286,0.12775
44292.58000000846,0.28,0.12775
44309.039999963716,0.274,0.12775
44325.89500001632,0.27,0.12775
44342.04999997746,0.268,0.12775
44360.029999981634,0.266,0.12775
44426.135000016075,0.264,0.12575
44442.44999997318,0.264,0.12375
44460.09499998763,0.262,0.11975
44475.76499998104,0.26,0.11575
44491.749999986496,0.256,0.10775
44510.015000007115,0.254,0.09775
44525.73499997379,0.252,0.08975
44542.35000000335,0.252,0.08175
44559.32999996003,0.252,0.07375
44575.88499999838,0.254,0.06375
44592.254999966826,0.256,0.05775
44609.92499999702,0.26,0.04975
44625.91000000248,0.266,0.04375
44642.40999997128,0.272,0.03975
44659.98499997659,0.28,0.03775
44675.669999967795,0.286,0.03575
44693.159999966156,0.292,0.03575
44709.96499998728,0.294,0.03575
44726.175000017975,0.298,0.03775
44742.724999960046,0.3,0.03975
44775.915000005625,0.3,0.04175
44859.954999992624,0.298,0.04175
44876.095000014175,0.296,0.03975
44892.52499997383,0.29,0.03775
44909.24000000814,0.286,0.03575
44925.709999981336,0.278,0.03575
44942.634999984875,0.27,0.03575
44960.01499996055,0.256,0.03775
44975.86999996565,0.248,0.03975
44992.6100000157,0.236,0.04175
45009.350000007544,0.228,0.04375
45025.94500000123,0.222,0.04775
45042.42999997223,0.216,0.04975
45059.239999973215,0.214,0.04975
45075.964999967255,0.212,0.05175
45160.02999996999,0.214,0.05175
45192.284999997355,0.216,0.05375
45209.96499998728,0.218,0.05575
45227.16000000946,0.222,0.05775
45242.50499997288,0.224,0.05975
45259.974999993574,0.226,0.06375
45275.67999996245,0.228,0.06775
45293.42000000179,0.228,0.07375
45308.87999996776,0.228,0.08175
45325.94999996945,0.228,0.08775
45342.414999962784,0.226,0.09375
45359.30000001099,0.224,0.10175
45375.944999977946,0.224,0.10775
45392.179999966174,0.222,0.11375
45410.05499998573,0.222,0.11775
45426.534999976866,0.222,0.12175
45443.54999996722,0.224,0.12375
45458.74500001082,0.226,0.12575
45475.78999999678,0.23,0.12775
45492.61999997543,0.234,0.12775
45509.40499996068,0.238,0.12975
45525.95999999903,0.24,0.12975
45542.37999999896,0.242,0.12975
45560.089999984484,0.242,0.13175
45575.65000001341,0.24,0.13375
45593.56000000844,0.238,0.13775
45608.85999997845,0.232,0.14375
45626.11999997171,0.226,0.14775
45642.64999999432,0.218,0.15575
45659.36499997042,0.212,0.16175
45675.844999961555,0.202,0.16975
45692.13499996113,0.196,0.17375
45709.975000005215,0.19,0.17975
45727.284999971744,0.184,0.18375
45743.55999997351,0.182,0.18575
45758.95499996841,0.178,0.18775
45793.62499999115,0.176,0.18975
45877.03999999212,0.176,0.18775
45892.46000000276,0.176,0.18575
45910.02000001026,0.176,0.18175
45926.01499997545,0.176,0.17575
45942.834999994375,0.174,0.16775
45960.04500001436,0.174,0.15575
45977.199999964796,0.174,0.14375
45992.42999998387,0.174,0.13175
46009.2799999984,0.176,0.11775
46025.97499999683,0.178,0.10375
46042.45499998797,0.18,0.09375
46059.26999996882,0.18,0.08575
46075.8349999669,0.18,0.08175
46092.64499996789,0.18,0.07575
46109.21999998391,0.18,0.07175
46125.63999998383,0.18,0.06975
46260.015000007115,0.178,0.06975
46275.964999978896,0.176,0.07175
46292.689999972936,0.174,0.07575
46309.19499997981,0.17,0.07975
46326.10999996541,0.166,0.08375
46342.654999985825,0.16,0.08975
46359.67500001425,0.156,0.09375
46375.769999984186,0.152,0.09975
46392.61499996064,0.148,0.10575
46409.29999999935,0.146,0.10975
46425.86499999743,0.146,0.11175
46442.594999971334,0.144,0.11375
46459.97999998508,0.144,0.11575
46542.405000014696,0.144,0.11775
46576.11500000348,0.146,0.11775
46610.054999997374,0.15,0.11975
46625.754999986384,0.152,0.11975
46642.17499998631,0.154,0.11975
46659.96499999892,0.156,0.12175
46677.29999998119,0.16,0.12175
46692.74999998743,0.162,0.12175
46725.81999999238,0.164,0.12175
46826.82499999646,0.162,0.12175
46875.70500001311,0.164,0.12175
46908.735000004526,0.168,0.12175
46926.009999995586,0.17,0.12375
46942.559999995865,0.172,0.12375
46960.09000000777,0.174,0.12175
