0,0.454,0.4465500030517578
15.695000009611249,0.456,0.4465500030517578
33.47000002488494,0.458,0.4465500030517578
184.84000000171363,0.458,0.4445500030517578
201.47999998927116,0.456,0.4425500030517578
218.86000002361834,0.452,0.4405500030517578
234.31000002939254,0.444,0.43255000305175784
251.4899999955669,0.438,0.42855000305175783
268.35000002756715,0.43,0.4205500030517578
285.4100000113249,0.424,0.4125500030517578
300.5000000130385,0.422,0.4065500030517578
317.50000000558794,0.418,0.4025500030517578
335.02500003762543,0.416,0.4005500030517578
368.15500003285706,0.414,0.4005500030517578
385.59500000067055,0.414,0.4045500030517578
401.4699999829754,0.412,0.4105500030517578
418.6750000230968,0.406,0.42455000305175783
434.8950000135228,0.396,0.43655000305175784
451.47000002954155,0.382,0.4525500030517578
468.3049999885261,0.37,0.4685500030517578
484.6200000029057,0.364,0.4765500030517578
501.1800000220537,0.358,0.4825500030517578
517.4499999852851,0.356,0.48855000305175783
535.7150000054389,0.36,0.49255000305175783
552.0550000369549,0.366,0.49455000305175784
567.6300000054762,0.376,0.49855000305175784
583.90500000678,0.392,0.5025500030517578
602.0799999833107,0.408,0.5065500030517578
617.9950000373647,0.42,0.5085500030517578
635.4249999858439,0.43,0.5125500030517578
650.9199999859557,0.436,0.5165500030517578
667.3549999836832,0.438,0.5185500030517578
685.0299999937415,0.44,0.5225500030517578
701.4649999914691,0.438,0.5285500030517578
718.1700000073761,0.434,0.5345500030517578
734.0650000264868,0.432,0.5405500030517578
751.2700000088662,0.43,0.5445500030517578
768.525000021793,0.428,0.5505500030517578
783.7050000093877,0.43,0.5545500030517578
801.8049999959767,0.432,0.5585500030517578
817.4250000156462,0.434,0.5605500030517578
834.9900000039488,0.44,0.5605500030517578
852.0000000139698,0.448,0.5585500030517578
867.2600000286475,0.454,0.5545500030517578
884.1850000321865,0.466,0.5445500030517578
901.2799999918789,0.476,0.5365500030517578
917.7050000298768,0.488,0.5265500030517578
934.2649999894202,0.496,0.5185500030517578
952.240000013262,0.502,0.5145500030517578
967.5249999854714,0.504,0.5085500030517578
984.8650000058115,0.504,0.5025500030517578
1001.3449999969453,0.504,0.5005500030517578
1018.125000002794,0.502,0.49655000305175784
1035.5599999893457,0.502,0.49455000305175784
1068.0949999950826,0.5,0.49455000305175784
1084.9900000039488,0.502,0.49455000305175784
1102.2050000037998,0.504,0.49855000305175784
1118.3099999912083,0.508,0.5025500030517578
1134.1550000365824,0.514,0.5045500030517578
1151.0349999889731,0.52,0.5085500030517578
1167.2550000371411,0.53,0.5125500030517578
1185.5150000192225,0.54,0.5165500030517578
1201.860000031069,0.546,0.5165500030517578
1217.1650000382215,0.55,0.5165500030517578
1234.679999994114,0.554,0.5165500030517578
1252.2699999976903,0.556,0.5145500030517578
1268.6400000248104,0.56,0.5085500030517578
1284.3050000378862,0.564,0.49255000305175783
1302.254999987781,0.566,0.4705500030517578
1317.3850000025705,0.57,0.4505500030517578
1334.8049999922514,0.572,0.43255000305175784
1352.3150000255555,0.574,0.4125500030517578
1367.8700000168756,0.576,0.4005500030517578
1385.3850000314415,0.576,0.3945500030517578
1401.049999985844,0.576,0.3925500030517578
1417.2499999990687,0.574,0.3905500030517578
1435.7150000296533,0.572,0.3905500030517578
1451.0850000083447,0.57,0.3925500030517578
1468.070000003092,0.566,0.3945500030517578
1484.980000008829,0.562,0.3985500030517578
1501.794999989681,0.554,0.4045500030517578
1517.1350000314415,0.546,0.4085500030517578
1535.4599999850616,0.54,0.4125500030517578
1550.93999998644,0.538,0.4145500030517578
1567.2599999820814,0.536,0.4145500030517578
1617.9899999992922,0.536,0.4085500030517578
1634.4200000166893,0.536,0.4025500030517578
1651.21500002034,0.536,0.3905500030517578
1667.515000037849,0.536,0.3785500030517578
1684.7399999974295,0.532,0.36055000305175783
1700.9400000106543,0.528,0.3485500030517578
1717.2700000237674,0.52,0.3365500030517578
1735.6950000394136,0.514,0.3285500030517578
1751.4499999824911,0.51,0.3245500030517578
1767.6499999947846,0.504,0.3205500030517578
1783.9650000100955,0.5,0.3185500030517578
1802.0900000128895,0.494,0.3185500030517578
1817.4950000252575,0.49,0.3185500030517578
1835.5600000359118,0.486,0.3225500030517578
1851.3450000323355,0.482,0.3245500030517578
1868.4249999932945,0.476,0.3325500030517578
1884.2799999993294,0.472,0.3425500030517578
1901.3050000071526,0.468,0.3525500030517578
1917.614999984391,0.466,0.36055000305175783
1934.6600000280887,0.464,0.36855000305175784
1951.850000012666,0.464,0.3745500030517578
1967.2349999900907,0.464,0.3785500030517578
1984.6150000235066,0.464,0.3805500030517578
2001.035000023432,0.464,0.3825500030517578
2052.154999983497,0.462,0.3825500030517578
2084.915000014007,0.46,0.3825500030517578
2102.0750000029802,0.454,0.3805500030517578
2118.415000034496,0.45,0.3805500030517578
2133.8049999903888,0.446,0.3785500030517578
2151.0400000270456,0.442,0.3745500030517578
2167.2850000327453,0.436,0.37255000305175784
2184.1349999886006,0.432,0.37055000305175784
2200.565000006929,0.43,0.36855000305175784
2217.7150000352412,0.428,0.36655000305175783
2250.910000002943,0.428,0.36455000305175783
2267.27000001166,0.428,0.36255000305175783
2285.4749999828637,0.43,0.3565500030517578
2300.6300000129268,0.432,0.3485500030517578
2317.6349999848753,0.436,0.3385500030517578
2333.985000034794,0.44,0.3245500030517578
2352.2050000038,0.442,0.30855000305175784
2368.1750000109896,0.444,0.29855000305175783
2385.545000026934,0.444,0.2865500030517578
2401.025000028312,0.444,0.2805500030517578
2417.309999990277,0.442,0.2725500030517578
2435.3450000062585,0.436,0.2685500030517578
2450.6350000165403,0.432,0.2665500030517578
2467.2199999913573,0.424,0.2645500030517578
2484.6649999972433,0.412,0.2625500030517578
2501.99000001885,0.396,0.2625500030517578
2517.2200000379235,0.384,0.2625500030517578
2533.8399999896064,0.368,0.2625500030517578
2551.009999996051,0.36,0.2645500030517578
2567.3449999894947,0.352,0.2645500030517578
2583.734999993816,0.35,0.2645500030517578
2601.9250000249594,0.348,0.2645500030517578
2634.0349999964237,0.35,0.2645500030517578
2650.4450000356883,0.352,0.2665500030517578
2667.2900000121444,0.354,0.2685500030517578
2685.0749999871477,0.352,0.2745500030517578
2700.650000013411,0.348,0.2805500030517578
2718.295000027865,0.336,0.2925500030517578
2735.3899999875575,0.318,0.30655000305175784
2750.6450000219047,0.304,0.3165500030517578
2768.2849999982864,0.284,0.3305500030517578
2784.6750000026077,0.274,0.3405500030517578
2801.8850000230595,0.266,0.3485500030517578
2817.2050000289455,0.262,0.3505500030517578
2834.665000031702,0.264,0.3525500030517578
2851.2350000096485,0.268,0.3545500030517578
2867.239999992773,0.278,0.3545500030517578
2884.000000020489,0.294,0.3545500030517578
2902.0449999962,0.304,0.3525500030517578
2917.475000023842,0.314,0.3525500030517578
2934.6399999931455,0.324,0.3545500030517578
2951.8999999854714,0.332,0.3565500030517578
2967.22500002943,0.334,0.3585500030517578
2984.6000000257045,0.334,0.36255000305175783
3001.0449999831617,0.332,0.36655000305175783
3017.34000002034,0.33,0.37055000305175784
3034.355000011623,0.328,0.37255000305175784
3067.470000009984,0.328,0.37055000305175784
3084.6449999958277,0.33,0.36455000305175783
3101.850000035949,0.334,0.3565500030517578
3117.224999994971,0.336,0.3505500030517578
3134.3650000058115,0.338,0.3425500030517578
3150.910000026226,0.342,0.3385500030517578
3168.929999985732,0.344,0.3345500030517578
3184.330000018701,0.344,0.3325500030517578
3201.4850000273436,0.346,0.3325500030517578
3234.9300000350922,0.348,0.3345500030517578
3252.0399999925867,0.352,0.3365500030517578
3267.244999995455,0.354,0.3385500030517578
3284.630000010133,0.358,0.3425500030517578
3300.7250000378117,0.362,0.3445500030517578
3317.340000009164,0.366,0.3465500030517578
3334.1600000280887,0.37,0.3485500030517578
3351.339999994263,0.37,0.3505500030517578
3384.874999988824,0.372,0.3525500030517578
3434.204999998212,0.372,0.3545500030517578
3451.4050000002608,0.37,0.3585500030517578
3467.3750000074506,0.366,0.36655000305175783
3485.5550000220537,0.36,0.3805500030517578
3500.7200000118464,0.354,0.3925500030517578
3517.6199999991804,0.342,0.4085500030517578
3534.634999989532,0.328,0.42655000305175783
3551.919999998063,0.314,0.4405500030517578
3567.3599999863654,0.308,0.4465500030517578
3583.800000023097,0.306,0.4485500030517578
3601.005000004545,0.304,0.4505500030517578
3617.3600000329316,0.306,0.4505500030517578
3667.2600000165403,0.306,0.4485500030517578
3684.6000000368804,0.3,0.4425500030517578
3700.8950000163168,0.294,0.43655000305175784
3717.3450000118464,0.284,0.42855000305175783
3733.8299999833107,0.276,0.4225500030517578
3750.700000033714,0.264,0.4185500030517578
3768.3149999938905,0.252,0.4165500030517578
3785.1249999953434,0.246,0.4165500030517578
3801.13000003621,0.242,0.4185500030517578
3818.7400000169873,0.24,0.4185500030517578
3833.970000036061,0.24,0.4225500030517578
3851.3450000323355,0.238,0.42655000305175783
3867.2300000330433,0.238,0.43455000305175784
3884.010000038892,0.236,0.4425500030517578
3900.7100000167266,0.234,0.4545500030517578
3917.0150000136346,0.23,0.4665500030517578
3934.234999993816,0.224,0.4825500030517578
3950.855000003241,0.22,0.49255000305175783
3967.3850000258535,0.218,0.5045500030517578
3983.7300000367686,0.218,0.5105500030517578
4000.8999999854714,0.226,0.5185500030517578
4017.6750000100583,0.234,0.5225500030517578
4034.0350000187755,0.252,0.5285500030517578
4051.4850000040606,0.27,0.5345500030517578
4067.5899999924004,0.282,0.5385500030517578
4084.0500000054017,0.294,0.5465500030517578
4101.315000036731,0.3,0.5545500030517578
4117.380000011064,0.302,0.5685500030517578
4135.305000003427,0.3,0.5825500030517579
4150.735000032932,0.296,0.5965500030517578
4168.160000002012,0.288,0.6145500030517578
4184.654999990016,0.28,0.6265500030517578
4200.865000020713,0.276,0.6405500030517578
4217.400000023656,0.276,0.6485500030517578
4233.869999997318,0.278,0.6565500030517578
4250.375000003725,0.282,0.6605500030517578
4267.374999996275,0.292,0.6625500030517578
4284.994999995455,0.302,0.6625500030517578
4301.5800000289455,0.316,0.6585500030517578
4317.075000029057,0.328,0.6525500030517578
4334.960000008345,0.34,0.6405500030517578
4350.864999986254,0.348,0.6305500030517578
4367.079999996349,0.358,0.6145500030517578
4385.609999997541,0.364,0.6005500030517578
4400.989999994636,0.366,0.5925500030517579
4417.105000000447,0.366,0.5885500030517579
4434.0600000005215,0.366,0.5865500030517579
4484.259999997914,0.368,0.5905500030517579
4500.700000033714,0.372,0.5925500030517579
4518.9200000027195,0.376,0.5965500030517578
4534.225000010803,0.386,0.6005500030517578
4550.740000035614,0.396,0.6025500030517578
4568.2099999981,0.408,0.6065500030517578
4584.075000021607,0.416,0.6085500030517578
4600.495000021532,0.426,0.6125500030517578
4617.395000008866,0.43,0.6165500030517578
4634.130000021309,0.432,0.6225500030517578
4651.2649999931455,0.432,0.6305500030517578
4667.39000001736,0.428,0.6405500030517578
4685.174999991432,0.424,0.6485500030517578
4701.085000008345,0.42,0.6605500030517578
4717.345000011846,0.418,0.6665500030517578
4735.19999999553,0.422,0.6745500030517578
4750.905000023544,0.428,0.6785500030517578
4767.380000034347,0.438,0.6785500030517578
4783.6349999997765,0.45,0.6765500030517578
4800.740000035614,0.466,0.6705500030517578
4817.745000008494,0.478,0.6645500030517578
4834.6150000002235,0.492,0.6605500030517578
4850.780000037514,0.502,0.6585500030517578
4867.865000037476,0.506,0.6585500030517578
4884.22499998752,0.51,0.6585500030517578
4918.030000001192,0.512,0.6585500030517578
4935.500000022352,0.51,0.6565500030517578
4950.899999996647,0.51,0.6525500030517578
4967.260000005364,0.506,0.6445500030517578
4984.965000011027,0.502,0.6285500030517578
5000.215000007302,0.496,0.6105500030517578
5017.410000029951,0.494,0.5985500030517578
5033.745000023395,0.49,0.5845500030517579
5050.694999983534,0.488,0.5765500030517579
5067.38500000257,0.486,0.5705500030517578
5085.030000017025,0.486,0.5665500030517578
5100.755000021309,0.488,0.5645500030517578
5117.050000000745,0.492,0.5625500030517578
5134.209999989718,0.504,0.5625500030517578
5150.79500002414,0.516,0.5625500030517578
5167.445000028238,0.536,0.5625500030517578
5183.814999997616,0.55,0.5605500030517578
5200.6549999937415,0.568,0.5585500030517578
5217.059999995865,0.58,0.5565500030517578
5234.104999981821,0.59,0.5545500030517578
5250.285000016913,0.596,0.5545500030517578
5267.389999994077,0.596,0.5565500030517578
5283.715000027791,0.596,0.5605500030517578
5300.894999993965,0.59,0.5685500030517578
5317.184999993071,0.582,0.5805500030517579
5334.080000001006,0.576,0.5905500030517579
5350.770000020042,0.572,0.6005500030517578
5367.154999986291,0.57,0.6085500030517578
5385.270000028424,0.572,0.6145500030517578
5400.900000007823,0.576,0.6165500030517578
5417.409999994561,0.584,0.6165500030517578
5433.725000010803,0.592,0.6165500030517578
5450.91000001505,0.606,0.6165500030517578
5467.204999994487,0.618,0.6145500030517578
5484.10000000149,0.636,0.6085500030517578
5502.2149999868125,0.656,0.6025500030517578
5517.295000027865,0.668,0.5985500030517578
5533.830000029877,0.682,0.5945500030517578
5550.625000033528,0.69,0.5905500030517579
5567.190000031143,0.7,0.5865500030517579
5585.514999984764,0.706,0.5805500030517579
5601.435000019148,0.708,0.5745500030517579
5617.339999997988,0.71,0.5685500030517578
5634.650000022724,0.71,0.5565500030517578
5650.785000005737,0.71,0.5345500030517578
5667.660000035539,0.708,0.5145500030517578
5683.7550000064075,0.704,0.49655000305175784
5700.645000034012,0.694,0.4765500030517578
5717.420000001788,0.682,0.4645500030517578
5734.204999987036,0.672,0.4605500030517578
5750.775000022724,0.658,0.4605500030517578
5769.399999991059,0.646,0.4645500030517578
5786.090000009164,0.636,0.4745500030517578
5803.610000003129,0.632,0.4825500030517578
5817.139999999665,0.628,0.48855000305175783
5833.495000028983,0.626,0.49455000305175784
5850.710000028834,0.626,0.49855000305175784
5901.36000001803,0.628,0.49255000305175783
5917.7299999874085,0.63,0.4845500030517578
5933.944999997504,0.63,0.4705500030517578
5951.285000017844,0.63,0.4545500030517578
5967.43000001926,0.63,0.43255000305175784
5983.805000025779,0.63,0.4085500030517578
6000.769999984652,0.628,0.3945500030517578
6016.9299999838695,0.628,0.3825500030517578
6033.869999985211,0.628,0.3745500030517578
6050.144999986514,0.628,0.36855000305175784
6067.084999987856,0.63,0.36655000305175783
6083.675000002608,0.638,0.36455000305175783
6101.17500001844,0.646,0.36455000305175783
6117.429999984801,0.66,0.36655000305175783
6134.085000026971,0.674,0.36655000305175783
6150.79500002414,0.69,0.36655000305175783
6167.285000032745,0.702,0.36655000305175783
6184.624999994412,0.716,0.36455000305175783
6200.950000028126,0.724,0.36455000305175783
6217.434999998659,0.73,0.36655000305175783
6233.635000011884,0.732,0.36855000305175784
6250.679999997839,0.732,0.3745500030517578
6267.014999991283,0.73,0.3805500030517578
6284.615000011399,0.728,0.3905500030517578
6300.675000006333,0.726,0.3985500030517578
6317.450000031851,0.726,0.4025500030517578
6333.7150000156835,0.726,0.4065500030517578
6350.845000008121,0.73,0.4085500030517578
6367.435000022873,0.738,0.4105500030517578
6383.715000003576,0.744,0.4105500030517578
6400.680000021122,0.754,0.4065500030517578
6417.070000025444,0.762,0.4065500030517578
6434.115000011399,0.772,0.4025500030517578
6450.230000017211,0.778,0.4005500030517578
6467.425000039861,0.784,0.3985500030517578
6483.695000003092,0.786,0.3945500030517578
6500.8200000161305,0.788,0.3845500030517578
6518.775000004098,0.788,0.37255000305175784
6534.274999983609,0.788,0.3565500030517578
6550.790000008419,0.786,0.3325500030517578
6567.045000033453,0.782,0.3145500030517578
6584.135000012815,0.778,0.29855000305175783
6600.800000015646,0.774,0.2865500030517578
6617.4550000000745,0.768,0.2805500030517578
6633.915000014007,0.758,0.2725500030517578
6650.874999992549,0.746,0.2685500030517578
6667.230000020936,0.726,0.2665500030517578
6684.179999982938,0.71,0.2665500030517578
6700.955000007525,0.686,0.2665500030517578
6717.119999987073,0.668,0.2665500030517578
6734.635000001639,0.65,0.2685500030517578
6752.005000017583,0.632,0.2725500030517578
6767.464999983087,0.622,0.2745500030517578
6784.014999983832,0.612,0.2745500030517578
6801.1549999937415,0.608,0.2765500030517578
6817.465000029653,0.604,0.2745500030517578
6833.845000015572,0.602,0.2745500030517578
6867.310000002384,0.6,0.2725500030517578
6901.985000004992,0.596,0.2745500030517578
6917.350000003353,0.592,0.2745500030517578
6934.100000013597,0.584,0.2785500030517578
6951.295000035316,0.576,0.2805500030517578
6967.490000010468,0.564,0.2865500030517578
6984.059999988414,0.554,0.2925500030517578
7000.720000011846,0.548,0.2965500030517578
7017.105000035837,0.544,0.30055000305175783
7034.615000011399,0.542,0.30655000305175784
7050.965000002645,0.544,0.31055000305175784
7067.374999985099,0.55,0.3125500030517578
7083.970000036061,0.562,0.3165500030517578
7100.730000006035,0.572,0.3185500030517578
7117.469999997877,0.586,0.3225500030517578
7133.605000039563,0.594,0.3245500030517578
7150.785000005737,0.602,0.3265500030517578
7167.170000029728,0.604,0.3305500030517578
7184.349999995902,0.604,0.3325500030517578
7200.820000028238,0.602,0.3385500030517578
7217.4700000323355,0.596,0.3425500030517578
7233.995000017807,0.588,0.3465500030517578
7250.839999994263,0.584,0.3485500030517578
7267.404999991879,0.578,0.3505500030517578
7283.980000007898,0.572,0.3505500030517578
7300.7649999931455,0.57,0.3505500030517578
7317.31000001356,0.568,0.3505500030517578
7334.964999987744,0.566,0.3505500030517578
7367.460000038147,0.564,0.3505500030517578
7383.985000022687,0.562,0.3485500030517578
7400.7800000254065,0.56,0.3465500030517578
7417.469999985769,0.556,0.3445500030517578
7434.049999982119,0.552,0.3405500030517578
7451.125000022352,0.546,0.3365500030517578
7467.340000032447,0.538,0.3285500030517578
7484.129999997094,0.528,0.3185500030517578
7500.249999983236,0.52,0.30855000305175784
7517.400000011548,0.518,0.30455000305175783
7533.675000013784,0.514,0.30055000305175783
7550.740000035614,0.512,0.2945500030517578
7567.325000011362,0.51,0.2905500030517578
7584.190000023693,0.51,0.2885500030517578
7617.115000030026,0.51,0.2865500030517578
7700.665000012144,0.512,0.2825500030517578
7717.509999988601,0.516,0.2725500030517578
7734.074999986216,0.524,0.2645500030517578
7750.8450000323355,0.538,0.2525500030517578
7767.090000038035,0.55,0.2405500030517578
7784.180000017397,0.562,0.22855000305175782
7800.879999995232,0.568,0.2185500030517578
7817.500000005588,0.572,0.2105500030517578
7834.03999998793,0.572,0.2045500030517578
7850.934999994934,0.572,0.20055000305175782
7867.339999997988,0.572,0.19655000305175782
7884.0700000301,0.57,0.19455000305175782
7900.855000015348,0.566,0.19255000305175782
7917.100000021048,0.564,0.18855000305175781
7934.6399999931455,0.558,0.1845500030517578
7950.844999985769,0.55,0.1785500030517578
7967.684999981895,0.542,0.1725500030517578
7984.074999986216,0.53,0.16855000305175782
8000.780000003055,0.52,0.16655000305175782
8017.504999997094,0.502,0.16655000305175782
8034.285000002012,0.49,0.16655000305175782
8050.86000001803,0.474,0.16655000305175782
8067.084999987856,0.466,0.16655000305175782
8084.239999996498,0.458,0.16655000305175782
8100.894999981858,0.454,0.16655000305175782
8117.620000034571,0.452,0.16455000305175782
8150.800000003539,0.452,0.16655000305175782
8183.880000026897,0.452,0.16855000305175782
8200.175000006333,0.45,0.1745500030517578
8217.149999982677,0.45,0.1805500030517578
8234.720000008121,0.446,0.19055000305175782
8250.74500002712,0.442,0.2045500030517578
8267.300000007264,0.44,0.2125500030517578
8283.700000029057,0.436,0.2185500030517578
8300.71500002034,0.434,0.22255000305175782
8317.515000002459,0.434,0.22455000305175782
8334.065000003204,0.434,0.22655000305175782
8350.875000003725,0.436,0.22855000305175782
8367.024999985471,0.438,0.22855000305175782
8383.895000035875,0.446,0.22855000305175782
8400.965000037104,0.45,0.22855000305175782
8417.530000035651,0.458,0.22855000305175782
8434.11999999173,0.464,0.23055000305175782
8451.230000006035,0.466,0.23055000305175782
8467.165000038221,0.47,0.23255000305175783
8484.23499998264,0.472,0.23255000305175783
8500.794999999925,0.474,0.2345500030517578
8534.255000006407,0.472,0.2345500030517578
8551.035000011325,0.47,0.2365500030517578
8567.480000027455,0.466,0.2365500030517578
8583.790000004694,0.46,0.2365500030517578
8600.725000025705,0.452,0.2365500030517578
8617.190000019968,0.444,0.2385500030517578
8634.254999983124,0.436,0.2405500030517578
8650.885000010952,0.43,0.2425500030517578
8667.46500000637,0.426,0.2425500030517578
8683.950000035577,0.422,0.2425500030517578
8700.855000003241,0.42,0.2425500030517578
8717.449999997392,0.418,0.2425500030517578
8750.520000001416,0.414,0.2385500030517578
8766.984999995679,0.412,0.2365500030517578
8784.229999991134,0.406,0.23255000305175783
8800.900000032037,0.4,0.22655000305175782
8817.410000018775,0.394,0.22055000305175781
8834.065000003204,0.39,0.2125500030517578
8850.945000013337,0.388,0.2065500030517578
8867.414999986067,0.386,0.19455000305175782
8884.21500002779,0.386,0.1865500030517578
8900.885000010952,0.39,0.1745500030517578
8917.004999996163,0.394,0.16455000305175782
8934.420000005513,0.402,0.1505500030517578
8950.91000001505,0.41,0.13855000305175783
8967.475000012666,0.416,0.13255000305175782
8983.869999997318,0.424,0.12455000305175781
9000.865000009537,0.428,0.12055000305175781
9017.560000007972,0.432,0.1165500030517578
9034.220000030473,0.436,0.1165500030517578
9050.894999993965,0.444,0.11855000305175781
9067.045000033453,0.45,0.12055000305175781
9084.24500003457,0.46,0.12655000305175781
9100.934999994934,0.47,0.13255000305175782
9117.565000022762,0.476,0.13455000305175782
9134.090000007302,0.48,0.13855000305175783
9150.910000026226,0.482,0.13855000305175783
9167.530000035651,0.484,0.13855000305175783
9200.729999982752,0.484,0.13655000305175782
9217.15500002075,0.484,0.13255000305175782
9234.210000025108,0.48,0.12455000305175781
9250.899999985471,0.478,0.1165500030517578
9267.229999998584,0.474,0.10855000305175781
9284.090000030585,0.468,0.10055000305175782
9301.024999993853,0.464,0.09655000305175782
9317.44000001438,0.454,0.08855000305175781
9334.03000002727,0.442,0.08455000305175782
9351.000000024214,0.43,0.08055000305175782
9367.105000012554,0.408,0.07855000305175781
9384.120000002906,0.39,0.07855000305175781
9400.915000006557,0.366,0.08055000305175782
9417.179999990389,0.348,0.08455000305175782
9434.26000000909,0.324,0.09055000305175781
9451.33499999158,0.306,0.09655000305175782
9467.5099999886,0.284,0.10455000305175781
9484.10499998182,0.266,0.11255000305175782
9500.950000016019,0.254,0.12055000305175781
9517.47000002116,0.244,0.12855000305175782
9534.250000026077,0.24,0.13455000305175782
9550.915000028908,0.238,0.1405500030517578
9567.03000003472,0.242,0.1445500030517578
9584.239999996498,0.25,0.1505500030517578
9600.925000036135,0.264,0.1545500030517578
9617.465000018477,0.276,0.15855000305175782
9634.045000013895,0.29,0.16255000305175782
9650.460000034422,0.298,0.16655000305175782
9667.545000033453,0.306,0.1725500030517578
9684.385000029579,0.308,0.1765500030517578
9700.940000010654,0.304,0.1845500030517578
9717.040000017732,0.296,0.19255000305175782
9734.274999995716,0.282,0.2045500030517578
9750.930000038818,0.264,0.2165500030517578
9767.500000016764,0.252,0.22655000305175782
9784.054999996908,0.236,0.2365500030517578
9800.570000021718,0.226,0.2445500030517578
9817.51999998279,0.216,0.2525500030517578
9834.090000018477,0.212,0.2585500030517578
9850.570000009611,0.212,0.2605500030517578
9866.879999987781,0.212,0.2625500030517578
9884.265000000596,0.218,0.2645500030517578
9900.934999983758,0.226,0.2645500030517578
9917.145000014454,0.234,0.2645500030517578
9934.290000004694,0.248,0.2625500030517578
9951.020000036806,0.26,0.2625500030517578
9967.50000002794,0.272,0.2625500030517578
9983.715000038967,0.28,0.2625500030517578
10000.89000002481,0.284,0.2625500030517578
10017.07000000216,0.286,0.2625500030517578
10067.335000028834,0.288,0.2605500030517578
10084.069999983534,0.288,0.2565500030517578
10101.020000002347,0.288,0.2525500030517578
10117.529999989085,0.288,0.2445500030517578
10134.120000002906,0.288,0.2385500030517578
10152.39499998279,0.288,0.2365500030517578
10167.599999986589,0.286,0.2345500030517578
10184.929999988526,0.286,0.23255000305175783
10234.23000000231,0.288,0.2345500030517578
10251.250000030734,0.29,0.2385500030517578
10267.640000035055,0.296,0.2405500030517578
10285.990000003949,0.302,0.2445500030517578
10301.099999982864,0.306,0.2465500030517578
10318.160000024363,0.312,0.2485500030517578
10334.979999985546,0.312,0.2505500030517578
10352.085000021383,0.314,0.2525500030517578
10368.989999989048,0.314,0.2545500030517578
10384.0750000095,0.312,0.2565500030517578
10402.010000020266,0.308,0.2605500030517578
10418.624999991618,0.304,0.2665500030517578
10435.334999987856,0.294,0.2765500030517578
10452.255000011995,0.284,0.2845500030517578
10467.50000002794,0.272,0.2945500030517578
10485.114999989048,0.256,0.30855000305175784
10501.57500000298,0.24,0.3205500030517578
10517.61999999918,0.232,0.3285500030517578
10534.180000017397,0.222,0.3365500030517578
10552.280000003986,0.218,0.3405500030517578
10568.96499998495,0.216,0.3425500030517578
10602.110000036657,0.214,0.3445500030517578
10634.859999991953,0.214,0.3425500030517578
10651.675000030547,0.208,0.3425500030517578
10668.100000010803,0.2,0.3365500030517578
10684.300000023097,0.19,0.3325500030517578
10701.630000025034,0.182,0.3265500030517578
10717.524999985471,0.172,0.3205500030517578
10734.1550000133,0.162,0.3145500030517578
10751.135000027716,0.156,0.3125500030517578
10768.075000029057,0.148,0.3125500030517578
10784.314999997616,0.144,0.3125500030517578
10802.049999998882,0.138,0.3125500030517578
10817.645000003278,0.134,0.3145500030517578
10834.094999998808,0.13,0.3145500030517578
10851.445000037551,0.128,0.3165500030517578
10868.4450000301,0.124,0.3145500030517578
10885.110000032932,0.122,0.3145500030517578
10902.39499998279,0.12,0.30855000305175784
10917.545000033453,0.118,0.30255000305175783
10935.020000034012,0.118,0.2885500030517578
10951.494999987073,0.118,0.2725500030517578
10967.65000000596,0.118,0.2585500030517578
10985.410000023432,0.118,0.2445500030517578
11000.990000030026,0.118,0.2345500030517578
11018.240000005811,0.118,0.22455000305175782
11035.050000006333,0.116,0.22055000305175781
11051.440000010654,0.116,0.2165500030517578
11067.719999992289,0.116,0.2145500030517578
11101.045000018552,0.12,0.2165500030517578
11118.885000003502,0.124,0.2165500030517578
11135.580000001937,0.132,0.22055000305175781
11151.055000023916,0.14,0.22255000305175782
11169.170000009239,0.15,0.22455000305175782
11185.065000027418,0.156,0.22455000305175782
11202.289999986999,0.164,0.22655000305175782
11217.57999999728,0.17,0.22655000305175782
11235.570000018924,0.174,0.22455000305175782
11268.955000036396,0.176,0.22255000305175782
11284.120000026189,0.176,0.2165500030517578
11301.090000023134,0.176,0.2105500030517578
11317.555000016466,0.174,0.19855000305175782
11334.970000025816,0.174,0.18855000305175781
11351.510000008158,0.17,0.1785500030517578
11367.720000038855,0.164,0.17055000305175783
11384.989999991842,0.158,0.16855000305175782
11401.079999981448,0.152,0.16655000305175782
11418.279999984428,0.142,0.16455000305175782
11435.549999995157,0.126,0.16655000305175782
11451.280000038445,0.112,0.17055000305175783
11467.545000022277,0.096,0.1765500030517578
11484.564999992028,0.084,0.1825500030517578
11501.534999988973,0.074,0.18855000305175781
11517.634999996983,0.07,0.19255000305175782
11534.840000037104,0.066,0.19855000305175782
11550.92499998957,0.066,0.2045500030517578
11567.685000017285,0.068,0.2105500030517578
11584.139999992214,0.074,0.2185500030517578
11602.145000012591,0.082,0.22655000305175782
11618.99500002712,0.088,0.2345500030517578
11635.089999996126,0.09,0.2445500030517578
11652.340000029653,0.09,0.2625500030517578
11667.575000029057,0.086,0.2785500030517578
11685.43000001274,0.076,0.30055000305175783
11701.490000007674,0.07,0.3185500030517578
11717.590000014752,0.062,0.3425500030517578
11734.170000011101,0.058,0.36255000305175783
11752.095000004396,0.056,0.3765500030517578
11769.19500000123,0.058,0.3865500030517578
11785.145000031218,0.062,0.3925500030517578
11802.354999992996,0.074,0.4005500030517578
11817.535000039265,0.084,0.4025500030517578
11834.510000015609,0.1,0.4045500030517578
11851.094999991357,0.114,0.4045500030517578
11867.510000010952,0.132,0.4025500030517578
11885.875000037253,0.148,0.4005500030517578
11901.509999996051,0.158,0.3985500030517578
11918.345000013709,0.17,0.3945500030517578
11935.140000016429,0.176,0.3945500030517578
11952.30000000447,0.18,0.3925500030517578
11968.32500002347,0.182,0.3925500030517578
11984.240000020713,0.18,0.3925500030517578
12001.080000016838,0.176,0.3885500030517578
12017.705000005662,0.17,0.3845500030517578
12035.78999999538,0.162,0.3785500030517578
12051.015000034124,0.156,0.3745500030517578
12067.485000006855,0.152,0.37055000305175784
12085.049999995157,0.146,0.36855000305175784
12101.499999990687,0.144,0.36655000305175783
12117.70000000298,0.144,0.36455000305175783
12134.369999986142,0.148,0.36455000305175783
12152.100000007078,0.154,0.36655000305175783
12168.440000038594,0.162,0.36655000305175783
12184.970000002533,0.17,0.36855000305175784
12201.05500001274,0.182,0.37055000305175784
12218.155000010505,0.196,0.37255000305175784
12234.315000008792,0.206,0.3745500030517578
12251.274999988265,0.214,0.3745500030517578
12267.709999985993,0.224,0.3765500030517578
12285.940000031143,0.228,0.3785500030517578
12301.350000023842,0.23,0.3805500030517578
12319.209999987856,0.23,0.3825500030517578
12335.140000039712,0.228,0.3865500030517578
12351.50500002876,0.224,0.3945500030517578
12367.840000021271,0.218,0.4045500030517578
12384.395000001416,0.212,0.4145500030517578
12401.045000006445,0.206,0.42655000305175783
12418.264999985695,0.196,0.4425500030517578
12435.519999999553,0.188,0.4545500030517578
12451.05000003241,0.184,0.4605500030517578
12467.475000012666,0.182,0.4645500030517578
12484.984999988228,0.182,0.4665500030517578
12501.510000031441,0.182,0.4685500030517578
12535.64000001736,0.18,0.4685500030517578
12551.095000002533,0.176,0.4665500030517578
12569.000000018626,0.168,0.4625500030517578
12584.17500002589,0.156,0.4605500030517578
12601.094999991357,0.148,0.4585500030517578
12617.510000010952,0.14,0.4565500030517578
12634.980000032112,0.132,0.4565500030517578
12652.180000034161,0.128,0.4545500030517578
12667.675000034273,0.126,0.4545500030517578
12684.215000016615,0.124,0.4545500030517578
12701.210000028834,0.126,0.4545500030517578
12717.97500003688,0.128,0.4585500030517578
12734.475000005215,0.13,0.4645500030517578
12751.080000016838,0.13,0.4725500030517578
12768.135000020266,0.13,0.4825500030517578
12784.320000035688,0.128,0.49255000305175783
12801.34499998577,0.124,0.5025500030517578
12817.550000036135,0.116,0.5225500030517578
12834.220000019297,0.106,0.5425500030517578
12851.750000031665,0.1,0.5565500030517578
12868.24500001967,0.094,0.5725500030517578
12885.010000027716,0.09,0.5825500030517579
12902.230000007898,0.09,0.5925500030517579
12917.755000002682,0.094,0.6005500030517578
12934.204999998212,0.1,0.6065500030517578
12951.33000001125,0.11,0.6105500030517578
12967.475000012666,0.126,0.6125500030517578
12984.969999991357,0.138,0.6145500030517578
13001.534999988973,0.154,0.6165500030517578
13017.675000010058,0.164,0.6165500030517578
13034.970000037923,0.174,0.6185500030517578
13052.205000014976,0.184,0.6185500030517578
13068.320000020787,0.188,0.6185500030517578
13084.205000021495,0.192,0.6185500030517578
13101.324999996461,0.194,0.6185500030517578
13135.015000008047,0.192,0.6165500030517578
13151.185000024736,0.19,0.6105500030517578
13167.515000037849,0.186,0.6025500030517578
13184.550000006333,0.182,0.5905500030517579
13201.110000023618,0.178,0.5825500030517579
13217.675000022165,0.174,0.5725500030517578
13234.204999987036,0.172,0.5685500030517578
13251.125000010245,0.17,0.5645500030517578
13301.500000001863,0.172,0.5665500030517578
13318.124999990687,0.18,0.5685500030517578
13334.190000023693,0.186,0.5725500030517578
13351.435000019148,0.196,0.5725500030517578
13367.62000003457,0.21,0.5745500030517579
13383.979999984615,0.222,0.5765500030517579
13401.08500001952,0.23,0.5765500030517579
13418.319999997504,0.236,0.5765500030517579
13434.974999982864,0.24,0.5785500030517579
13452.174999983981,0.242,0.5805500030517579
13468.380000035278,0.242,0.5865500030517579
13485.005000025034,0.242,0.5945500030517578
13501.270000008866,0.238,0.6025500030517578
13518.145000038669,0.234,0.6145500030517578
13534.975000017323,0.23,0.6245500030517578
13551.240000001155,0.226,0.6385500030517578
13567.51999998279,0.226,0.6465500030517578
13585.175000015646,0.226,0.6525500030517578
13601.17999999784,0.226,0.6565500030517578
13652.174999996088,0.222,0.6565500030517578
13667.554999993183,0.216,0.6585500030517578
13685.13500003703,0.208,0.6585500030517578
13702.400000009686,0.194,0.6605500030517578
13718.434999988414,0.184,0.6605500030517578
13735.695000039414,0.17,0.6625500030517578
13751.195000018924,0.162,0.6645500030517578
13767.675000010058,0.154,0.6665500030517578
13784.295000020415,0.15,0.6685500030517578
13801.124999998137,0.148,0.6705500030517578
13818.079999998212,0.15,0.6725500030517578
13834.465000022203,0.152,0.6725500030517578
13851.064999995753,0.156,0.6765500030517578
13868.805000035092,0.162,0.6785500030517578
13884.179999994114,0.168,0.6885500030517578
13902.080000029877,0.172,0.7005500030517579
13917.699999991804,0.172,0.7125500030517579
13934.980000020936,0.17,0.7265500030517578
13951.560000016354,0.164,0.7465500030517578
13967.57999999728,0.158,0.7645500030517578
13985.785000026226,0.15,0.7865500030517578
14001.17000000365,0.146,0.8045500030517578
14017.54500001017,0.142,0.8245500030517579
14035.86000000406,0.144,0.8405500030517579
14051.199999988079,0.148,0.8505500030517578
14067.800000019372,0.154,0.8605500030517578
14085.034999996424,0.166,0.8725500030517578
14101.115000027232,0.18,0.8845500030517578
14118.255000038072,0.196,0.8945500030517578
14134.450000012293,0.208,0.9045500030517578
14151.539999991655,0.222,0.9165500030517578
14167.699999991804,0.238,0.9305500030517578
14184.279999987222,0.254,0.9445500030517578
14201.155000017956,0.268,0.9525500030517579
14217.570000037551,0.28,0.9565500030517579
14235.04500003811,0.296,0.9565500030517579
14252.26500001736,0.31,0.9525500030517579
14267.590000003576,0.318,0.9485500030517579
14284.259999986738,0.328,0.9425500030517578
14301.065000006929,0.33,0.9365500030517578
14317.689999996684,0.33,0.9265500030517578
14335.420000018552,0.324,0.9145500030517578
14352.49499999918,0.316,0.9045500030517578
14368.145000015385,0.302,0.8865500030517578
14384.384999983013,0.288,0.8705500030517578
14402.479999990202,0.27,0.8485500030517578
14417.790000036359,0.258,0.8345500030517579
14434.240000031888,0.246,0.8165500030517578
14451.515000022948,0.24,0.8065500030517578
14467.730000033975,0.236,0.8005500030517578
14484.140000015497,0.234,0.7965500030517578
14501.455000020564,0.236,0.7945500030517578
14518.195000011474,0.244,0.7965500030517578
14534.465000033379,0.252,0.7985500030517578
14551.574999990873,0.266,0.8005500030517578
14567.815000017174,0.28,0.8025500030517578
14584.275000030175,0.296,0.8045500030517578
14601.52500000596,0.306,0.8045500030517578
14617.685000005178,0.318,0.8045500030517578
14634.970000013709,0.324,0.8045500030517578
14651.125000033528,0.326,0.8045500030517578
14684.509999992326,0.322,0.8045500030517578
14701.05500001274,0.318,0.8025500030517578
14717.739999992773,0.308,0.8005500030517578
14735.719999996945,0.3,0.7925500030517578
14751.315000001341,0.29,0.7865500030517578
14767.715000024065,0.278,0.7765500030517578
14784.48999999091,0.268,0.7665500030517578
14801.510000020266,0.256,0.7565500030517578
14817.719999992289,0.252,0.7525500030517578
14834.600000002421,0.248,0.7485500030517578
14851.085000031628,0.246,0.7465500030517578
14884.185000032187,0.25,0.7465500030517578
14901.275000011548,0.254,0.7485500030517578
14917.424999993294,0.262,0.7505500030517578
14934.379999991506,0.276,0.7505500030517578
14951.159999997355,0.298,0.7485500030517578
14967.820000020787,0.318,0.7465500030517578
14984.135000035167,0.346,0.7425500030517578
15002.180000010878,0.372,0.7385500030517578
15018.335000030696,0.388,0.7365500030517578
15034.140000004321,0.402,0.7365500030517578
15051.500000001863,0.41,0.7385500030517578
15067.58000003174,0.416,0.7425500030517578
15084.50500003621,0.422,0.7485500030517578
15101.484999991953,0.424,0.7605500030517578
15117.819999985397,0.424,0.7685500030517578
15134.220000008121,0.424,0.7845500030517578
15151.995000022464,0.424,0.8005500030517578
15167.850000027567,0.426,0.8125500030517578
15184.500000032596,0.426,0.8225500030517578
15201.159999997355,0.428,0.8345500030517579
15217.724999995902,0.43,0.8405500030517579
15234.97500002943,0.43,0.8425500030517579
15268.229999987409,0.426,0.8425500030517579
15284.565000038594,0.416,0.8365500030517579
15301.48500000406,0.408,0.8345500030517579
15317.815000017174,0.394,0.8325500030517579
15335.00500000082,0.384,0.8305500030517579
15351.150000002235,0.372,0.8325500030517579
15368.885000003502,0.364,0.8345500030517579
15384.56999999471,0.358,0.8365500030517579
15401.330000022426,0.356,0.8385500030517579
15435.824999993667,0.36,0.8405500030517579
15451.425000036135,0.366,0.8425500030517579
15467.9100000076,0.374,0.8445500030517578
15484.345000004396,0.382,0.8465500030517578
15501.16500002332,0.392,0.8525500030517578
15517.48999999836,0.4,0.8585500030517578
15534.415000002831,0.406,0.8665500030517578
15551.199999988079,0.408,0.8805500030517578
15568.990000000224,0.406,0.8905500030517578
15584.10500001721,0.4,0.9065500030517578
15601.10999998916,0.396,0.9165500030517578
15617.795000027865,0.392,0.9265500030517578
15634.525000002235,0.392,0.9305500030517578
15651.14000003133,0.396,0.9345500030517578
15667.560000031255,0.404,0.9365500030517578
15685.044999991544,0.418,0.9365500030517578
15702.050000022165,0.436,0.9365500030517578
15717.77500002645,0.454,0.9345500030517578
15734.204999987036,0.478,0.9305500030517578
15751.44000002183,0.494,0.9285500030517578
15767.519999993965,0.51,0.9265500030517578
15783.694999990985,0.52,0.9265500030517578
15801.165000012144,0.528,0.9265500030517578
15817.489999987185,0.532,0.9265500030517578
15835.025000037625,0.534,0.9265500030517578
15867.77499999199,0.532,0.9245500030517578
15884.109999984503,0.528,0.9165500030517578
15901.049999985844,0.524,0.9025500030517578
15918.230000010692,0.514,0.8745500030517578
15934.179999982938,0.508,0.8405500030517579
15951.11999998428,0.506,0.8185500030517578
15967.550000001676,0.504,0.7985500030517578
15985.069999995641,0.502,0.7805500030517578
16002.340000007302,0.5,0.7705500030517578
16017.860000021756,0.5,0.7685500030517578
16034.19999999553,0.498,0.7665500030517578
16051.48500000406,0.498,0.7645500030517578
16101.605000033043,0.496,0.7625500030517578
16118.260000018403,0.49,0.7605500030517578
16134.445000032894,0.482,0.7545500030517578
16151.004999993369,0.474,0.7485500030517578
16167.53999999538,0.466,0.7425500030517578
16185.040000012144,0.46,0.7385500030517578
16201.33000001125,0.458,0.7385500030517578
16217.570000037551,0.456,0.7365500030517578
16251.57500000298,0.458,0.7365500030517578
16268.099999986589,0.46,0.7365500030517578
16284.41999998223,0.462,0.7365500030517578
16301.245000039227,0.468,0.7345500030517578
16317.885000025854,0.48,0.7325500030517578
16334.10999999661,0.5,0.7285500030517578
16351.205000014044,0.52,0.7245500030517578
16367.520000029355,0.542,0.7185500030517578
16384.735000029206,0.566,0.7105500030517579
16401.225000038743,0.586,0.7045500030517579
16417.859999987297,0.594,0.7005500030517579
16434.20000001788,0.602,0.6985500030517579
16451.044999994338,0.602,0.6965500030517578
16467.85499999579,0.604,0.6985500030517579
16484.1550000133,0.604,0.7025500030517579
16501.065000019036,0.604,0.7125500030517579
16518.250000023283,0.606,0.7325500030517578
16534.54500000272,0.612,0.7485500030517578
16551.47000000626,0.62,0.7705500030517578
16567.695000034757,0.626,0.7865500030517578
16584.4350000266,0.634,0.8025500030517578
16601.92500002496,0.638,0.8105500030517578
16617.800000008196,0.64,0.8145500030517578
16634.525000002235,0.64,0.8165500030517578
16651.21500002034,0.638,0.8165500030517578
16667.550000013784,0.636,0.8145500030517578
16685.035000031814,0.632,0.8125500030517578
16701.40500000026,0.626,0.8125500030517578
16717.875000031665,0.618,0.8105500030517578
16734.250000038184,0.606,0.8105500030517578
16751.144999988377,0.596,0.8125500030517578
16767.89000001736,0.586,0.8145500030517578
16784.240000008605,0.58,0.8165500030517578
16801.184999989346,0.576,0.8185500030517578
16817.779999983497,0.574,0.8185500030517578
16867.89500003308,0.576,0.8205500030517578
16884.445000032894,0.578,0.8245500030517579
16901.23499999754,0.584,0.8265500030517579
16917.575000029057,0.588,0.8325500030517579
16934.47500001639,0.596,0.8405500030517579
16951.240000024438,0.6,0.8505500030517578
16967.550000001676,0.604,0.8565500030517578
16985.785000026226,0.606,0.8665500030517578
17001.08000001684,0.606,0.8765500030517578
17017.5349999927,0.604,0.8885500030517578
17034.160000039265,0.598,0.8985500030517578
17051.095000002533,0.594,0.9045500030517578
17067.915000021458,0.59,0.9125500030517578
17084.979999985546,0.588,0.9165500030517578
17101.290000021458,0.586,0.9205500030517578
17117.49999999348,0.588,0.9225500030517578
17134.6900000358,0.598,0.9245500030517578
17151.040000027046,0.614,0.9245500030517578
17167.840000009164,0.628,0.9245500030517578
17184.500000032596,0.652,0.9225500030517578
17201.044999994338,0.67,0.9205500030517578
17217.515000026673,0.692,0.9185500030517578
17234.460000007413,0.71,0.9185500030517578
17251.159999985248,0.718,0.9185500030517578
17267.775000015274,0.724,0.9205500030517578
17284.54000002332,0.728,0.9205500030517578
17317.480000027455,0.728,0.9185500030517578
17334.58000002429,0.726,0.9125500030517578
17351.03000001982,0.722,0.9045500030517578
17368.04000003077,0.718,0.8785500030517578
17384.36500000581,0.716,0.8465500030517578
17401.27500001155,0.716,0.8205500030517578
17417.59000002686,0.716,0.8005500030517578
17434.60999999754,0.718,0.7785500030517578
17451.270000020042,0.718,0.7645500030517578
17467.820000020787,0.718,0.7565500030517578
17484.600000025705,0.718,0.7545500030517578
17501.08000001684,0.716,0.7525500030517578
17517.54500001017,0.712,0.7545500030517578
17535.76500003785,0.706,0.7605500030517578
17551.229999983683,0.7,0.7645500030517578
17567.540000018664,0.694,0.7705500030517578
17584.960000008345,0.684,0.7765500030517578
17601.200000034645,0.672,0.7765500030517578
17617.940000025555,0.666,0.7725500030517578
17634.514999983832,0.658,0.7645500030517578
17651.00499999337,0.654,0.7545500030517578
17667.53999999538,0.65,0.7345500030517578
17684.5300000282,0.646,0.7165500030517579
17701.26499998197,0.644,0.6945500030517578
17717.5099999886,0.642,0.6845500030517578
17734.540000034496,0.642,0.6785500030517578
17751.09000003524,0.642,0.6745500030517578
17767.930000031367,0.642,0.6725500030517578
17784.255000006407,0.642,0.6745500030517578
17801.165000012144,0.646,0.6765500030517578
17817.945000017062,0.654,0.6825500030517578
17834.620000038296,0.666,0.6845500030517578
17851.265000005253,0.688,0.6845500030517578
17867.919999990612,0.714,0.6805500030517578
17884.34500002861,0.736,0.6745500030517578
17901.27999999188,0.754,0.6665500030517578
17917.950000032783,0.776,0.6585500030517578
17934.500000032596,0.794,0.6525500030517578
17951.25500002224,0.802,0.6505500030517578
17967.56499999948,0.806,0.6505500030517578
17984.534999996424,0.81,0.6525500030517578
18001.274999988265,0.81,0.6565500030517578
18017.87500002049,0.808,0.6605500030517578
18034.54500000272,0.806,0.6645500030517578
18051.05000001006,0.8,0.6705500030517578
18067.955000035465,0.792,0.6765500030517578
18084.640000015497,0.786,0.6825500030517578
18101.30999999866,0.774,0.6885500030517578
18117.20500001684,0.764,0.6905500030517578
18134.62000002712,0.754,0.6945500030517578
18151.095000037923,0.746,0.6965500030517578
18167.825000012293,0.74,0.6985500030517579
18184.565000003204,0.738,0.7005500030517579
18217.55500003975,0.744,0.7025500030517579
18234.30000001192,0.75,0.7025500030517579
18251.274999988265,0.764,0.7045500030517579
18267.380000034347,0.774,0.7085500030517579
18284.530000004917,0.79,0.7165500030517579
18301.00999999605,0.802,0.7225500030517578
18317.98500003107,0.814,0.7305500030517578
18334.10500001721,0.824,0.7405500030517578
18351.215000031516,0.828,0.7465500030517578
18367.605000035837,0.83,0.7545500030517578
18384.575000032783,0.83,0.7645500030517578
18401.339999983087,0.83,0.7745500030517578
18417.72999998741,0.83,0.7825500030517578
18434.58500004001,0.83,0.7885500030517578
18451.440000033937,0.834,0.7925500030517578
18467.880000011995,0.838,0.7965500030517578
18484.08500000462,0.846,0.7985500030517578
18501.270000008866,0.854,0.8005500030517578
18517.715000024065,0.862,0.8025500030517578
18534.589999996126,0.874,0.8065500030517578
18551.325000008568,0.882,0.8125500030517578
18567.964999995194,0.886,0.8165500030517578
18584.224999999627,0.888,0.8245500030517579
18601.495000010356,0.89,0.8305500030517579
18617.640000011772,0.888,0.8425500030517579
18634.0750000095,0.886,0.8565500030517578
18651.27999999188,0.884,0.8665500030517578
18667.53000003565,0.88,0.8745500030517578
18684.594999998808,0.876,0.8845500030517578
18701.364999987185,0.874,0.8885500030517578
18717.675000022165,0.874,0.8905500030517578
18734.64999999851,0.872,0.8885500030517578
18767.74000003934,0.87,0.8865500030517578
18784.205000033602,0.87,0.8825500030517578
18801.235000021756,0.868,0.8805500030517578
18817.78500002157,0.866,0.8785500030517578
18834.52999999374,0.862,0.8765500030517578
18851.31500003673,0.858,0.8745500030517578
18867.535000027157,0.852,0.8725500030517578
18884.605000028387,0.842,0.8665500030517578
18901.034999988973,0.83,0.8625500030517578
18917.985000007786,0.816,0.8585500030517578
18934.06000000052,0.8,0.8565500030517578
18951.319999992847,0.794,0.8565500030517578
18967.72000001557,0.79,0.8585500030517578
18984.63500000164,0.788,0.8585500030517578
19001.330000000075,0.79,0.8585500030517578
19017.60000002198,0.792,0.8585500030517578
19034.585000015795,0.796,0.8605500030517578
19051.080000005662,0.8,0.8625500030517578
19067.51999998279,0.806,0.8705500030517578
19084.629999998026,0.81,0.8805500030517578
19101.060000015423,0.812,0.8885500030517578
19117.510000010952,0.812,0.8985500030517578
19134.62000002712,0.808,0.9145500030517578
19151.330000022426,0.8,0.9325500030517578
19167.554999993183,0.798,0.9425500030517578
19184.60500001721,0.794,0.9505500030517579
19201.19500003103,0.794,0.9545500030517579
19217.550000001676,0.796,0.9585500030517579
19234.664999997243,0.8,0.9605500030517579
19251.014999987558,0.806,0.9605500030517579
19267.455000023358,0.818,0.9585500030517579
19284.679999982938,0.832,0.9565500030517579
19301.329999987967,0.852,0.9545500030517579
19317.474999989383,0.868,0.9505500030517579
19334.595000023022,0.89,0.9465500030517578
19351.094999991357,0.906,0.9445500030517578
19367.90000001248,0.916,0.9425500030517578
19384.655000002123,0.924,0.9405500030517578
19400.980000035837,0.928,0.9405500030517578
19417.40999999456,0.93,0.9385500030517578
19467.63000002876,0.928,0.9345500030517578
19484.319999989122,0.928,0.9285500030517578
19501.069999998435,0.928,0.9105500030517578
19518.634999986738,0.926,0.8725500030517578
19534.444999998435,0.924,0.8285500030517579
19550.975000020117,0.924,0.7765500030517578
19568.024999986403,0.924,0.7065500030517579
19583.994999993593,0.926,0.6485500030517578
19601.130000025034,0.926,0.6125500030517578
19617.535000027157,0.926,0.5825500030517579
19634.535000019707,0.922,0.5525500030517578
19651.134999993257,0.916,0.5285500030517578
19668.01500000339,0.91,0.5145500030517578
19684.73500001803,0.906,0.5005500030517578
19700.795000012033,0.904,0.49655000305175784
19718.03500002809,0.902,0.49255000305175783
19734.969999991357,0.9,0.49255000305175783
19751.340000017546,0.9,0.49455000305175784
19767.374999996275,0.9,0.49855000305175784
19784.74000003189,0.898,0.5065500030517578
19801.20500002615,0.896,0.5165500030517578
19817.544999998063,0.892,0.5365500030517578
19833.675000002608,0.888,0.5545500030517578
19851.30500001833,0.884,0.5765500030517579
19867.310000002384,0.882,0.5905500030517579
19884.580000013113,0.878,0.6045500030517578
19901.335000002757,0.876,0.6185500030517578
19918.030000001192,0.874,0.6265500030517578
19934.699999984354,0.872,0.6365500030517578
19951.140000019222,0.87,0.6445500030517578
19967.460000014864,0.868,0.6505500030517578
19983.69999998249,0.868,0.6525500030517578
20001.37499999255,0.868,0.6565500030517578
20017.730000021867,0.866,0.6565500030517578
20067.760000005364,0.866,0.6545500030517578
20084.18499998562,0.864,0.6485500030517578
20101.150000002235,0.86,0.6425500030517578
20117.925000028685,0.856,0.6285500030517578
20134.650000022724,0.85,0.6145500030517578
20151.15500002913,0.844,0.5945500030517578
20168.110000028275,0.838,0.5785500030517579
20186.080000014976,0.832,0.5685500030517578
20202.265000029467,0.826,0.5585500030517578
20219.544999999925,0.824,0.5525500030517578
20236.07500002347,0.82,0.5465500030517578
20252.934999996796,0.82,0.5445500030517578
20269.050000002608,0.82,0.5405500030517578
20284.730000014417,0.82,0.5385500030517578
20336.130000011064,0.818,0.5425500030517578
20352.115000016987,0.814,0.5505500030517578
20368.974999990314,0.81,0.5585500030517578
20385.37999999337,0.806,0.5705500030517578
20402.579999994487,0.796,0.5825500030517579
20419.915000035428,0.784,0.5945500030517578
20435.790000017732,0.776,0.6025500030517578
20452.235000033863,0.766,0.6085500030517578
20469.329999992624,0.762,0.6125500030517578
20485.489999992773,0.758,0.6145500030517578
20518.02000001818,0.756,0.6145500030517578
20534.975000017323,0.758,0.6145500030517578
20552.92500002589,0.758,0.6085500030517578
20568.054999982007,0.758,0.6005500030517578
20586.330000020564,0.756,0.5845500030517579
20602.170000027865,0.756,0.5605500030517578
20618.94000001531,0.754,0.5405500030517578
20635.305000003427,0.752,0.5225500030517578
20651.390000013635,0.75,0.49855000305175784
20669.289999991655,0.746,0.4765500030517578
20684.869999997318,0.742,0.4645500030517578
20702.22999999579,0.74,0.4545500030517578
20718.960000027902,0.74,0.4525500030517578
20736.105000019073,0.74,0.4505500030517578
20751.485000016168,0.74,0.4485500030517578
20768.199999991804,0.742,0.4505500030517578
20786.005000002682,0.746,0.4505500030517578
20801.384999999776,0.754,0.4505500030517578
20819.36500000395,0.768,0.4525500030517578
20835.82000003755,0.782,0.4525500030517578
20852.160000009462,0.804,0.4485500030517578
20868.070000026375,0.818,0.4465500030517578
20885.505000013858,0.834,0.4425500030517578
20902.38500002399,0.842,0.4405500030517578
20919.79000001494,0.848,0.4385500030517578
20968.170000007376,0.844,0.4425500030517578
20986.050000007264,0.84,0.4465500030517578
21002.169999992475,0.834,0.4545500030517578
21018.205000029877,0.828,0.4625500030517578
21035.49000003934,0.82,0.4705500030517578
21051.47499998659,0.814,0.4765500030517578
21069.010000036098,0.81,0.4805500030517578
21084.770000016317,0.81,0.4825500030517578
21102.40000003297,0.812,0.48655000305175783
21119.01500000432,0.818,0.48655000305175783
21136.15999999456,0.826,0.48655000305175783
21151.599999982864,0.834,0.48655000305175783
21169.1050000377,0.844,0.4825500030517578
21185.380000039935,0.852,0.4805500030517578
21201.40500000026,0.862,0.4785500030517578
21219.214999990538,0.87,0.4765500030517578
21235.809999983758,0.876,0.4765500030517578
21251.530000008643,0.878,0.4765500030517578
21268.92000000272,0.88,0.4765500030517578
21285.474999982864,0.88,0.4785500030517578
21302.755000011995,0.882,0.4785500030517578
21334.92500003241,0.884,0.4785500030517578
21352.97499998752,0.886,0.4725500030517578
21368.209999985993,0.888,0.4625500030517578
21386.00500003714,0.89,0.4485500030517578
21401.375000016764,0.892,0.42855000305175783
21418.999999994412,0.896,0.4005500030517578
21435.515000019222,0.9,0.3745500030517578
21451.295000035316,0.9,0.36055000305175783
21468.215000001714,0.9,0.3485500030517578
21485.33500003442,0.9,0.3425500030517578
21501.400000008754,0.898,0.3385500030517578
21518.955000036396,0.896,0.3365500030517578
21536.13500000257,0.888,0.3345500030517578
21551.734999986365,0.882,0.3365500030517578
21569.010000036098,0.868,0.3385500030517578
21585.469999991357,0.856,0.3425500030517578
21602.439999988303,0.848,0.3465500030517578
21617.940000025555,0.842,0.3485500030517578
21634.800000000745,0.84,0.3485500030517578
21652.99000003189,0.838,0.3485500030517578
21669.005000032485,0.838,0.3465500030517578
21685.08000002522,0.836,0.3385500030517578
21702.240000013262,0.834,0.3305500030517578
21718.025000009686,0.832,0.3225500030517578
21734.7700000396,0.83,0.3145500030517578
21752.979999991134,0.826,0.30455000305175783
21768.24000000581,0.818,0.2925500030517578
21785.29500000924,0.812,0.2845500030517578
21801.34000000544,0.804,0.2745500030517578
21818.109999993816,0.8,0.2705500030517578
21836.285000027157,0.798,0.2665500030517578
21851.540000003763,0.798,0.2645500030517578
21868.985000008717,0.802,0.2625500030517578
21885.06000000052,0.81,0.2625500030517578
21901.445000025444,0.826,0.2605500030517578
21919.78500003554,0.842,0.2585500030517578
21935.319999990053,0.854,0.2565500030517578
21953.080000007525,0.866,0.2545500030517578
21968.980000006035,0.874,0.2525500030517578
21986.280000012368,0.88,0.2525500030517578
22001.730000019073,0.884,0.2525500030517578
22019.165000005625,0.884,0.2505500030517578
22034.779999988154,0.882,0.2485500030517578
22052.275000024587,0.878,0.2405500030517578
22068.6100000171,0.87,0.22855000305175782
22085.155000037514,0.862,0.2145500030517578
22102.230000019073,0.854,0.19455000305175782
22118.260000018403,0.848,0.1785500030517578
22135.355000035837,0.844,0.15855000305175782
22152.155000017956,0.84,0.13855000305175783
22168.115000007674,0.836,0.12655000305175781
22185.065000027418,0.832,0.1165500030517578
22201.415000017732,0.826,0.10655000305175781
22219.380000025034,0.818,0.10055000305175782
22236.08000000287,0.808,0.09855000305175782
22251.709999982268,0.798,0.09855000305175782
22268.9900000114,0.782,0.10055000305175782
22286.049999995157,0.762,0.10855000305175781
22301.82500003185,0.748,0.1165500030517578
22319.140000035986,0.73,0.12855000305175782
22335.339999990538,0.722,0.13855000305175783
22351.44500003755,0.714,0.1525500030517578
22369.01000002399,0.71,0.16255000305175782
22384.950000036508,0.712,0.17055000305175783
22401.41500002984,0.714,0.1805500030517578
22418.134999985807,0.718,0.19055000305175782
22435.519999999553,0.726,0.19855000305175782
22451.60500000976,0.73,0.2045500030517578
22468.300000008196,0.734,0.2085500030517578
22485.169999999925,0.736,0.2125500030517578
22501.385000010952,0.734,0.2165500030517578
22519.33500001952,0.728,0.22055000305175781
22535.37500003632,0.722,0.22255000305175782
22552.190000017174,0.712,0.22655000305175782
22567.92500003986,0.702,0.22855000305175782
22585.510000005364,0.692,0.23055000305175782
22601.695000019856,0.684,0.23055000305175782
22619.14500000514,0.676,0.23255000305175783
22635.305000003427,0.672,0.23255000305175783
22651.450000004843,0.67,0.23255000305175783
22669.579999987036,0.668,0.23255000305175783
22701.635000005364,0.67,0.23255000305175783
22718.155000010505,0.672,0.23055000305175782
22736.01500003226,0.674,0.22655000305175782
22751.404999988154,0.676,0.22255000305175782
22768.199999991804,0.678,0.2105500030517578
22785.154999990948,0.678,0.19655000305175782
22803.04000002891,0.678,0.1745500030517578
22818.015000026673,0.678,0.1445500030517578
22835.395000002347,0.676,0.12455000305175781
22851.59500001557,0.674,0.10855000305175781
22869.0700000152,0.67,0.09455000305175781
22885.065000038594,0.666,0.0865500030517578
22901.62000001967,0.664,0.08455000305175782
22919.755000039935,0.66,0.08255000305175782
22934.914999991655,0.656,0.08455000305175782
22952.924999991432,0.648,0.09255000305175781
22967.935000022873,0.64,0.10255000305175781
22985.705000000075,0.632,0.11255000305175782
23001.350000035018,0.626,0.12255000305175781
23019.000000029802,0.616,0.13455000305175782
23036.294999998063,0.61,0.1425500030517578
23051.565000031143,0.606,0.1485500030517578
23069.625000003725,0.604,0.1505500030517578
23119.334999996237,0.604,0.1465500030517578
23134.83500003442,0.604,0.13855000305175783
23152.134999983013,0.602,0.12455000305175781
23168.2900000019,0.598,0.11255000305175782
23186.084999994375,0.592,0.09455000305175781
23201.38500002213,0.586,0.08255000305175782
23218.155000010505,0.578,0.0705500030517578
23235.305000038818,0.574,0.06455000305175781
23251.540000027046,0.568,0.05855000305175781
23267.790000013076,0.562,0.05855000305175781
23286.254999984987,0.558,0.06055000305175781
23301.55999999307,0.554,0.06455000305175781
23318.88000003621,0.548,0.07455000305175781
23335.399999981746,0.542,0.08455000305175782
23351.629999990575,0.538,0.09055000305175781
23369.76500001084,0.534,0.09655000305175782
23385.095000034198,0.53,0.10055000305175782
23402.159999998286,0.526,0.10055000305175782
23417.989999987185,0.52,0.09655000305175782
23434.855000000447,0.514,0.09055000305175781
23452.170000004582,0.508,0.07855000305175781
23468.980000006035,0.502,0.06855000305175782
23485.095000011846,0.494,0.05455000305175781
23501.325000019744,0.488,0.04655000305175781
23519.2000000393,0.48,0.03855000305175781
23534.915000026114,0.476,0.032550003051757814
23551.48500000406,0.472,0.026550003051757812
23568.00000002887,0.468,0.024550003051757814
23584.810000030324,0.468,0.022550003051757812
23601.320000017062,0.466,0.020550003051757814
23651.69500000775,0.468,0.020550003051757814
23667.840000009164,0.474,0.018550003051757812
23684.94000000693,0.482,0.016550003051757814
23701.53500000015,0.496,0.016550003051757814
23719.395000021905,0.514,0.016550003051757814
23735.760000010952,0.53,0.016550003051757814
23751.110000012442,0.546,0.016550003051757814
23769.030000025406,0.568,0.016550003051757814
23786.160000018775,0.588,0.016550003051757814
23801.570000011474,0.6,0.016550003051757814
23818.06000002008,0.616,0.018550003051757812
23834.895000036806,0.626,0.018550003051757812
23852.75500000082,0.636,0.022550003051757812
23868.194999989122,0.642,0.024550003051757814
23886.28500001505,0.648,0.026550003051757812
23901.469999982975,0.65,0.026550003051757812
23918.969999998808,0.65,0.028550003051757814
23935.13500003703,0.65,0.030550003051757812
23951.490000007674,0.65,0.03655000305175781
23969.670000020415,0.648,0.04455000305175781
23984.950000013225,0.648,0.05055000305175781
24001.320000039414,0.65,0.056550003051757815
24018.120000023395,0.654,0.05855000305175781
24034.89000000991,0.664,0.06055000305175781
24051.459999987856,0.674,0.06055000305175781
24068.20000003837,0.692,0.056550003051757815
24085.380000004545,0.71,0.05255000305175781
24101.365000009537,0.734,0.04455000305175781
24119.675000024028,0.758,0.03855000305175781
24134.859999991953,0.774,0.03655000305175781
24151.379999996163,0.788,0.032550003051757814
24168.97500003688,0.804,0.032550003051757814
24184.87500003539,0.816,0.030550003051757812
24202.180000022054,0.822,0.030550003051757812
24218.95000001043,0.826,0.030550003051757812
24235.495000030845,0.828,0.030550003051757812
24268.99499999173,0.83,0.030550003051757812
24301.355000004172,0.828,0.032550003051757814
24319.550000015646,0.828,0.03455000305175781
24334.975000005215,0.826,0.03855000305175781
24351.514999987558,0.824,0.04455000305175781
24367.804999987595,0.822,0.048550003051757815
24384.89500002563,0.82,0.05455000305175781
24401.194999984466,0.82,0.05855000305175781
24418.204999994487,0.82,0.06055000305175781
24436.025000003166,0.822,0.06255000305175781
24451.32500003092,0.826,0.06455000305175781
24469.544999999925,0.834,0.06655000305175782
24484.884999983944,0.84,0.06655000305175782
24503.039999982342,0.852,0.06655000305175782
24518.1699999962,0.864,0.06655000305175782
24534.805000003427,0.874,0.06455000305175781
24551.514999999665,0.886,0.06255000305175781
24568.97999998182,0.894,0.06255000305175781
24586.215000018477,0.902,0.06055000305175781
24602.130000013858,0.906,0.06055000305175781
24618.220000004396,0.91,0.05855000305175781
24635.10499999486,0.912,0.05855000305175781
24652.94000000041,0.914,0.05855000305175781
24668.0899999924,0.916,0.056550003051757815
24702.22500001639,0.916,0.05855000305175781
24718.999999983236,0.914,0.06455000305175781
24734.91500003822,0.914,0.07255000305175781
24751.44999998249,0.916,0.08255000305175782
24768.24499998521,0.918,0.09855000305175782
24785.009999992326,0.92,0.11455000305175782
24801.655000017956,0.922,0.13655000305175782
24817.86000001058,0.928,0.1565500030517578
24836.31500002276,0.932,0.16855000305175782
24851.540000003763,0.938,0.1785500030517578
24868.360000022687,0.944,0.18855000305175781
24884.935000038706,0.95,0.19655000305175782
24901.245000015944,0.954,0.20055000305175782
24918.23000001069,0.956,0.2045500030517578
24935.319999990053,0.958,0.2065500030517578
24951.67000003904,0.96,0.2085500030517578
24967.955000000075,0.96,0.2125500030517578
24984.965000011027,0.958,0.2165500030517578
25002.20500002615,0.954,0.22455000305175782
25018.270000001416,0.948,0.23055000305175782
25035.43500002753,0.94,0.2425500030517578
25051.54499999527,0.932,0.2505500030517578
25069.145000016317,0.924,0.2605500030517578
25084.955000028014,0.916,0.2685500030517578
25101.680000022054,0.908,0.2765500030517578
25117.945000005886,0.904,0.2805500030517578
25134.885000007227,0.902,0.2825500030517578
25150.950000040233,0.902,0.2845500030517578
25168.98000001721,0.904,0.2845500030517578
25186.31499999948,0.908,0.2865500030517578
25201.509999984875,0.914,0.2885500030517578
25219.195000013337,0.922,0.2905500030517578
25234.984999988228,0.93,0.2945500030517578
25252.934999996796,0.94,0.29855000305175783
25268.23500002548,0.95,0.30455000305175783
25284.90999998804,0.954,0.31055000305175784
25301.35999998357,0.958,0.3145500030517578
25318.26000002958,0.962,0.3205500030517578
25336.015000008047,0.966,0.3265500030517578
25351.58499999717,0.968,0.3325500030517578
25368.10500000231,0.968,0.3405500030517578
25384.980000032112,0.968,0.3465500030517578
25401.539999991655,0.964,0.3545500030517578
25419.085000001825,0.962,0.36055000305175783
25435.29500003252,0.956,0.37055000305175784
25452.17499998398,0.95,0.3825500030517578
25468.25500001479,0.948,0.3905500030517578
25484.809999994934,0.944,0.4005500030517578
25501.51999999117,0.942,0.4105500030517578
25519.700000004843,0.94,0.42455000305175783
25535.009999992326,0.94,0.43255000305175784
25552.09000001289,0.942,0.4445500030517578
25568.295000005513,0.946,0.4525500030517578
25584.93499999214,0.952,0.4605500030517578
25601.265000005253,0.956,0.4665500030517578
25618.290000014007,0.962,0.4725500030517578
25635.309999983758,0.966,0.4765500030517578
25651.35000000056,0.97,0.4785500030517578
25669.5250000339,0.972,0.4805500030517578
25702.114999992773,0.972,0.4825500030517578
25751.57500000298,0.97,0.4825500030517578
25768.14500003867,0.968,0.4805500030517578
25784.970000037923,0.966,0.4785500030517578
25802.840000018477,0.962,0.4725500030517578
25818.985000019893,0.956,0.4665500030517578
25835.789999983273,0.95,0.4585500030517578
25852.095000038855,0.942,0.4525500030517578
25868.279999995604,0.938,0.4485500030517578
25884.930000000633,0.932,0.4465500030517578
25901.375000016764,0.926,0.4445500030517578
25919.555000029504,0.922,0.4445500030517578
25934.95500000473,0.92,0.4465500030517578
25952.13500002958,0.918,0.4465500030517578
25968.295000027865,0.918,0.4485500030517578
25984.880000004545,0.918,0.4505500030517578
26001.610000036657,0.918,0.4545500030517578
26018.125000002794,0.918,0.4585500030517578
26034.970000037923,0.92,0.4625500030517578
26051.570000011474,0.922,0.4705500030517578
26068.995000038296,0.926,0.4785500030517578
26085.085000028834,0.932,0.49055000305175783
26101.154999982566,0.936,0.5005500030517578
26118.294999993406,0.942,0.5125500030517578
26134.95500001684,0.948,0.5225500030517578
26151.36000001803,0.954,0.5345500030517578
26169.410000031814,0.962,0.5445500030517578
26184.970000002533,0.966,0.5505500030517578
26201.100000006147,0.97,0.5545500030517578
26218.3100000266,0.974,0.5625500030517578
26234.969999991357,0.976,0.5685500030517578
26252.13500001747,0.976,0.5765500030517579
26268.110000004992,0.976,0.5805500030517579
26285.000000033528,0.976,0.5865500030517579
26301.55500001274,0.974,0.5945500030517578
26317.65500002168,0.972,0.5985500030517578
26334.98500002362,0.97,0.6065500030517578
26351.490000030026,0.968,0.6125500030517578
26368.985000008717,0.964,0.6205500030517578
26385.94499998726,0.96,0.6285500030517578
26402.37999998592,0.958,0.6325500030517578
26419.60500000324,0.956,0.6405500030517578
26434.999999998137,0.956,0.6465500030517578
26451.24500000477,0.958,0.6545500030517578
26468.285000010394,0.958,0.6605500030517578
26485.40000000596,0.96,0.6685500030517578
26501.564999984577,0.962,0.6745500030517578
26518.44000001438,0.964,0.6825500030517578
26535.03000002913,0.966,0.6885500030517578
26551.465000025928,0.966,0.6945500030517578
26567.570000014268,0.966,0.7005500030517579
26585.015000019222,0.966,0.7065500030517579
26601.555000001565,0.964,0.7105500030517579
26619.0650000358,0.964,0.7145500030517579
26636.259999999776,0.964,0.7165500030517579
26651.605000020936,0.964,0.7185500030517578
26668.455000035465,0.964,0.7205500030517578
27052.154999983497,0.964,0.7225500030517578
27068.4299999848,0.964,0.7245500030517578
27085.010000038892,0.964,0.7305500030517578
27101.605000033043,0.964,0.7405500030517578
27118.209999985993,0.964,0.7545500030517578
27135.18500002101,0.966,0.7665500030517578
27151.530000032857,0.964,0.7825500030517578
27168.98499999754,0.964,0.7965500030517578
27186.30500003975,0.962,0.8165500030517578
27201.440000033937,0.96,0.8345500030517579
27218.419999990612,0.956,0.8565500030517578
27235.035000020638,0.954,0.8745500030517578
27251.545000007376,0.952,0.8985500030517578
27267.87999999989,0.95,0.9185500030517578
27285.124999995343,0.95,0.9345500030517578
27301.54499999527,0.952,0.9525500030517579
27318.95500002429,0.952,0.9645500030517579
27335.215000028722,0.954,0.9765500030517578
27351.52500000596,0.956,0.9845500030517578
27368.354999984615,0.958,0.9925500030517578
27385.055000021122,0.958,0.9945500030517578
27401.580000005662,0.96,0.9965500030517578
27452.660000010394,0.958,0.9945500030517578
27469.050000014715,0.956,0.9925500030517578
27484.16500003077,0.954,0.9885500030517578
27501.764999994077,0.95,0.9865500030517578
27518.350000027567,0.944,0.9845500030517578
27535.03500000853,0.936,0.9825500030517578
27551.169999992475,0.928,0.9825500030517578
27568.325000001118,0.918,0.9805500030517578
27584.87500000093,0.91,0.9805500030517578
27601.58499999717,0.896,0.9805500030517578
27618.155000032857,0.884,0.9805500030517578
27635.089999996126,0.872,0.9805500030517578
27651.63000003714,0.86,0.9805500030517578
27668.34500001371,0.85,0.9805500030517578
27685.055000009015,0.836,0.9805500030517578
27701.029999997467,0.826,0.9805500030517578
27718.10500003677,0.81,0.9805500030517578
27735.035000020638,0.796,0.9805500030517578
27751.685000024736,0.784,0.9805500030517578
27768.16000003647,0.768,0.9825500030517578
27784.794999985024,0.756,0.9845500030517578
27801.695000031963,0.744,0.9865500030517578
27817.894999986514,0.734,0.9885500030517578
27835.025000037625,0.732,0.9885500030517578
27850.945000013337,0.73,0.9885500030517578
27884.369999986142,0.732,0.9865500030517578
27901.41500002984,0.734,0.9845500030517578
27918.19500003569,0.738,0.9785500030517578
27935.02999999374,0.742,0.9745500030517578
27951.32500003092,0.746,0.9665500030517579
27969.544999999925,0.752,0.9585500030517579
27985.025000002235,0.754,0.9525500030517579
28001.289999986067,0.756,0.9505500030517579
28018.359999988228,0.756,0.9485500030517579
28067.58000003174,0.756,0.9505500030517579
28085.049999995157,0.752,0.9525500030517579
28101.430000038818,0.748,0.9565500030517579
28117.75000003446,0.744,0.9585500030517579
28135.030000004917,0.734,0.9605500030517579
28151.130000013858,0.726,0.9625500030517579
28168.390000006184,0.714,0.9625500030517579
28185.035000031814,0.7,0.9605500030517579
28202.325000020675,0.69,0.9585500030517579
28217.724999995902,0.68,0.9585500030517579
28235.114999989048,0.672,0.9585500030517579
28251.905000012368,0.662,0.9605500030517579
28268.09999998659,0.658,0.9625500030517579
28285.02000001073,0.652,0.9645500030517579
28301.06000002753,0.652,0.9625500030517579
28318.120000011288,0.65,0.9565500030517579
28335.034999996424,0.65,0.9485500030517579
28341.944999992847,0.65,0.9445500030517578
