0,0.102,0.8945500030517578
16.464999992400408,0.104,0.9005500030517578
33.580000046640635,0.106,0.9025500030517578
49.25999999977648,0.108,0.9025500030517578
66.28000002726912,0.11,0.9025500030517578
83.29500001855195,0.112,0.8985500030517578
99.46500003524125,0.118,0.8825500030517578
116.39999999850988,0.124,0.8645500030517578
132.96000001672655,0.13,0.8405500030517579
149.83000000938773,0.138,0.8085500030517578
166.51500004716218,0.146,0.7785500030517578
183.14500001631677,0.15,0.7625500030517578
199.7100000148639,0.154,0.7525500030517578
216.31000004708767,0.154,0.7505500030517578
233.16000000294298,0.156,0.7485500030517578
249.1900000013411,0.156,0.7545500030517578
266.63500000722706,0.16,0.7605500030517578
282.8650000151247,0.166,0.7685500030517578
299.82000001426786,0.182,0.7765500030517578
316.6550000309944,0.206,0.7805500030517578
333.1650000177324,0.226,0.7805500030517578
349.2600000463426,0.25,0.7785500030517578
366.2250000052154,0.26,0.7805500030517578
383.16000002622604,0.266,0.7845500030517578
399.82500002905726,0.264,0.7905500030517578
416.484999993816,0.254,0.8065500030517578
432.58000002242625,0.242,0.8205500030517578
449.8250000178814,0.224,0.8385500030517579
466.3500000014901,0.208,0.8505500030517578
483.18999999854714,0.192,0.8645500030517578
499.0400000233203,0.184,0.8725500030517578
516.6400000452995,0.182,0.8745500030517578
532.7800000086427,0.182,0.8765500030517578
549.6000000275671,0.188,0.8765500030517578
565.9549999982119,0.2,0.8765500030517578
583.1800000155345,0.214,0.8745500030517578
599.8300000205636,0.232,0.8725500030517578
616.7700000219047,0.248,0.8725500030517578
633.1900000218302,0.264,0.8745500030517578
649.4850000012666,0.278,0.8785500030517578
666.4450000384822,0.284,0.8825500030517578
682.5999999996275,0.29,0.8865500030517578
699.4800000097603,0.294,0.8885500030517578
716.4950000001118,0.298,0.8905500030517578
734.2749999947846,0.3,0.8885500030517578
749.3949999911711,0.304,0.8825500030517578
766.2450000056997,0.308,0.8725500030517578
783.1800000276417,0.316,0.8545500030517578
799.7600000230595,0.322,0.8345500030517579
816.5100000333041,0.326,0.7985500030517578
832.664999993518,0.326,0.7685500030517578
850.0450000278652,0.324,0.7365500030517578
866.3550000051036,0.322,0.7205500030517578
883.2000000402331,0.318,0.7105500030517579
899.6000000033528,0.314,0.7085500030517579
916.2249999931082,0.31,0.7085500030517579
933.1750000119209,0.304,0.7105500030517579
949.7100000148639,0.3,0.7125500030517579
966.360000019893,0.292,0.7125500030517579
982.3750000204891,0.288,0.7125500030517579
1000.88500004448,0.282,0.7125500030517579
1016.6750000203028,0.278,0.7085500030517579
1033.2599999960512,0.272,0.7025500030517579
1049.7300000274554,0.264,0.6885500030517578
1066.4899999964982,0.258,0.6785500030517578
1082.8050000127405,0.254,0.6685500030517578
1099.8649999964982,0.248,0.6625500030517578
1116.515000000596,0.244,0.6565500030517578
1133.1950000021607,0.24,0.6565500030517578
1149.4700000034645,0.234,0.6545500030517578
1166.3549999929965,0.228,0.6565500030517578
1183.1349999988452,0.222,0.6625500030517578
1199.6150000486523,0.218,0.6705500030517578
1216.524999995716,0.216,0.6785500030517578
1232.6200000233948,0.214,0.6845500030517578
1249.8600000394508,0.21,0.6925500030517578
1266.5499999998137,0.208,0.7005500030517579
1283.5400000326335,0.208,0.7025500030517579
1299.7600000230595,0.208,0.7045500030517579
1316.7150000222027,0.206,0.7045500030517579
1333.190000033006,0.202,0.7025500030517579
1349.890000011772,0.198,0.6965500030517578
1366.4950000233948,0.192,0.6845500030517578
1382.5899999933317,0.186,0.6705500030517578
1399.8700000224635,0.178,0.6545500030517578
1416.3450000341982,0.172,0.6465500030517578
1433.0850000251085,0.166,0.6425500030517578
1449.4800000097603,0.16,0.6405500030517578
1466.6300000380725,0.158,0.6425500030517578
1482.6250000037253,0.156,0.6445500030517578
1499.79500001017,0.152,0.6505500030517578
1516.5499999998137,0.148,0.6565500030517578
1533.0950000202283,0.144,0.6605500030517578
1549.8950000032783,0.142,0.6645500030517578
1583.0150000397116,0.14,0.6625500030517578
1599.890000011772,0.14,0.6545500030517578
1616.5550000146031,0.144,0.6385500030517578
1632.675000000745,0.146,0.6245500030517578
1649.7200000444427,0.15,0.6065500030517578
1666.5750000383705,0.156,0.5945500030517578
1683.205000007525,0.16,0.5885500030517579
1699.5650000162423,0.168,0.5845500030517579
1716.3900000154972,0.176,0.5845500030517579
1733.2199999941513,0.194,0.5845500030517579
1749.6549999918789,0.212,0.5825500030517579
1766.6700000409037,0.242,0.5805500030517579
1782.6550000458956,0.266,0.5765500030517579
1799.8950000032783,0.298,0.5725500030517578
1816.3700000140816,0.322,0.5705500030517578
1833.2300000470132,0.342,0.5725500030517578
1849.7900000065565,0.354,0.5765500030517579
1866.5599999949336,0.356,0.5825500030517579
1882.63500004448,0.354,0.5905500030517579
1899.9049999974668,0.348,0.6025500030517578
1916.5500000230968,0.34,0.6165500030517578
1933.2350000031292,0.332,0.6245500030517578
1949.8900000471622,0.322,0.6325500030517578
1966.3650000002235,0.316,0.6365500030517578
1983.255000027828,0.312,0.6385500030517578
2049.8600000273436,0.316,0.6385500030517578
2066.27500004787,0.32,0.6385500030517578
2083.240000006743,0.33,0.6385500030517578
2099.405000044033,0.344,0.6405500030517578
2116.620000043884,0.358,0.6425500030517578
2132.6400000248104,0.38,0.6465500030517578
2149.9100000355393,0.394,0.6505500030517578
2166.580000018701,0.408,0.6565500030517578
2183.255000039935,0.416,0.6605500030517578
2199.890000047162,0.422,0.6705500030517578
2216.524999995716,0.426,0.6785500030517578
2233.260000007227,0.43,0.6885500030517578
2249.9250000100583,0.434,0.6965500030517578
2266.5750000160187,0.438,0.7065500030517579
2282.810000004247,0.44,0.7125500030517579
2300.0050000259653,0.442,0.7185500030517578
2316.2449999935925,0.442,0.7205500030517578
2349.6100000329316,0.44,0.7205500030517578
2366.66500003729,0.436,0.7185500030517578
2382.6000000108033,0.43,0.7165500030517579
2399.930000013672,0.418,0.7085500030517579
2416.3100000005215,0.404,0.7025500030517579
2432.930000009015,0.394,0.7005500030517579
2449.9200000427663,0.386,0.7005500030517579
2466.2850000308827,0.38,0.7045500030517579
2482.99500002712,0.376,0.7085500030517579
2499.475000018254,0.374,0.7165500030517579
2516.334999992512,0.374,0.7225500030517578
2532.4750000145286,0.374,0.7285500030517578
2549.920000018552,0.378,0.7365500030517578
2566.259999992326,0.384,0.7465500030517578
2582.4750000024214,0.39,0.7525500030517578
2599.8100000433624,0.398,0.7605500030517578
2616.3500000257045,0.402,0.7705500030517578
2633.285000046715,0.404,0.7845500030517578
2649.9199999962,0.4,0.7985500030517578
2666.5750000383705,0.392,0.8205500030517578
2682.825000025332,0.386,0.8365500030517579
2699.9300000015646,0.374,0.8565500030517578
2716.234999999404,0.366,0.8685500030517578
2733.27000002563,0.362,0.8805500030517578
2749.295000044629,0.36,0.8845500030517578
2766.330000013113,0.362,0.8845500030517578
2782.5450000232086,0.366,0.8865500030517578
2799.950000014156,0.378,0.8885500030517578
2816.415000008419,0.394,0.8925500030517578
2832.840000046417,0.408,0.8965500030517578
2849.9500000029802,0.426,0.9005500030517578
2866.46000004746,0.436,0.9045500030517578
2883.2800000086427,0.448,0.9065500030517578
2899.3699999991804,0.458,0.9105500030517578
2916.5300000458956,0.462,0.9125500030517578
2932.7899999916553,0.468,0.9125500030517578
2949.985000013374,0.472,0.9105500030517578
2966.6300000380725,0.478,0.9065500030517578
2983.285000023432,0.48,0.9005500030517578
2999.935000028461,0.484,0.8885500030517578
3016.3250000327826,0.484,0.8745500030517578
3033.2800000319257,0.48,0.8525500030517578
3049.770000040531,0.474,0.8365500030517579
3066.6250000353903,0.468,0.8205500030517578
3082.9099999964237,0.464,0.8125500030517578
3100.030000030063,0.46,0.8085500030517578
3116.2999999932945,0.458,0.8065500030517578
3133.170000044629,0.456,0.8045500030517578
3199.9100000243634,0.456,0.8025500030517578
3216.4000000339,0.454,0.7985500030517578
3233.175000000745,0.452,0.7945500030517578
3249.9500000262633,0.448,0.7865500030517578
3266.3550000283867,0.444,0.7805500030517578
3283.285000011325,0.438,0.7765500030517578
3299.8099999967963,0.436,0.7745500030517578
3332.80000003241,0.438,0.7745500030517578
3348.9549999935552,0.45,0.7705500030517578
3366.4250000137836,0.47,0.7665500030517578
3382.4749999903142,0.486,0.7645500030517578
3399.8400000268593,0.512,0.7605500030517578
3416.580000018701,0.532,0.7585500030517578
3433.279999997467,0.554,0.7585500030517578
3449.9700000155717,0.568,0.7585500030517578
3466.5450000315905,0.578,0.7585500030517578
3482.9200000381097,0.582,0.7585500030517578
3500.0050000380725,0.58,0.7645500030517578
3516.2700000219047,0.57,0.7765500030517578
3533.3000000100583,0.558,0.7885500030517578
3549.9650000128895,0.546,0.8045500030517578
3566.195000020787,0.538,0.8165500030517578
3583.3100000154227,0.534,0.8245500030517579
3599.80500000529,0.538,0.8305500030517579
3616.5299999993294,0.552,0.8345500030517579
3632.815000018105,0.564,0.8365500030517579
3649.985000025481,0.582,0.8405500030517579
3666.1450000237674,0.594,0.8445500030517578
3683.3150000311434,0.604,0.8545500030517578
3699.175000015646,0.608,0.8665500030517578
3716.1750000081956,0.606,0.8785500030517578
3732.37000004109,0.602,0.8885500030517578
3750,0.592,0.9005500030517578
3766.6000000312924,0.582,0.9105500030517578
3782.7800000086427,0.574,0.9125500030517578
3799.990000028163,0.564,0.9145500030517578
3816.1600000448525,0.56,0.9145500030517578
3833.325000014156,0.556,0.9145500030517578
3866.6150000058115,0.554,0.9145500030517578
3883.1950000021607,0.556,0.9165500030517578
3900.015000021085,0.558,0.9185500030517578
3916.0700000356883,0.566,0.9225500030517578
3933.170000032522,0.576,0.9265500030517578
3949.4450000338256,0.594,0.9265500030517578
3966.4000000339,0.61,0.9245500030517578
3982.175000011921,0.634,0.9205500030517578
4000.07000000868,0.652,0.9185500030517578
4016.4750000108033,0.672,0.9125500030517578
4032.5200000070035,0.684,0.9045500030517578
4050.0200000237674,0.694,0.8965500030517578
4066.070000000298,0.698,0.8825500030517578
4082.590000005439,0.694,0.8725500030517578
4099.975000018254,0.684,0.8525500030517578
4116.495000023395,0.676,0.8345500030517579
4133.175000024028,0.67,0.8105500030517578
4150.025000038557,0.668,0.7965500030517578
4166.5750000383705,0.668,0.7825500030517578
4182.860000000335,0.672,0.7745500030517578
4200.000000011176,0.674,0.7685500030517578
4216.490000020713,0.676,0.7665500030517578
4233.330000016838,0.678,0.7705500030517578
4249.379999993369,0.674,0.7785500030517578
4266.400000021793,0.668,0.7865500030517578
4282.380000047386,0.662,0.7925500030517578
4299.985000047833,0.65,0.7985500030517578
4316.62500003539,0.64,0.8025500030517578
4333.270000002347,0.632,0.8025500030517578
4349.25000002794,0.626,0.8005500030517578
4366.420000034384,0.624,0.7985500030517578
4382.1699999962,0.622,0.7905500030517578
4399.4950000196695,0.626,0.7805500030517578
4416.590000037104,0.63,0.7705500030517578
4432.795000029728,0.636,0.7565500030517578
4450.070000020787,0.644,0.7365500030517578
4465.740000013262,0.65,0.7165500030517579
4483.135000045411,0.654,0.7045500030517579
4499.100000014529,0.656,0.6945500030517578
4516.31500001438,0.654,0.6885500030517578
4533.3200000450015,0.65,0.6805500030517578
4549.895000003278,0.644,0.6745500030517578
4565.579999994487,0.634,0.6725500030517578
4582.485000019893,0.626,0.6725500030517578
4599.979999998584,0.612,0.6745500030517578
4615.920000011101,0.602,0.6785500030517578
4633.350000018254,0.588,0.6825500030517578
4650.020000000484,0.574,0.6885500030517578
4666.635000029579,0.564,0.6945500030517578
4682.810000026599,0.556,0.6985500030517579
4700.02500002645,0.55,0.7005500030517579
4716.680000011809,0.548,0.7025500030517579
4767.4800000377,0.548,0.7005500030517579
4801.700000010431,0.548,0.6965500030517578
4817.934999998659,0.548,0.6905500030517578
4833.530000003055,0.544,0.6785500030517578
4850.100000038743,0.54,0.6665500030517578
4867.265000008047,0.532,0.6465500030517578
4884.215000026859,0.524,0.6285500030517578
4901.279999990016,0.516,0.6085500030517578
4916.530000045896,0.512,0.5985500030517578
4933.360000023618,0.508,0.5905500030517579
4950.650000013411,0.506,0.5865500030517579
4966.639999998733,0.504,0.5845500030517579
5016.969999996945,0.506,0.5845500030517579
5033.259999996051,0.512,0.5845500030517579
5051.375000039116,0.532,0.5805500030517579
5066.5600000061095,0.55,0.5745500030517579
5083.165000017732,0.568,0.5705500030517578
5100.0800000038,0.592,0.5625500030517578
5118.300000030547,0.614,0.5565500030517578
5134.170000033453,0.628,0.5505500030517578
5151.340000039898,0.638,0.5465500030517578
5167.4850000413135,0.642,0.5445500030517578
5183.365000003949,0.642,0.5465500030517578
5200.445000023581,0.636,0.5525500030517578
5218.325000023469,0.626,0.5665500030517578
5233.55000000447,0.616,0.5825500030517579
5250.225000024773,0.608,0.5945500030517578
5268.215000046417,0.6,0.6065500030517578
5284.380000025965,0.596,0.6125500030517578
5300.604999996722,0.596,0.6165500030517578
5316.794999990612,0.596,0.6185500030517578
5351.200000032783,0.598,0.6185500030517578
5368.215000024065,0.602,0.6165500030517578
5383.495000015944,0.608,0.6145500030517578
5400.055000034161,0.618,0.6145500030517578
5417.190000006929,0.64,0.6185500030517578
5434.135000046343,0.658,0.6205500030517578
5451.355000026524,0.684,0.6245500030517578
5467.44999999553,0.7,0.6285500030517578
5485.075000032783,0.718,0.6285500030517578
5500.635000003502,0.726,0.6285500030517578
5518.16500001587,0.732,0.6305500030517578
5533.274999993853,0.734,0.6305500030517578
5566.660000011325,0.736,0.6305500030517578
5583.964999997988,0.736,0.6225500030517578
5600.060000025667,0.736,0.6085500030517578
5616.719999990426,0.736,0.5905500030517579
5634.835000032559,0.734,0.5665500030517578
5649.965000047348,0.736,0.5505500030517578
5667.33000002522,0.736,0.5365500030517578
5684.285000024363,0.736,0.5325500030517578
5700.645000033081,0.736,0.5305500030517578
5717.410000041127,0.734,0.5305500030517578
5733.395000046119,0.732,0.5305500030517578
5750.425000034273,0.73,0.5325500030517578
5767.950000008568,0.726,0.5325500030517578
5783.259999996051,0.716,0.5325500030517578
5801.269999995828,0.706,0.5305500030517578
5816.680000046268,0.694,0.5265500030517578
5833.340000011027,0.68,0.5245500030517578
5850.6749999932945,0.67,0.5225500030517578
5867.300000041723,0.668,0.5205500030517578
5883.475000038743,0.666,0.5185500030517578
5900.61000001058,0.666,0.5165500030517578
5916.690000041388,0.668,0.5145500030517578
5933.539999997243,0.672,0.5165500030517578
5951.555000035092,0.678,0.5165500030517578
5966.639999998733,0.686,0.5165500030517578
5984.585000026971,0.698,0.5125500030517578
6000.129999999888,0.71,0.5045500030517578
6018.295000015758,0.728,0.49455000305175784
6034.610000031069,0.748,0.4785500030517578
6050.075000034645,0.758,0.4685500030517578
6066.815000027418,0.766,0.4585500030517578
6083.960000017658,0.774,0.4485500030517578
6100.095000000671,0.776,0.4445500030517578
6117.7100000195205,0.778,0.4425500030517578
6135.104999992996,0.778,0.4465500030517578
6150.205000012182,0.778,0.4545500030517578
6167.170000029728,0.78,0.4745500030517578
6183.320000010543,0.784,0.49455000305175784
6200.080000038259,0.79,0.5245500030517578
6217.315000016242,0.798,0.5525500030517578
6234.300000010058,0.804,0.5725500030517578
6250.510000040755,0.812,0.5925500030517579
6267.415000008419,0.816,0.6045500030517578
6283.480000041425,0.82,0.6145500030517578
6300.235000031069,0.822,0.6185500030517578
6318.450000019744,0.822,0.6225500030517578
6351.3150000358,0.822,0.6245500030517578
6367.525000007823,0.816,0.6285500030517578
6383.315000042319,0.808,0.6325500030517578
6400.640000006184,0.796,0.6385500030517578
6416.750000032596,0.778,0.6465500030517578
6434.660000028089,0.754,0.6525500030517578
6450.620000017807,0.736,0.6565500030517578
6466.615000041202,0.722,0.6605500030517578
6483.375000010245,0.706,0.6665500030517578
6501.535000046715,0.698,0.6705500030517578
6517.425000026822,0.696,0.6745500030517578
6533.285000011325,0.698,0.6765500030517578
6550.125000008382,0.704,0.6785500030517578
6567.674999997951,0.718,0.6805500030517578
6584.774999994785,0.736,0.6805500030517578
6600.36999999918,0.746,0.6825500030517578
6617.040000040084,0.758,0.6845500030517578
6634.279999997467,0.766,0.6905500030517578
6650.820000038482,0.768,0.6985500030517579
6666.71499999892,0.766,0.7065500030517579
6683.615000044927,0.754,0.7225500030517578
6700.10499999579,0.744,0.7345500030517578
6717.1400000220165,0.73,0.7505500030517578
6733.385000027716,0.722,0.7605500030517578
6750.655000039376,0.72,0.7685500030517578
6766.570000035688,0.722,0.7725500030517578
6784.255000005476,0.734,0.7765500030517578
6801.410000014119,0.748,0.7785500030517578
6817.4850000068545,0.76,0.7805500030517578
6833.2050000317395,0.77,0.7885500030517578
6850.330000044778,0.776,0.7965500030517578
6867.4050000254065,0.776,0.8125500030517578
6884.285000035539,0.774,0.8285500030517579
6900.645000044256,0.77,0.8485500030517578
6916.900000010617,0.768,0.8625500030517578
6934.8000000454485,0.766,0.8765500030517578
6950.180000042543,0.766,0.8805500030517578
6967.464999994263,0.772,0.8865500030517578
6984.510000037961,0.78,0.8885500030517578
7000.0900000445545,0.788,0.8885500030517578
7016.620000008494,0.796,0.8885500030517578
7033.365000039339,0.812,0.8825500030517578
7051.305000029504,0.826,0.8725500030517578
7066.790000011213,0.838,0.8645500030517578
7084.460000041872,0.85,0.8545500030517578
7100.470000004396,0.856,0.8505500030517578
7117.570000002161,0.862,0.8485500030517578
7134.605000028387,0.864,0.8465500030517578
7150.11000004597,0.866,0.8445500030517578
7166.750000032596,0.864,0.8425500030517579
7184.305000001565,0.86,0.8385500030517579
7200.784999992698,0.854,0.8325500030517579
7217.235000046901,0.848,0.8225500030517578
7233.615000033751,0.84,0.8045500030517578
7250.180000031367,0.834,0.7885500030517578
7267.445000004023,0.826,0.7705500030517578
7284.610000031069,0.818,0.7565500030517578
7301.0450000287965,0.814,0.7485500030517578
7316.420000046492,0.812,0.7425500030517578
7334.280000009574,0.81,0.7345500030517578
7350.710000026971,0.81,0.7305500030517578
7367.435000021011,0.814,0.7285500030517578
7384.340000047348,0.822,0.7265500030517578
7400.179999995977,0.834,0.7225500030517578
7418.140000022948,0.852,0.7205500030517578
7433.380000001751,0.866,0.7165500030517579
7450.190000003204,0.886,0.7145500030517579
7467.455000033602,0.9,0.7145500030517579
7484.274999994785,0.906,0.7145500030517579
7500.5900000100955,0.908,0.7165500030517579
7517.359999997541,0.906,0.7285500030517578
7534.710000036284,0.898,0.7445500030517578
7551.4450000477955,0.89,0.7585500030517578
7567.290000034496,0.882,0.7765500030517578
7584.175000024959,0.88,0.7885500030517578
7600.154999991879,0.878,0.8005500030517578
7616.930000018328,0.882,0.8085500030517578
7633.620000036433,0.888,0.8125500030517578
7650.635000026785,0.894,0.8125500030517578
7666.8050000444055,0.904,0.8105500030517578
7685.010000014678,0.914,0.8085500030517578
7700.140000029467,0.918,0.8065500030517578
7717.059999994934,0.92,0.8065500030517578
7751.050000020303,0.918,0.8045500030517578
7766.8100000005215,0.916,0.8005500030517578
7783.445000007749,0.914,0.7945500030517578
7800.1600000420585,0.912,0.7845500030517578
7818.250000011176,0.91,0.7645500030517578
7833.4599999934435,0.908,0.7385500030517578
7850.145000033081,0.906,0.7005500030517579
7866.910000040196,0.908,0.6785500030517578
7884.230000024661,0.91,0.6585500030517578
7900.569999997504,0.91,0.6525500030517578
7917.360000020824,0.912,0.6465500030517578
7934.355000033975,0.91,0.6445500030517578
7950.2550000324845,0.908,0.6425500030517578
7968.205000041053,0.9,0.6445500030517578
7984.10000000149,0.894,0.6465500030517578
8001.6700000260025,0.882,0.6525500030517578
8016.815000038594,0.872,0.6545500030517578
8033.490000001155,0.856,0.6605500030517578
8050.015000043437,0.846,0.6625500030517578
8066.794999990612,0.838,0.6645500030517578
8084.665000030771,0.834,0.6665500030517578
8117.245000029914,0.836,0.6645500030517578
8133.510000013746,0.842,0.6585500030517578
8150.19000001438,0.85,0.6505500030517578
8168.195000033826,0.856,0.6425500030517578
8183.270000036806,0.868,0.6285500030517578
8200.465000001714,0.876,0.6165500030517578
8217.22500002943,0.886,0.5965500030517578
8232.980000029318,0.89,0.5805500030517579
8250.650000001304,0.892,0.5605500030517578
8266.805000020191,0.892,0.5505500030517578
8283.425000030547,0.894,0.5445500030517578
8299.935000017285,0.892,0.5405500030517578
8317.429999995045,0.892,0.5425500030517578
8334.700000006706,0.892,0.5445500030517578
8349.955000041053,0.894,0.5485500030517578
8367.440000001341,0.898,0.5545500030517578
8384.42000001669,0.904,0.5585500030517578
8400.290000019595,0.916,0.5645500030517578
8417.430000029504,0.93,0.5685500030517578
8433.495000004768,0.942,0.5705500030517578
8450.200000020675,0.95,0.5725500030517578
8466.850000025705,0.956,0.5725500030517578
8484.945000031963,0.96,0.5725500030517578
8500.195000029169,0.958,0.5725500030517578
8517.095000017434,0.954,0.5705500030517578
8534.520000044256,0.952,0.5685500030517578
8551.55000003241,0.948,0.5605500030517578
8566.615000016987,0.944,0.5525500030517578
8583.290000038221,0.94,0.5305500030517578
8600.310000007972,0.938,0.5105500030517578
8618.230000020936,0.938,0.4805500030517578
8633.155000045896,0.938,0.4565500030517578
8651.654999993742,0.938,0.4465500030517578
8667.365000000224,0.936,0.4385500030517578
8684.315000019968,0.934,0.43455000305175784
8701.560000015423,0.93,0.43255000305175784
8717.72499999404,0.926,0.43055000305175783
8734.410000033677,0.918,0.43055000305175783
8750.575000012293,0.906,0.43255000305175784
8766.99999999255,0.896,0.43655000305175784
8783.504999998957,0.882,0.4385500030517578
8801.535000034608,0.866,0.4425500030517578
8816.930000029504,0.854,0.4425500030517578
8833.515000005253,0.848,0.4425500030517578
8850.265000015497,0.844,0.4425500030517578
8866.86500004679,0.84,0.4385500030517578
8884.21000004746,0.838,0.43255000305175784
8900.179999995977,0.838,0.42655000305175783
8916.629999991506,0.838,0.4205500030517578
8933.454999990761,0.838,0.4165500030517578
8951.520000001416,0.838,0.4125500030517578
8983.810000004247,0.834,0.4145500030517578
9000.174999993294,0.83,0.4225500030517578
9018.139999999665,0.822,0.43655000305175784
9033.670000033453,0.816,0.4465500030517578
9050.589999997988,0.81,0.4625500030517578
9067.380000021309,0.808,0.4745500030517578
9084.239999996498,0.808,0.4805500030517578
9100.720000045374,0.81,0.48655000305175783
9117.330000037327,0.814,0.48855000305175783
9134.225000044331,0.82,0.49055000305175783
9150.430000036955,0.824,0.48855000305175783
9166.930000006221,0.834,0.48855000305175783
9183.550000015646,0.84,0.48855000305175783
9200.23000001628,0.846,0.48855000305175783
9216.585000045598,0.85,0.49055000305175783
9233.97000000067,0.852,0.49255000305175783
9250.044999992475,0.852,0.49655000305175784
9266.905000025406,0.85,0.5005500030517578
9284.21000001207,0.846,0.5065500030517578
9301.450000027195,0.842,0.5105500030517578
9317.080000007525,0.838,0.5165500030517578
9334.415000047535,0.832,0.5205500030517578
9350.120000016876,0.83,0.5225500030517578
9366.880000044592,0.828,0.5245500030517578
9384.360000025481,0.826,0.5245500030517578
9466.735000023618,0.826,0.5225500030517578
9484.345000004396,0.824,0.5225500030517578
9600.77000001818,0.822,0.5205500030517578
9617.14500002563,0.818,0.5125500030517578
9634.454999991693,0.812,0.5025500030517578
9650.305000016466,0.806,0.49055000305175783
9666.889999993145,0.798,0.4725500030517578
9684.249999990687,0.794,0.4565500030517578
9700.29500004556,0.792,0.4485500030517578
9716.68000001181,0.79,0.4425500030517578
9733.530000026338,0.79,0.4385500030517578
9750.090000044554,0.79,0.43655000305175784
9766.895000007004,0.788,0.43455000305175784
9884.725000010803,0.79,0.43055000305175783
9900.220000009984,0.79,0.42655000305175783
9917.424999991432,0.79,0.4145500030517578
9934.690000023693,0.79,0.3985500030517578
9950.260000011884,0.792,0.3865500030517578
9968.305000045337,0.796,0.36455000305175783
9983.570000039414,0.8,0.3485500030517578
10001.390000048093,0.804,0.3325500030517578
10016.780000004917,0.806,0.3265500030517578
10033.985000045039,0.808,0.3205500030517578
10050.244999990799,0.808,0.3185500030517578
10067.190000030212,0.806,0.3185500030517578
10084.680000028573,0.806,0.3165500030517578
10100.180000008084,0.808,0.3165500030517578
10133.81500000786,0.81,0.3165500030517578
10150.26000002399,0.812,0.3165500030517578
10200.065000040457,0.81,0.3165500030517578
10216.225000039674,0.802,0.3165500030517578
10234.185000007972,0.792,0.3185500030517578
10250.170000012964,0.774,0.3225500030517578
10266.4450000152,0.758,0.3285500030517578
10283.570000028238,0.738,0.3325500030517578
10300.165000021458,0.722,0.3385500030517578
10316.920000011101,0.712,0.3405500030517578
10334.39999999199,0.702,0.3425500030517578
10350.29000003077,0.698,0.3425500030517578
10367.36999999173,0.696,0.3425500030517578
10416.670000005513,0.698,0.3425500030517578
10434.230000013486,0.698,0.3465500030517578
10450.17500000447,0.698,0.3525500030517578
10466.89999999851,0.698,0.36255000305175783
10483.715000038035,0.694,0.3765500030517578
10500.210000026971,0.688,0.3905500030517578
10516.78500004299,0.682,0.4105500030517578
10534.225000009872,0.68,0.4225500030517578
10550.180000020191,0.678,0.43055000305175783
10566.730000020005,0.678,0.43455000305175784
10600.429999990389,0.68,0.43455000305175784
10617.205000016838,0.684,0.43255000305175784
10633.384999993257,0.69,0.42655000305175783
10651.175000006333,0.698,0.4225500030517578
10667.090000001714,0.706,0.4165500030517578
10683.525000000373,0.722,0.4125500030517578
10700.190000003204,0.734,0.4105500030517578
10717.65000000596,0.744,0.4125500030517578
10734.120000036433,0.748,0.4125500030517578
10750.159999995492,0.748,0.4145500030517578
10766.8650000114,0.746,0.4165500030517578
10783.370000018738,0.742,0.4225500030517578
10801.500000000931,0.738,0.42455000305175783
10816.90999999363,0.736,0.42855000305175783
10834.205000020564,0.73,0.43255000305175784
10850.15000001248,0.726,0.43655000305175784
10866.955000033602,0.72,0.4405500030517578
10883.655000012368,0.714,0.4485500030517578
10900.315000034869,0.71,0.4525500030517578
10917.279999993742,0.704,0.4605500030517578
10934.520000008866,0.7,0.4665500030517578
10950.09500003606,0.696,0.4725500030517578
10966.615000041202,0.694,0.4765500030517578
10983.535000005737,0.69,0.4785500030517578
11000.235000042245,0.686,0.4765500030517578
11017.310000024736,0.682,0.4745500030517578
11033.880000002682,0.678,0.4725500030517578
11051.375000039116,0.674,0.4725500030517578
11067.515000002459,0.67,0.4705500030517578
11083.540000021458,0.666,0.4705500030517578
11100.254999997094,0.658,0.4685500030517578
11116.895000042394,0.652,0.4685500030517578
11133.960000006482,0.642,0.4665500030517578
11150.245000025257,0.634,0.4665500030517578
11166.825000021607,0.624,0.4705500030517578
11184.215000014752,0.616,0.4745500030517578
11200.490000016987,0.612,0.4765500030517578
11217.230000008829,0.606,0.4825500030517578
11233.724999997765,0.602,0.48655000305175783
11250.295000033453,0.596,0.49055000305175783
11266.709999995306,0.594,0.49255000305175783
11283.630000019446,0.592,0.49455000305175784
11300.325000017881,0.59,0.49455000305175784
11317.020000016317,0.588,0.49255000305175783
11334.135000010952,0.586,0.48655000305175783
11350.245000037365,0.582,0.4765500030517578
11366.845000010915,0.576,0.4625500030517578
11383.560000045225,0.566,0.4405500030517578
11400.170000037178,0.56,0.4185500030517578
11416.974999999627,0.556,0.4045500030517578
11433.65500000026,0.552,0.3905500030517578
11450.29500004556,0.552,0.3845500030517578
11466.89500001911,0.55,0.3785500030517578
11483.47999999486,0.55,0.3765500030517578
11500.27000001818,0.55,0.3745500030517578
11516.555000037886,0.552,0.3745500030517578
11533.600000023842,0.558,0.3745500030517578
11550.270000007004,0.57,0.3745500030517578
11567.480000026524,0.58,0.3745500030517578
11582.970000046305,0.592,0.3745500030517578
11600.29000003077,0.606,0.3745500030517578
11617.194999998435,0.616,0.37255000305175784
11633.755000016652,0.622,0.37255000305175784
11650.245000025257,0.626,0.3745500030517578
11666.885000012815,0.626,0.3785500030517578
11683.58000001125,0.624,0.3845500030517578
11700.190000003204,0.62,0.3925500030517578
11716.67500003241,0.612,0.4045500030517578
11733.995000015944,0.604,0.4145500030517578
11750.195000029169,0.598,0.4225500030517578
11766.860000032,0.596,0.42655000305175783
11784.13500002306,0.598,0.42855000305175783
11800.195000017062,0.604,0.43055000305175783
11817.414999997243,0.61,0.43055000305175783
11833.444999996573,0.622,0.42655000305175783
11850.335000024177,0.63,0.4225500030517578
11867.375000029802,0.636,0.4185500030517578
11884.095000044443,0.638,0.4165500030517578
11900.26500000339,0.64,0.4165500030517578
11933.57500003092,0.642,0.4165500030517578
11982.905000040308,0.642,0.4125500030517578
12000.434999994002,0.642,0.4045500030517578
12016.875000029802,0.644,0.3905500030517578
12033.685000030324,0.644,0.3745500030517578
12050.290000041947,0.648,0.3505500030517578
12066.77000003308,0.65,0.3305500030517578
12083.600000012666,0.654,0.31055000305175784
12100.335000024177,0.654,0.30255000305175783
12116.964999993332,0.652,0.29855000305175783
12133.430000044405,0.648,0.2965500030517578
12150.309999996796,0.644,0.29855000305175783
12166.629999991506,0.638,0.30255000305175783
12183.605000026524,0.628,0.30655000305175784
12201.425000035204,0.616,0.3165500030517578
12216.870000002906,0.604,0.3245500030517578
12233.62000001315,0.592,0.3345500030517578
12250.28999999538,0.588,0.3385500030517578
12266.990000031888,0.582,0.3405500030517578
12284.075000031851,0.58,0.3385500030517578
12300.31000002008,0.58,0.3325500030517578
12316.90500001423,0.58,0.3265500030517578
12333.580000034533,0.58,0.3145500030517578
12350.245000037365,0.58,0.30055000305175783
12366.555000014603,0.58,0.2925500030517578
12383.585000002757,0.58,0.2825500030517578
12400.309999996796,0.582,0.2785500030517578
12416.950000042096,0.584,0.2725500030517578
12433.50000004284,0.588,0.2685500030517578
12450.325000041164,0.596,0.2665500030517578
12466.89999999851,0.604,0.2625500030517578
12483.655000046827,0.622,0.2585500030517578
12500.235000042245,0.644,0.2505500030517578
12516.6600000225,0.66,0.2445500030517578
12533.615000021644,0.68,0.2385500030517578
12550.370000011288,0.69,0.2345500030517578
12567.585000011139,0.7,0.23055000305175782
12583.465000031516,0.704,0.23255000305175783
12600.284999992698,0.702,0.2345500030517578
12617.02000000514,0.698,0.2425500030517578
12634.335000009276,0.692,0.2525500030517578
12650.005000002682,0.684,0.2645500030517578
12667.000000014901,0.68,0.2745500030517578
12684.265000047162,0.676,0.2825500030517578
12700.425000045449,0.676,0.2865500030517578
12717.560000019148,0.678,0.2885500030517578
12733.42000000365,0.688,0.2865500030517578
12750.350000045262,0.696,0.2845500030517578
12766.79500000272,0.706,0.2825500030517578
12783.610000042245,0.718,0.2805500030517578
12800.280000024475,0.73,0.2805500030517578
12817.005000018515,0.736,0.2805500030517578
12833.635000046343,0.742,0.2825500030517578
12850.395000015385,0.744,0.2865500030517578
12867.904999991879,0.744,0.2905500030517578
12883.46500002034,0.744,0.2965500030517578
12900.309999996796,0.744,0.30055000305175783
12916.925000026822,0.744,0.30455000305175783
12933.620000025257,0.744,0.30655000305175784
12950.5800000038,0.748,0.30655000305175784
12967.0200000396,0.754,0.30455000305175783
12984.24499999918,0.762,0.29855000305175783
13000.285000015981,0.77,0.2905500030517578
13017.095000017434,0.782,0.2765500030517578
13033.730000024661,0.792,0.2625500030517578
13050.275000045076,0.808,0.2465500030517578
13066.790000011213,0.816,0.2365500030517578
13083.540000021458,0.824,0.23055000305175782
13101.224999990314,0.828,0.22655000305175782
13133.490000035614,0.826,0.22855000305175782
13150.245000025257,0.824,0.22855000305175782
13167.000000014901,0.822,0.23055000305175782
13184.53000002727,0.818,0.23055000305175782
13200.310000043362,0.808,0.22855000305175782
13216.730000043288,0.798,0.22455000305175782
13233.615000033751,0.784,0.2185500030517578
13250.745000026189,0.774,0.2125500030517578
13267.0600000415,0.764,0.2065500030517578
13283.645000017248,0.76,0.2025500030517578
13300.320000037551,0.758,0.20055000305175782
13317.819999996573,0.76,0.19655000305175782
13333.70499999635,0.764,0.19455000305175782
13351.17999999784,0.774,0.19255000305175782
13366.695000032894,0.784,0.19055000305175782
13383.710000023246,0.802,0.18855000305175781
13400.33000003267,0.818,0.1865500030517578
13416.950000042096,0.838,0.1825500030517578
13433.50500002224,0.858,0.1785500030517578
13450.364999996498,0.872,0.1785500030517578
13467.059999994934,0.884,0.1785500030517578
13483.685000042431,0.89,0.1805500030517578
13501.135000027716,0.896,0.1865500030517578
13516.72499999404,0.9,0.19255000305175782
13533.560000009835,0.9,0.2065500030517578
13550.290000041947,0.9,0.2165500030517578
13566.885000036098,0.896,0.23255000305175783
13584.220000018366,0.888,0.2485500030517578
13600.29000003077,0.882,0.2605500030517578
13617.055000038818,0.872,0.2745500030517578
13633.755000016652,0.864,0.2825500030517578
13650.355000048876,0.856,0.2905500030517578
13666.800000006333,0.85,0.2945500030517578
13683.72500000894,0.846,0.29855000305175783
13700.394999992102,0.846,0.30055000305175783
13717.035000037402,0.844,0.30055000305175783
13733.570000039414,0.846,0.30255000305175783
13750.400000018999,0.846,0.30455000305175783
13766.330000013113,0.85,0.30655000305175784
13783.730000024661,0.856,0.31055000305175784
13800.38500000909,0.864,0.3125500030517578
13817.039999993518,0.87,0.3165500030517578
13833.600000012666,0.878,0.3205500030517578
13850.345000041649,0.882,0.3265500030517578
13867.070000035688,0.886,0.3365500030517578
13883.720000041649,0.884,0.3445500030517578
13900.33500001207,0.882,0.3565500030517578
13917.75500000175,0.88,0.36655000305175783
13933.595000009052,0.878,0.37255000305175784
13949.88500000909,0.878,0.3785500030517578
13967.050000035204,0.88,0.3825500030517578
13982.820000033826,0.886,0.3845500030517578
14000.54999999702,0.896,0.3845500030517578
14016.945000039414,0.908,0.3825500030517578
14034.270000003278,0.916,0.3805500030517578
14050.065000017174,0.926,0.3765500030517578
14066.725000040606,0.934,0.3745500030517578
14083.730000012554,0.938,0.3745500030517578
14100.29000003077,0.94,0.3745500030517578
14166.565000020899,0.94,0.37255000305175784
14182.980000041425,0.94,0.36655000305175783
14200.375000014901,0.94,0.3485500030517578
14216.845000045374,0.938,0.3325500030517578
14233.700000040233,0.938,0.31055000305175784
14250.27000001818,0.938,0.2965500030517578
14267.07000000123,0.938,0.2865500030517578
14283.610000042245,0.938,0.2805500030517578
14300.025000004098,0.938,0.2785500030517578
14316.9000000339,0.938,0.2765500030517578
14333.97500001546,0.938,0.2745500030517578
14350.42000003159,0.934,0.2745500030517578
14366.810000035912,0.93,0.2765500030517578
14383.73500003852,0.922,0.2825500030517578
14400.5350000225,0.914,0.2885500030517578
14416.965000039898,0.906,0.2945500030517578
14433.610000006855,0.898,0.30055000305175783
14450.364999996498,0.896,0.30055000305175783
14500.189999991097,0.9,0.2965500030517578
14516.65500004217,0.904,0.2905500030517578
14533.694999990985,0.91,0.2785500030517578
14550.285000003874,0.914,0.2665500030517578
14567.17500003241,0.916,0.2485500030517578
14582.715000025928,0.92,0.2345500030517578
14601.140000041574,0.922,0.22055000305175781
14616.645000001416,0.924,0.2105500030517578
14633.765000034124,0.926,0.2045500030517578
14650.445000035688,0.926,0.20055000305175782
14666.874999994412,0.926,0.19855000305175782
14733.385000027716,0.93,0.2025500030517578
14749.79000003077,0.934,0.2065500030517578
14767.550000047311,0.94,0.2125500030517578
14783.65500003472,0.944,0.2165500030517578
14800.719999998808,0.95,0.22055000305175781
14817.145000036806,0.954,0.22255000305175782
14834.960000006482,0.956,0.22455000305175782
14850.725000025705,0.958,0.22455000305175782
14885.19000000041,0.958,0.22255000305175782
14900.685000000522,0.958,0.2185500030517578
14918.215000011958,0.958,0.2065500030517578
14934.445000020787,0.956,0.19255000305175782
14951.355000026524,0.958,0.1725500030517578
14968.695000046864,0.958,0.1525500030517578
14984.610000042245,0.958,0.1425500030517578
15001.98500003852,0.958,0.13855000305175783
15017.575000004843,0.958,0.13455000305175782
15034.325000014156,0.956,0.13255000305175782
15067.350000025705,0.956,0.13055000305175782
15083.795000041835,0.954,0.13055000305175782
15101.330000033602,0.952,0.13055000305175782
15117.925000026822,0.948,0.13255000305175782
15134.380000002682,0.942,0.13455000305175782
15151.790000032634,0.932,0.13655000305175782
15168.235000047833,0.926,0.13855000305175783
15183.684999995865,0.916,0.1405500030517578
15200.754999997094,0.91,0.1405500030517578
15217.590000014752,0.906,0.1425500030517578
15267.445000004023,0.906,0.1405500030517578
15284.510000025854,0.908,0.13655000305175782
15301.495000021532,0.91,0.12655000305175781
15316.98000000231,0.914,0.11855000305175781
15335.27999999933,0.916,0.10455000305175781
15350.715000007302,0.916,0.09255000305175781
15367.685000004247,0.918,0.07855000305175781
15385.160000004806,0.918,0.0705500030517578
15401.400000031106,0.918,0.06655000305175782
15416.880000032485,0.916,0.06455000305175781
15434.995000017807,0.916,0.06255000305175781
15450.799999991432,0.914,0.06255000305175781
15467.145000001416,0.91,0.06455000305175781
15483.709999999963,0.904,0.06455000305175781
15501.745000015944,0.896,0.06655000305175782
15518.485000006855,0.884,0.06855000305175782
15534.295000018552,0.87,0.0705500030517578
15551.299999991432,0.852,0.07255000305175781
15568.599999997765,0.834,0.07455000305175781
15584.995000040159,0.824,0.07255000305175781
15600.62500002049,0.816,0.0705500030517578
15617.09499999322,0.804,0.06855000305175782
15634.220000006258,0.792,0.06455000305175781
15650.905000045896,0.784,0.06455000305175781
15667.315000027418,0.774,0.06255000305175781
15683.940000016242,0.77,0.06255000305175781
15700.475000019185,0.766,0.06455000305175781
15733.805000024848,0.764,0.06855000305175782
15750.115000002086,0.766,0.07455000305175781
15768.139999999665,0.772,0.08055000305175782
15784.184999996796,0.78,0.08855000305175781
15800.780000047758,0.79,0.09455000305175781
15817.210000008345,0.802,0.10055000305175782
15834.580000024289,0.81,0.10455000305175781
15851.59999999404,0.814,0.10855000305175781
15868.145000014454,0.816,0.11055000305175781
15884.424999996088,0.816,0.11255000305175782
15900.80500004068,0.814,0.11455000305175782
15917.470000043511,0.812,0.11455000305175782
15967.72499999404,0.81,0.11455000305175782
15984.285000013188,0.808,0.1165500030517578
16001.295000023209,0.798,0.11855000305175781
16018.299999995157,0.788,0.12255000305175781
16033.705000008456,0.772,0.13255000305175782
16050.80000002589,0.758,0.1405500030517578
16067.169999994338,0.74,0.1505500030517578
16083.740000030026,0.728,0.15855000305175782
16101.955000019632,0.722,0.16055000305175782
16117.120000009425,0.718,0.16255000305175782
16133.789999991655,0.718,0.16455000305175782
16167.390000016429,0.72,0.16455000305175782
16250.790000019595,0.718,0.16255000305175782
16267.080000018701,0.712,0.1565500030517578
16283.710000046529,0.706,0.1505500030517578
16300.314999999478,0.698,0.1405500030517578
16317.160000034608,0.688,0.12655000305175781
16333.725000033155,0.68,0.11855000305175781
16351.005000003614,0.674,0.11255000305175782
16367.469999996945,0.672,0.10855000305175781
16400.66000004299,0.672,0.10655000305175781
16450.70500002429,0.67,0.10855000305175781
16466.95000003092,0.668,0.11255000305175782
16484.16500003077,0.662,0.12255000305175781
16500.500000023283,0.656,0.13055000305175782
16517.07000000123,0.648,0.1425500030517578
16533.72500004433,0.638,0.1565500030517578
16550.73499999661,0.632,0.16455000305175782
16567.17500003241,0.63,0.16855000305175782
16583.70000001695,0.628,0.17055000305175783
16600.62500002049,0.626,0.16855000305175782
16617.109999991953,0.626,0.16255000305175782
16634.669999998994,0.624,0.1525500030517578
16651.335000001825,0.622,0.13255000305175782
16668.29500003904,0.622,0.11255000305175782
16683.750000025146,0.622,0.09855000305175782
16700.315000023693,0.622,0.09055000305175781
16717.185000015423,0.622,0.0865500030517578
16734.23000000138,0.622,0.08455000305175782
16752.13500001654,0.622,0.08255000305175782
16783.86500000395,0.626,0.08455000305175782
16800.080000014976,0.634,0.08455000305175782
16817.39000003971,0.646,0.08455000305175782
16833.77500000596,0.658,0.08255000305175782
16851.164999999106,0.668,0.08055000305175782
16868.24000003934,0.68,0.07855000305175781
16883.820000045933,0.686,0.08055000305175782
16900.525000004098,0.686,0.08255000305175782
16918.180000036955,0.688,0.08455000305175782
16933.795000018552,0.688,0.08855000305175781
16950.530000030994,0.686,0.09055000305175781
16967.110000026412,0.686,0.09455000305175781
16983.88499999419,0.686,0.09855000305175782
17000.380000040866,0.686,0.10055000305175782
17017.07000000123,0.686,0.10255000305175781
17034.2149999924,0.688,0.10455000305175781
17051.33500002511,0.69,0.10455000305175781
17102.050000044517,0.692,0.10455000305175781
17118.435000010766,0.694,0.10455000305175781
17135.225000034086,0.696,0.10455000305175781
17150.59999999311,0.698,0.10455000305175781
17166.889999993145,0.702,0.10455000305175781
17184.735000016168,0.706,0.10455000305175781
17201.445000013337,0.712,0.10655000305175781
17216.860000044107,0.718,0.10655000305175781
17235.06999999471,0.728,0.10655000305175781
17250.525000039488,0.734,0.10655000305175781
17267.035000026226,0.738,0.10655000305175781
17283.93999999389,0.74,0.10655000305175781
17417.74500004202,0.74,0.10455000305175781
17434.05500001926,0.738,0.10255000305175781
17451.87000004761,0.734,0.09655000305175782
17467.080000030808,0.73,0.08855000305175781
17483.81500004232,0.724,0.07655000305175781
17500.180000031367,0.722,0.06655000305175782
17517.175000043586,0.72,0.05855000305175781
17534.01000000257,0.718,0.05455000305175781
17550.65000004787,0.718,0.05255000305175781
17567.87500000745,0.718,0.05055000305175781
17618.68000001367,0.716,0.05055000305175781
17650.859999993816,0.714,0.05255000305175781
17667.13499999605,0.708,0.05455000305175781
17684.88000001479,0.698,0.056550003051757815
17700.695000005886,0.69,0.05855000305175781
17718.13500003144,0.678,0.06055000305175781
17734.355000021867,0.67,0.06255000305175781
17751.300000002608,0.66,0.06255000305175781
17767.915000032634,0.654,0.06255000305175781
17784.00000004284,0.65,0.06055000305175781
17800.65500002727,0.646,0.056550003051757815
17817.87500000745,0.64,0.05055000305175781
17834.39500001259,0.638,0.04655000305175781
17850.595000024885,0.632,0.03855000305175781
17867.505000030622,0.626,0.030550003051757812
17883.81000002846,0.62,0.026550003051757812
17900.39000002388,0.618,0.022550003051757812
17917.650000017136,0.612,0.018550003051757812
17935.21000002511,0.608,0.018550003051757812
17950.810000008903,0.604,0.018550003051757812
17967.055000014603,0.598,0.020550003051757814
17985.155000001192,0.59,0.024550003051757814
18001.335000036284,0.578,0.030550003051757812
18016.755000047386,0.564,0.03655000305175781
18035.12000001408,0.542,0.04655000305175781
18051.240000000224,0.524,0.05455000305175781
18068.330000037327,0.498,0.06655000305175782
18083.97500001546,0.474,0.07855000305175781
18100.55999999121,0.46,0.08455000305175782
18120.3100000266,0.45,0.08855000305175781
18136.020000034012,0.446,0.09055000305175781
18167.795000014827,0.452,0.09055000305175781
18183.98500001058,0.464,0.08855000305175781
18200.72000002209,0.476,0.0865500030517578
18217.975000035018,0.492,0.0865500030517578
18235.229999991134,0.51,0.0865500030517578
18251.229999993928,0.522,0.08855000305175781
18267.035000026226,0.532,0.09055000305175781
18283.79000001587,0.542,0.09655000305175782
18300.52000004798,0.546,0.10255000305175781
18317.145000036806,0.544,0.10855000305175781
18333.949999999255,0.534,0.12055000305175781
18350.47500004247,0.524,0.13255000305175782
18367.16500000283,0.508,0.1485500030517578
18384.110000042245,0.498,0.15855000305175782
18401.315000023693,0.486,0.1725500030517578
18416.885000012815,0.48,0.1805500030517578
18434.7549999943,0.474,0.1865500030517578
18450.524999992922,0.474,0.19055000305175782
18467.065000033006,0.478,0.19455000305175782
18483.940000005066,0.486,0.19655000305175782
18500.34500000719,0.498,0.19655000305175782
18517.244999995455,0.516,0.19455000305175782
18533.95499999076,0.534,0.19455000305175782
18550.890000012703,0.546,0.19255000305175782
18567.52500001993,0.554,0.19255000305175782
18583.84999999497,0.558,0.19255000305175782
18650.305000016466,0.556,0.19055000305175782
18668.48500003107,0.554,0.1865500030517578
18684.13000000827,0.55,0.1805500030517578
18700.910000013188,0.546,0.17055000305175783
18718.27000001166,0.542,0.16255000305175782
18733.875000033528,0.54,0.15855000305175782
18750.780000001192,0.54,0.1545500030517578
18767.14000000991,0.54,0.1525500030517578
18834.340000000782,0.544,0.1545500030517578
18850.460000044666,0.552,0.1565500030517578
18866.830000013113,0.56,0.15855000305175782
18884.300000034273,0.57,0.15855000305175782
18901.810000009835,0.576,0.16055000305175782
18917.220000002533,0.58,0.16055000305175782
18933.974999992177,0.582,0.16255000305175782
18950.5600000266,0.584,0.16255000305175782
18967.270000021905,0.584,0.16455000305175782
18983.940000005066,0.584,0.16655000305175782
19000.56000001449,0.584,0.17055000305175783
19018.060000030324,0.584,0.1785500030517578
19034.314999996684,0.584,0.1865500030517578
19050.740000034682,0.584,0.19455000305175782
19067.964999994263,0.586,0.2085500030517578
19083.314999995753,0.586,0.22255000305175782
19100.540000014007,0.588,0.23255000305175783
19117.125000047497,0.588,0.2385500030517578
19133.95500002615,0.588,0.2425500030517578
19150.46999999322,0.59,0.2445500030517578
19184.984999999404,0.588,0.2445500030517578
19200.730000039563,0.586,0.2425500030517578
19218.05000002496,0.578,0.2405500030517578
19235.26000004448,0.564,0.2405500030517578
19250.67000003718,0.552,0.2405500030517578
19268.060000030324,0.534,0.2425500030517578
19284.15000002086,0.518,0.2465500030517578
19301.580000028014,0.498,0.2505500030517578
19317.190000030212,0.486,0.2525500030517578
19333.96499999799,0.476,0.2565500030517578
19350.2999999905,0.472,0.2565500030517578
19367.27500002552,0.468,0.2565500030517578
19400.7400000114,0.47,0.2565500030517578
19434.165000041947,0.474,0.2585500030517578
19450.970000004396,0.476,0.2605500030517578
19467.11500000581,0.478,0.2645500030517578
19483.925000007264,0.476,0.2725500030517578
19500.835000013,0.474,0.2805500030517578
19517.315000004135,0.466,0.2945500030517578
19534.395000023767,0.458,0.30655000305175784
19550.619999993593,0.444,0.3285500030517578
19568.14500002563,0.432,0.3505500030517578
19583.890000008047,0.424,0.36455000305175783
19600.674999993294,0.418,0.3745500030517578
19617.280000004917,0.414,0.3845500030517578
19634.805000036955,0.412,0.3885500030517578
19667.855000006035,0.414,0.3905500030517578
19684.215000014752,0.416,0.3885500030517578
19700.28000004776,0.424,0.3885500030517578
19717.910000005737,0.434,0.3865500030517578
19733.869999995455,0.444,0.3825500030517578
19750.61000004597,0.456,0.3805500030517578
19767.28500000853,0.474,0.3805500030517578
19784.01000000257,0.488,0.3785500030517578
19800.65500002727,0.496,0.3785500030517578
19817.280000017025,0.498,0.3765500030517578
19834.46500002127,0.5,0.3765500030517578
19885.270000027493,0.5,0.3745500030517578
19900.59999999311,0.496,0.37055000305175784
19917.74000000395,0.49,0.36055000305175783
19934.624999994412,0.484,0.3505500030517578
19950.624999997206,0.48,0.3385500030517578
19968.26500003226,0.476,0.3325500030517578
19983.89999999106,0.476,0.3285500030517578
20035.190000023693,0.478,0.3285500030517578
20050.53000000678,0.48,0.3285500030517578
20067.735000047833,0.486,0.3285500030517578
20084.080000000075,0.494,0.3305500030517578
20100.665000034496,0.5,0.3305500030517578
20117.22499999404,0.508,0.3285500030517578
20133.94000002835,0.516,0.3285500030517578
20150.670000001788,0.524,0.3265500030517578
20166.93000000622,0.528,0.3265500030517578
20183.90500004124,0.53,0.3265500030517578
20218.350000038743,0.528,0.3305500030517578
20233.75000001304,0.524,0.3345500030517578
20251.04000000283,0.52,0.3385500030517578
20267.47000002023,0.518,0.3465500030517578
20283.900000037625,0.518,0.3565500030517578
20300.60499999672,0.518,0.37055000305175784
20317.065000009723,0.52,0.3825500030517578
20333.870000030845,0.524,0.4005500030517578
20350.63000000082,0.528,0.4125500030517578
20367.245000029914,0.532,0.42655000305175783
20384.004999998957,0.534,0.43655000305175784
20400.68000002019,0.536,0.4405500030517578
20417.05000004731,0.536,0.4425500030517578
20450.65000001341,0.536,0.4445500030517578
20484.155000012368,0.532,0.4445500030517578
20500.525000039488,0.528,0.4445500030517578
20517.27499999106,0.516,0.4445500030517578
20534.01000000257,0.502,0.4425500030517578
20550.905000010505,0.48,0.4405500030517578
20568.29000002425,0.46,0.4385500030517578
20583.97500001546,0.448,0.4385500030517578
20600.955000029877,0.44,0.4385500030517578
20618.025000032037,0.434,0.4385500030517578
20633.499999996275,0.434,0.43655000305175784
20650.725000013597,0.434,0.43455000305175784
20667.310000047088,0.438,0.43255000305175784
20683.955000014976,0.438,0.43055000305175783
20700.620000017807,0.44,0.43055000305175783
20717.09500002861,0.44,0.43255000305175784
20733.940000005066,0.438,0.4405500030517578
20750.645000021905,0.436,0.4505500030517578
20767.435000045225,0.432,0.4665500030517578
20784.035000018775,0.43,0.4785500030517578
20800.619999993593,0.426,0.49255000305175783
20816.62500003539,0.424,0.49855000305175784
20835.194999991916,0.422,0.5045500030517578
20867.1550000431,0.424,0.5045500030517578
20883.655000012368,0.424,0.5025500030517578
20900.5400000019,0.428,0.49855000305175784
20917.20500000473,0.43,0.49255000305175783
20933.940000016242,0.438,0.48655000305175783
20950.65000001341,0.446,0.4805500030517578
20967.059999994934,0.454,0.4785500030517578
20984.02500001155,0.466,0.4745500030517578
21000.775000021793,0.474,0.4745500030517578
21017.34000002034,0.482,0.4725500030517578
21034.06999999378,0.486,0.4725500030517578
21050.65000004787,0.488,0.4725500030517578
21067.225000005215,0.488,0.4745500030517578
21117.889999993145,0.486,0.4765500030517578
21150.569999997504,0.486,0.4785500030517578
21166.900000010617,0.488,0.4805500030517578
21184.115000010468,0.492,0.4845500030517578
21201.690000016242,0.498,0.49055000305175783
21217.23000000883,0.506,0.49455000305175784
21233.999999996275,0.512,0.49655000305175784
21250.805000017397,0.516,0.49655000305175784
21267.565000045113,0.52,0.49855000305175784
21283.345000002533,0.522,0.49855000305175784
21334.085000038147,0.52,0.5005500030517578
21350.4800000228,0.516,0.5025500030517578
21368.17500001006,0.508,0.5105500030517578
21383.980000041425,0.5,0.5185500030517578
21400.850000034086,0.492,0.5305500030517578
21417.355000041425,0.478,0.5445500030517578
21434.035000041127,0.468,0.5585500030517578
21450.72500000149,0.462,0.5665500030517578
21467.270000021905,0.458,0.5745500030517579
21484.11000001896,0.456,0.5785500030517579
21500.6350000035,0.454,0.5805500030517579
21550.395000027493,0.454,0.5785500030517579
21567.495000024326,0.45,0.5745500030517579
21584.25000001397,0.446,0.5705500030517578
21600.674999993294,0.438,0.5645500030517578
21617.03500000201,0.432,0.5585500030517578
21635.25500002969,0.422,0.5505500030517578
21650.355000048876,0.416,0.5465500030517578
21667.485000041313,0.412,0.5445500030517578
21684.010000025854,0.41,0.5445500030517578
21734.144999993965,0.41,0.5465500030517578
21750.8200000152,0.41,0.5525500030517578
21766.830000036396,0.408,0.5625500030517578
21784.00000004284,0.406,0.5745500030517579
21800.695000041276,0.404,0.5825500030517579
21817.335000028834,0.404,0.5905500030517579
21834.765000035986,0.402,0.5925500030517579
21866.925000037998,0.402,0.5945500030517578
21884.095000044443,0.4,0.5925500030517579
21901.875000039116,0.398,0.5865500030517579
21917.270000034012,0.396,0.5785500030517579
21934.00000000745,0.39,0.5625500030517578
21950.71000000462,0.384,0.5465500030517578
21967.385000024922,0.378,0.5265500030517578
21984.129999997094,0.374,0.5145500030517578
22000.75500004366,0.37,0.5065500030517578
22018.135000020266,0.368,0.5025500030517578
22033.95499999076,0.366,0.5005500030517578
22050.665000045672,0.364,0.5005500030517578
22067.895000043325,0.36,0.5005500030517578
22084.080000000075,0.356,0.5005500030517578
22100.760000000708,0.35,0.5025500030517578
22117.22499999404,0.34,0.5105500030517578
22134.060000010766,0.33,0.5165500030517578
22150.670000001788,0.318,0.5265500030517578
22166.995000035502,0.312,0.5305500030517578
22183.935000036843,0.306,0.5365500030517578
22200.87000000011,0.302,0.5405500030517578
22217.36500004679,0.3,0.5405500030517578
22234.93999999389,0.3,0.5385500030517578
22250.74000004679,0.298,0.5325500030517578
22268.280000017956,0.294,0.5185500030517578
22284.08499999158,0.29,0.5045500030517578
22300.770000030287,0.282,0.4805500030517578
22317.290000034496,0.274,0.4625500030517578
22334.009999990463,0.266,0.43655000305175784
22350.6950000301,0.26,0.4225500030517578
22367.380000010133,0.258,0.4105500030517578
22384.09000000637,0.256,0.4065500030517578
22400.714999996126,0.256,0.4045500030517578
22418.09500002954,0.26,0.4045500030517578
22433.940000016242,0.268,0.4025500030517578
22450.43500000611,0.284,0.4005500030517578
22468.05500000436,0.306,0.3965500030517578
22483.27000002563,0.324,0.3925500030517578
22500.735000008717,0.34,0.3885500030517578
22517.40000001155,0.354,0.3845500030517578
22534.110000006855,0.36,0.3825500030517578
22550.749999994412,0.362,0.3825500030517578
22567.265000019222,0.36,0.3865500030517578
22583.90000002645,0.356,0.3925500030517578
22600.77000001818,0.348,0.4065500030517578
22617.09000001382,0.342,0.4185500030517578
22634.115000022575,0.336,0.43055000305175783
22650.710000015795,0.334,0.4385500030517578
22667.424999991432,0.332,0.4425500030517578
22684.13000000827,0.334,0.4445500030517578
22700.70500002429,0.34,0.4445500030517578
22718.26500003226,0.35,0.4445500030517578
22733.575000019744,0.362,0.4445500030517578
22750.304999994114,0.372,0.4405500030517578
22767.27000001073,0.386,0.4385500030517578
22784.045000036247,0.398,0.43455000305175784
22800.775000009686,0.402,0.43255000305175784
22816.764999995008,0.404,0.43255000305175784
22850.77499999851,0.402,0.43455000305175784
22883.545000047423,0.4,0.43455000305175784
22900.725000013597,0.398,0.43055000305175783
22917.32500004582,0.394,0.4205500030517578
22934.445000020787,0.388,0.4005500030517578
22951.525000039488,0.384,0.3825500030517578
22967.215000011027,0.38,0.3565500030517578
22983.96000004094,0.38,0.3405500030517578
23000.41500001587,0.378,0.3245500030517578
23017.120000032708,0.378,0.3165500030517578
23034.054999995977,0.378,0.31055000305175784
23050.6600000076,0.378,0.30855000305175784
23067.150000017136,0.376,0.30655000305175784
23133.95500002615,0.374,0.31055000305175784
23150.640000006184,0.374,0.3125500030517578
23167.375000018626,0.368,0.3185500030517578
23184.035000041127,0.36,0.3225500030517578
23200.7849999927,0.35,0.3265500030517578
23216.585000045598,0.336,0.3305500030517578
23234.09500002116,0.32,0.3365500030517578
23250.56499999389,0.304,0.3465500030517578
23267.22999999672,0.292,0.3565500030517578
23283.225000020117,0.288,0.36255000305175783
23300.335000036284,0.284,0.36455000305175783
23333.604999992065,0.28,0.36055000305175783
23350.580000027083,0.278,0.3545500030517578
23366.625000024214,0.274,0.3445500030517578
23384.14500001818,0.268,0.3285500030517578
23400.729999992996,0.26,0.30855000305175784
23417.27999999374,0.256,0.2885500030517578
23433.814999995753,0.254,0.2785500030517578
23450.420000007376,0.252,0.2725500030517578
23467.43000001833,0.25,0.2685500030517578
23516.79500000272,0.252,0.2685500030517578
23533.845000026748,0.256,0.2685500030517578
23550.80000002589,0.268,0.2665500030517578
23567.32999999076,0.286,0.2605500030517578
23583.949999999255,0.302,0.2545500030517578
23600.71000002697,0.316,0.2485500030517578
23617.22499999404,0.332,0.2425500030517578
23634.665000019595,0.342,0.2385500030517578
23651.134999992326,0.344,0.2385500030517578
23666.755000011995,0.346,0.2385500030517578
23684.010000025854,0.342,0.2445500030517578
23700.685000047088,0.332,0.2545500030517578
23718.32000004314,0.322,0.2625500030517578
23734.1599999927,0.312,0.2765500030517578
23750.76500000432,0.304,0.2845500030517578
23767.474999999627,0.3,0.2905500030517578
23784.06500001438,0.298,0.2925500030517578
23800.485000014305,0.3,0.2925500030517578
23817.355000006035,0.306,0.2905500030517578
23834.32000002265,0.318,0.2865500030517578
23850.815000012517,0.334,0.2785500030517578
23867.36500001233,0.348,0.2725500030517578
23883.130000030622,0.358,0.2665500030517578
23900.640000006184,0.372,0.2565500030517578
23917.495000001043,0.382,0.2505500030517578
23934.27500000596,0.388,0.2485500030517578
23950.760000035167,0.39,0.2465500030517578
23968.12000003364,0.392,0.2445500030517578
23984.010000014678,0.392,0.2465500030517578
24000.63000002317,0.39,0.2465500030517578
24018.020000017248,0.39,0.2505500030517578
24033.80500001274,0.388,0.2585500030517578
24050.610000034794,0.39,0.2665500030517578
24067.52000004053,0.392,0.2785500030517578
24084.10500001535,0.394,0.2865500030517578
24100.56500002928,0.394,0.2925500030517578
24117.324999999255,0.396,0.2965500030517578
24150.520000023767,0.398,0.2965500030517578
24167.145000013523,0.4,0.2945500030517578
24184.62000001408,0.402,0.2885500030517578
24200.270000029355,0.406,0.2765500030517578
24217.325000033714,0.41,0.2605500030517578
24233.854999998584,0.412,0.2505500030517578
24250.8399999924,0.416,0.2405500030517578
24267.27000001073,0.418,0.2345500030517578
24283.990000024438,0.42,0.23255000305175783
24317.38000002131,0.42,0.23055000305175782
24366.86500004679,0.418,0.23055000305175782
24384.120000001974,0.418,0.22855000305175782
24399.78999999538,0.412,0.22455000305175782
24416.825000021607,0.406,0.22055000305175781
24433.98000003025,0.394,0.2145500030517578
24450.675000028685,0.384,0.2125500030517578
24468.025000008754,0.376,0.2105500030517578
24483.355000032112,0.37,0.2105500030517578
24500.91000000201,0.366,0.2105500030517578
24517.305000044405,0.364,0.2105500030517578
24534.2149999924,0.364,0.2085500030517578
24550.79000000842,0.362,0.2045500030517578
24567.1000000434,0.36,0.20055000305175782
24583.990000013262,0.36,0.19455000305175782
24600.575000047684,0.36,0.1845500030517578
24618.09500004165,0.36,0.17055000305175783
24633.87000001967,0.362,0.1505500030517578
24650.859999993816,0.364,0.13655000305175782
24667.32000000775,0.364,0.12255000305175781
24684.135000046343,0.362,0.1165500030517578
24700.715000042692,0.358,0.11055000305175781
24717.2400000263,0.354,0.11055000305175781
24734.79000001587,0.348,0.11055000305175781
24750.645000021905,0.34,0.11055000305175781
24767.48999999836,0.328,0.1165500030517578
24784.100000048056,0.316,0.12855000305175782
24800.80500000529,0.306,0.13655000305175782
24816.610000037588,0.296,0.1425500030517578
24834.17500002496,0.286,0.1505500030517578
24850.90499999933,0.278,0.1545500030517578
24867.5600000415,0.276,0.1565500030517578
24885.080000035465,0.274,0.1565500030517578
24984.765000000596,0.274,0.1545500030517578
25000.91000000201,0.274,0.1465500030517578
25018.220000026748,0.278,0.13455000305175782
25035.10999999661,0.282,0.12255000305175781
25050.690000003204,0.288,0.10655000305175781
25068.160000024363,0.296,0.08855000305175781
25085.55499999784,0.304,0.07655000305175781
25102.00499999337,0.308,0.0705500030517578
25117.28500004299,0.318,0.06655000305175782
25134.69000003487,0.326,0.06855000305175782
25151.91499999445,0.336,0.07255000305175781
25167.53000003472,0.348,0.07655000305175781
25185.09500002209,0.354,0.08255000305175782
25200.71000000462,0.36,0.0865500030517578
25217.57999999635,0.366,0.09455000305175781
25234.105000039563,0.37,0.10255000305175781
25250.89000002481,0.372,0.10655000305175781
25267.54000002891,0.376,0.11055000305175781
25284.675000002608,0.376,0.11255000305175782
25302.010000042617,0.376,0.11455000305175782
25367.510000010952,0.376,0.11255000305175782
25384.655000001192,0.378,0.11055000305175781
25401.90500003472,0.38,0.10455000305175781
25419.10500003677,0.382,0.09655000305175782
25434.145000006072,0.386,0.09255000305175781
25450.79000003077,0.39,0.08855000305175781
25468.07000000216,0.394,0.0865500030517578
25485.40500004217,0.398,0.0865500030517578
25500.76000002399,0.4,0.0865500030517578
25518.834999995306,0.402,0.0865500030517578
25534.69500003755,0.402,0.08855000305175781
25568.715000000782,0.404,0.08855000305175781
25601.160000019707,0.404,0.0865500030517578
25634.300000034273,0.404,0.08455000305175782
25651.9900000412,0.402,0.08255000305175782
25668.945000041276,0.398,0.07455000305175781
25685.105000039563,0.394,0.06855000305175782
25701.89500000514,0.386,0.06255000305175781
25718.250000033528,0.374,0.056550003051757815
25735.105000028387,0.366,0.05455000305175781
25751.395000027493,0.356,0.05255000305175781
25768.205000028946,0.35,0.05255000305175781
25785.480000020005,0.346,0.05055000305175781
25800.91500002891,0.344,0.05055000305175781
25850.9150000168,0.344,0.05255000305175781
25934.420000004582,0.342,0.05255000305175781
25950.590000022203,0.34,0.05055000305175781
25968.07000000216,0.336,0.04655000305175781
25984.43499999121,0.332,0.04255000305175781
26000.930000037886,0.326,0.03655000305175781
26018.215000046417,0.324,0.032550003051757814
26035.6500000339,0.32,0.028550003051757814
26050.990000016987,0.318,0.024550003051757814
26067.59500002861,0.316,0.020550003051757814
26084.19000002276,0.314,0.018550003051757812
26100.84000002779,0.314,0.016550003051757814
26118.285000032745,0.312,0.016550003051757814
26151.065000041388,0.31,0.016550003051757814
26167.39000001643,0.308,0.014550003051757812
26184.624999994412,0.302,0.016550003051757814
26200.87000000011,0.294,0.020550003051757814
26217.58500003442,0.278,0.024550003051757814
26234.23500003945,0.264,0.028550003051757814
26250.920000020415,0.242,0.03455000305175781
26267.440000024624,0.222,0.040550003051757814
26285.354999999516,0.208,0.04455000305175781
26300.79000000842,0.196,0.04655000305175781
26318.21500003524,0.186,0.048550003051757815
26335.76000004448,0.182,0.048550003051757815
26384.61500004586,0.184,0.048550003051757815
26400.720000034198,0.19,0.05055000305175781
26417.4000000339,0.2,0.05055000305175781
26435.31500000879,0.208,0.05255000305175781
26450.639999995008,0.218,0.05455000305175781
26468.110000016168,0.228,0.05855000305175781
26485.56000000052,0.236,0.06055000305175781
26500.800000037998,0.238,0.06455000305175781
26517.250000033528,0.24,0.0705500030517578
26534.540000021458,0.238,0.07655000305175781
26551.665000034496,0.23,0.08855000305175781
26568.15000000596,0.22,0.10055000305175782
26585.030000016093,0.212,0.10855000305175781
26600.674999993294,0.204,0.11455000305175782
26617.64000001084,0.196,0.12255000305175781
26634.390000021085,0.194,0.12655000305175781
26650.775000045076,0.192,0.12655000305175781
26667.944999992847,0.194,0.12855000305175782
26684.82500000298,0.2,0.12855000305175782
26700.98500000313,0.208,0.12855000305175782
26718.27499999106,0.218,0.12655000305175781
26734.280000032857,0.226,0.12255000305175781
26750.805000017397,0.232,0.12055000305175781
26768.280000017956,0.238,0.1165500030517578
26785.705000044778,0.242,0.1165500030517578
26801.15000001341,0.244,0.1165500030517578
26817.23500002362,0.244,0.11455000305175782
26901.70000004582,0.246,0.11055000305175781
26918.319999996573,0.248,0.10455000305175781
26934.26000000909,0.252,0.09655000305175782
26950.92000003159,0.254,0.09255000305175781
26967.550000000745,0.256,0.0865500030517578
26984.58500002697,0.258,0.08455000305175782
27102.320000004955,0.26,0.08855000305175781
27117.43500002101,0.26,0.09455000305175781
27134.625000005588,0.26,0.10255000305175781
27151.349999999627,0.262,0.11255000305175782
27168.22500002943,0.262,0.12255000305175781
27184.27000002656,0.262,0.12855000305175782
27200.840000004508,0.262,0.13255000305175782
27218.19500002265,0.264,0.13655000305175782
27235.574999998324,0.264,0.13855000305175783
27352.165000047535,0.264,0.1405500030517578
27367.64499999024,0.262,0.1405500030517578
27385.594999998808,0.258,0.1445500030517578
27401.08500001952,0.25,0.1505500030517578
27418.03000000026,0.244,0.1565500030517578
27435.205000044778,0.234,0.16455000305175782
27452.265000028536,0.218,0.1765500030517578
27467.490000009537,0.204,0.1865500030517578
27484.685000032187,0.196,0.19455000305175782
27501.64999999106,0.188,0.20055000305175782
27518.145000037737,0.186,0.2025500030517578
27534.325000014156,0.186,0.2045500030517578
27550.690000003204,0.184,0.2045500030517578
27602.310000045225,0.182,0.20055000305175782
27617.469999996945,0.178,0.19455000305175782
27634.78000002168,0.17,0.1845500030517578
27651.815000047907,0.162,0.17055000305175783
27668.30000001937,0.156,0.16255000305175782
27684.410000044852,0.152,0.1545500030517578
27701.029999995604,0.15,0.1505500030517578
27718.035000026226,0.148,0.1485500030517578
27767.430000007153,0.148,0.1505500030517578
27784.574999997392,0.146,0.1545500030517578
27800.979999999516,0.142,0.16455000305175782
27817.67499999795,0.136,0.1745500030517578
27834.290000027046,0.13,0.18855000305175781
27850.83500004746,0.124,0.19855000305175782
27867.315000038594,0.12,0.2065500030517578
27884.250000001863,0.118,0.2105500030517578
27917.4000000339,0.116,0.2105500030517578
27933.970000011846,0.116,0.2085500030517578
27950.680000009015,0.112,0.20055000305175782
27967.270000021905,0.11,0.19055000305175782
27984.29500003066,0.106,0.17055000305175783
28000.76000002399,0.104,0.1545500030517578
28017.89499999676,0.102,0.13655000305175782
28034.785000024363,0.1,0.12855000305175782
28052.094999991357,0.098,0.12255000305175781
28068.49000003375,0.098,0.11855000305175781
28134.77000000328,0.102,0.11855000305175781
28151.570000045,0.108,0.11855000305175781
28167.560000030324,0.122,0.11855000305175781
28184.074999997392,0.134,0.11855000305175781
28200.9800000228,0.148,0.1165500030517578
28218.300000007264,0.154,0.1165500030517578
28235.520000045188,0.158,0.1165500030517578
28251.38500001002,0.16,0.1165500030517578
28302.32499999646,0.16,0.11455000305175782
28317.760000005364,0.158,0.11455000305175782
28334.04500002414,0.154,0.10855000305175781
28350.795000034384,0.152,0.10255000305175781
28367.805000044405,0.146,0.09055000305175781
28384.665000019595,0.14,0.07855000305175781
28400.925000023097,0.136,0.07255000305175781
28418.99000003375,0.13,0.06455000305175781
28434.379999991506,0.128,0.06055000305175781
28450.9950000206,0.126,0.05855000305175781
28467.530000023544,0.124,0.05855000305175781
28485.030000039376,0.124,0.056550003051757815
28568.70000000298,0.12,0.056550003051757815
28584.6700000111,0.116,0.05855000305175781
28601.88999999035,0.108,0.06255000305175781
28617.27000004612,0.1,0.06855000305175782
28635.565000003204,0.088,0.08055000305175782
28651.29500004649,0.076,0.09055000305175781
28667.73000004422,0.07,0.09655000305175782
28684.420000004582,0.064,0.10055000305175782
28701.029999995604,0.062,0.10255000305175781
28800.555000022985,0.062,0.10455000305175781
28834.505000034347,0.062,0.10855000305175781
28850.785000016913,0.062,0.1165500030517578
28868.405000015162,0.064,0.13655000305175782
28885.070000017993,0.064,0.15855000305175782
28900.61000001058,0.066,0.1825500030517578
28917.73000004422,0.068,0.2125500030517578
28934.285000024363,0.07,0.2345500030517578
28951.035000033677,0.07,0.2445500030517578
28967.590000014752,0.072,0.2545500030517578
28984.725000045262,0.072,0.2585500030517578
29002.21000000555,0.072,0.2605500030517578
29018.24500004202,0.072,0.2625500030517578
29068.315000040457,0.074,0.2625500030517578
29101.025000039488,0.08,0.2645500030517578
29117.56500002183,0.088,0.2645500030517578
29134.669999998994,0.106,0.2665500030517578
29151.97000000626,0.13,0.2685500030517578
29167.795000014827,0.148,0.2685500030517578
29184.61500003375,0.164,0.2705500030517578
29201.014999998733,0.172,0.2705500030517578
29217.72499999404,0.174,0.2705500030517578
29234.36500003934,0.176,0.2725500030517578
29334.365000016987,0.174,0.2705500030517578
29350.655000016093,0.172,0.2645500030517578
29368.275000015274,0.168,0.2565500030517578
29384.405000017956,0.162,0.2465500030517578
29401.040000025183,0.156,0.2385500030517578
29417.55000001192,0.152,0.23055000305175782
29434.509999991395,0.152,0.22655000305175782
29451.040000014007,0.15,0.22455000305175782
29484.380000038072,0.152,0.22455000305175782
29500.69499999471,0.154,0.22455000305175782
29517.930000030436,0.16,0.22655000305175782
29534.765000047162,0.166,0.22855000305175782
29552.060000015423,0.18,0.22855000305175782
29567.920000000857,0.196,0.22855000305175782
29584.365000016987,0.208,0.22655000305175782
29600.9199999962,0.218,0.22255000305175782
29617.720000037923,0.226,0.22055000305175781
29634.41500003636,0.228,0.22055000305175781
29734.36500003934,0.23,0.22055000305175781
29767.850000003353,0.23,0.22255000305175782
29783.894999999553,0.23,0.23055000305175782
29800.87000003457,0.228,0.2505500030517578
29817.540000017732,0.226,0.2745500030517578
29834.275000030175,0.224,0.2965500030517578
29850.810000032187,0.22,0.3225500030517578
29867.555000003427,0.218,0.3385500030517578
29885.089999996126,0.218,0.3445500030517578
29900.48499999009,0.218,0.3485500030517578
30000.920000020415,0.216,0.3465500030517578
30017.565000045113,0.212,0.3425500030517578
30034.385000005364,0.202,0.3325500030517578
30050.770000030287,0.188,0.3245500030517578
30067.74500000663,0.18,0.3225500030517578
30084.425000008196,0.17,0.3185500030517578
30100.635000038892,0.166,0.3185500030517578
30117.77000001073,0.162,0.3165500030517578
30150.88000002969,0.16,0.3165500030517578
30218.285000009462,0.16,0.3185500030517578
30234.64000003785,0.158,0.3225500030517578
30251.09000003338,0.158,0.3285500030517578
30268.405000038445,0.154,0.3425500030517578
30284.01000000257,0.15,0.3585500030517578
30301.02000001259,0.146,0.3825500030517578
30318.56500002276,0.144,0.4025500030517578
30334.020000008866,0.144,0.4145500030517578
30350.9150000168,0.144,0.4225500030517578
30368.705000029877,0.144,0.43055000305175783
30384.43000003416,0.146,0.43655000305175784
30401.08500001952,0.148,0.4385500030517578
30418.525000044145,0.15,0.4405500030517578
30434.27500000596,0.152,0.4425500030517578
30451.020000036806,0.158,0.4425500030517578
30468.365000036545,0.162,0.4425500030517578
30484.490000002086,0.17,0.4445500030517578
30502.105000020936,0.184,0.4425500030517578
30517.725000040606,0.194,0.4385500030517578
30534.395000023767,0.204,0.43455000305175784
30551.030000030994,0.212,0.43055000305175783
30568.63500003144,0.218,0.42655000305175783
30584.075000019744,0.22,0.42655000305175783
30600.600000005215,0.222,0.42655000305175783
30617.920000047423,0.224,0.42655000305175783
30667.74000000395,0.224,0.42455000305175783
30750.875000026077,0.224,0.42655000305175783
30767.534999990836,0.226,0.43055000305175783
30784.440000017174,0.23,0.4425500030517578
30801.030000030994,0.234,0.4505500030517578
30818.42000002414,0.238,0.4645500030517578
30834.005000011064,0.242,0.4725500030517578
30850.71000002697,0.246,0.4805500030517578
30867.345000034198,0.248,0.4845500030517578
30883.855000020936,0.25,0.48655000305175783
30984.320000046864,0.244,0.48655000305175783
31000.715000030585,0.236,0.48655000305175783
31017.129999992438,0.226,0.48655000305175783
31035.31000000611,0.212,0.49055000305175783
31050.695000041276,0.204,0.49255000305175783
31067.79000000097,0.194,0.49855000305175784
31084.560000046156,0.188,0.5025500030517578
31101.075000012293,0.184,0.5045500030517578
31118.51500003785,0.184,0.5065500030517578
31134.36500000488,0.182,0.5065500030517578
31217.750000010245,0.182,0.5025500030517578
31234.02000003215,0.182,0.49655000305175784
31250.880000006407,0.18,0.48655000305175783
31267.785000031814,0.18,0.4765500030517578
31284.635000046343,0.178,0.4705500030517578
31301.109999999404,0.178,0.4685500030517578
31334.52500001248,0.178,0.4665500030517578
31417.53000003472,0.18,0.4665500030517578
31433.844999991357,0.184,0.4685500030517578
31450.639999995008,0.188,0.4705500030517578
31468.150000029244,0.196,0.4725500030517578
31484.415000013076,0.202,0.4725500030517578
31500.89000002481,0.206,0.4745500030517578
31534.314999996684,0.208,0.4745500030517578
31550.95000000391,0.208,0.4765500030517578
31583.92000000365,0.208,0.4745500030517578
31650.48000001069,0.208,0.4725500030517578
31667.720000026748,0.206,0.4685500030517578
31684.460000017658,0.206,0.4645500030517578
31701.150000036694,0.206,0.4585500030517578
31718.47000002116,0.206,0.4565500030517578
31734.49500004016,0.206,0.4545500030517578
31767.800000030547,0.208,0.4525500030517578
31801.085000041872,0.208,0.4505500030517578
31917.920000035316,0.206,0.4505500030517578
31951.135000038892,0.202,0.4505500030517578
31967.694999998435,0.198,0.4505500030517578
31984.24000001885,0.19,0.4485500030517578
32001.480000034906,0.18,0.4485500030517578
32017.945000028238,0.172,0.4505500030517578
32034.48000003025,0.162,0.4505500030517578
32050.940000044182,0.158,0.4525500030517578
32067.849999992177,0.152,0.4525500030517578
32100.97000002861,0.15,0.4525500030517578
32134.335000009276,0.15,0.4505500030517578
32150.690000038594,0.15,0.4525500030517578
32200.680000009015,0.15,0.4545500030517578
32217.745000030845,0.148,0.4605500030517578
32234.835000010207,0.146,0.4685500030517578
32251.0200000247,0.146,0.4825500030517578
32268.605000047944,0.144,0.49855000305175784
32284.515000006184,0.144,0.5085500030517578
32300.970000039786,0.146,0.5165500030517578
32318.300000041723,0.146,0.5225500030517578
32334.499999996275,0.146,0.5245500030517578
32384.36500000488,0.146,0.5265500030517578
32434.485000033863,0.144,0.5265500030517578
32451,0.142,0.5265500030517578
32467.835000017658,0.132,0.5285500030517578
32484.325000026263,0.122,0.5325500030517578
32501.045000040904,0.116,0.5365500030517578
32517.664999991655,0.11,0.5405500030517578
32534.82500003837,0.108,0.5425500030517578
32551.20500002429,0.106,0.5445500030517578
32584.60000000149,0.104,0.5445500030517578
32617.800000006333,0.104,0.5425500030517578
32634.250000001863,0.102,0.5365500030517578
32651.195000041276,0.096,0.5225500030517578
32668.22500002943,0.086,0.5005500030517578
32684.485000033863,0.08,0.4845500030517578
32701.430000014603,0.074,0.4665500030517578
32718.370000015944,0.072,0.4605500030517578
32734.530000016093,0.072,0.4565500030517578
32751.054999999702,0.072,0.4545500030517578
32817.91000004113,0.072,0.4525500030517578
32834.03500000667,0.076,0.4525500030517578
32851.16000001971,0.086,0.4525500030517578
32867.865000035614,0.094,0.4525500030517578
32883.74499999918,0.1,0.4525500030517578
32900.910000025295,0.108,0.4505500030517578
32917.14999999292,0.11,0.4485500030517578
32935.450000047684,0.112,0.4485500030517578
33033.95000001136,0.11,0.4465500030517578
33051.06500000693,0.11,0.43655000305175784
33067.26999999955,0.108,0.42655000305175783
33083.84000003524,0.106,0.4085500030517578
33100.819999991916,0.106,0.3965500030517578
33117.82500002254,0.106,0.3845500030517578
33133.75999999605,0.108,0.3765500030517578
33151.08000003919,0.108,0.3745500030517578
33168.68500003964,0.108,0.37255000305175784
33283.94500003196,0.102,0.37055000305175784
33301.039999990724,0.092,0.36655000305175783
33317.54499999806,0.076,0.36255000305175783
33333.86499999277,0.064,0.36055000305175783
33350.42500001099,0.054,0.3585500030517578
33367.870000015944,0.044,0.3565500030517578
33384.539999999106,0.042,0.3545500030517578
33401.04500000551,0.04,0.3545500030517578
33467.94000000134,0.04,0.3565500030517578
33500.54999999702,0.04,0.36255000305175783
33517.785000031814,0.042,0.3785500030517578
33534.370000008494,0.044,0.3965500030517578
33551.15000001341,0.044,0.42855000305175783
33568.14000004623,0.042,0.4685500030517578
33584.555000008084,0.042,0.5025500030517578
33601.05500003509,0.04,0.5345500030517578
33618.68000001367,0.038,0.5705500030517578
33633.81000002846,0.036,0.5965500030517578
33651.08500001952,0.036,0.6085500030517578
33667.46000002511,0.036,0.6165500030517578
33684.11999998987,0.036,0.6185500030517578
33701.245000002906,0.038,0.6205500030517578
33718.165000027046,0.04,0.6205500030517578
33733.990000036545,0.042,0.6185500030517578
33750.449999991804,0.048,0.6185500030517578
33767.89499999676,0.058,0.6145500030517578
33784.54000002146,0.072,0.6125500030517578
33800.87999999523,0.084,0.6085500030517578
33817.695000033826,0.096,0.6045500030517578
33834.46000004187,0.102,0.6025500030517578
33850.92500003427,0.106,0.6025500030517578
33867.75500001386,0.108,0.6005500030517578
33934.17500000168,0.106,0.6005500030517578
33950.49499999732,0.102,0.5965500030517578
33967.70500001684,0.094,0.5885500030517579
33984.15000003204,0.09,0.5805500030517579
34000.32500002906,0.084,0.5745500030517579
34017.92499999236,0.082,0.5685500030517578
34034.56500003766,0.08,0.5645500030517578
34067.64500000235,0.082,0.5645500030517578
34084.620000037365,0.084,0.5665500030517578
34101.19499999471,0.088,0.5665500030517578
34118.495000001974,0.094,0.5665500030517578
34134.60500002839,0.102,0.5685500030517578
34151.04000002518,0.108,0.5685500030517578
34167.73000004422,0.118,0.5665500030517578
34184.570000041276,0.126,0.5665500030517578
34201.05500001181,0.13,0.5665500030517578
34217.59499999415,0.132,0.5665500030517578
34284.580000035465,0.132,0.5685500030517578
34300.830000021495,0.132,0.5725500030517578
34317.80000001844,0.134,0.5785500030517579
34334.12499999348,0.136,0.5865500030517579
34351.094999990426,0.136,0.5985500030517578
34368.27999999467,0.134,0.6125500030517578
34383.855000020936,0.132,0.6245500030517578
34400.81500000041,0.13,0.6365500030517578
34416.97499999963,0.128,0.6445500030517578
34433.58499999158,0.126,0.6485500030517578
34450.31500002369,0.126,0.6525500030517578
34467.79000002332,0.124,0.6525500030517578
34567.770000022836,0.122,0.6525500030517578
34584.2699999921,0.118,0.6505500030517578
34600.31000000797,0.112,0.6485500030517578
34617.75000003353,0.104,0.6445500030517578
34634.17500001378,0.096,0.6445500030517578
34650.7400000114,0.086,0.6445500030517578
34667.230000020936,0.08,0.6445500030517578
34683.90500004124,0.076,0.6465500030517578
34700.64500003308,0.074,0.6465500030517578
34718.17500004545,0.072,0.6465500030517578
34734.63000002038,0.072,0.6485500030517578
34767.0450000437,0.07,0.6485500030517578
34801.109999999404,0.068,0.6505500030517578
34817.74000002723,0.066,0.6545500030517578
34834.58000002429,0.064,0.6645500030517578
34850.595000024885,0.062,0.6745500030517578
34867.84500000067,0.06,0.6905500030517578
34885.5150000304,0.058,0.7045500030517579
34902.25000004284,0.056,0.7145500030517579
34917.840000009164,0.056,0.7185500030517578
34935.30000001192,0.056,0.7225500030517578
35036.27000004053,0.052,0.7185500030517578
35051.665000034496,0.048,0.7125500030517579
35067.81500001624,0.042,0.7045500030517579
35084.36999999639,0.038,0.6985500030517579
35102.110000035726,0.036,0.6945500030517578
35119.36499999091,0.034,0.6905500030517578
35136.16500003263,0.032,0.6885500030517578
35186.18499999866,0.032,0.6865500030517578
35219.465000030585,0.032,0.6885500030517578
35251.830000022426,0.03,0.6905500030517578
35268.130000039935,0.03,0.6945500030517578
35285.065000003204,0.028,0.7005500030517579
35301.09500000253,0.024,0.7085500030517579
35319.134999997914,0.022,0.7165500030517579
35335.76500002481,0.02,0.7225500030517578
35368.95999999158,0.02,0.7245500030517578
35401.539999991655,0.024,0.7245500030517578
35417.780000017956,0.028,0.7245500030517578
35435.600000025705,0.034,0.7245500030517578
35451.12500002049,0.038,0.7265500030517578
35467.93000004254,0.046,0.7265500030517578
35485.14000000432,0.05,0.7285500030517578
35502.13500001654,0.054,0.7305500030517578
35519.33500001859,0.056,0.7345500030517578
35534.64000002667,0.058,0.7405500030517578
35551.995000044815,0.058,0.7485500030517578
35569.30500001088,0.056,0.7545500030517578
35585.3050000146,0.054,0.7645500030517578
35602.27500001155,0.052,0.7725500030517578
35617.889999993145,0.05,0.7765500030517578
35634.61500004586,0.05,0.7785500030517578
35685.01499999501,0.052,0.7805500030517578
35701.67999999784,0.056,0.7805500030517578
35719.37500004377,0.066,0.7785500030517578
35735.2250000108,0.072,0.7765500030517578
35752.34000000544,0.082,0.7725500030517578
35767.77000003494,0.086,0.7705500030517578
35784.64000002667,0.088,0.7685500030517578
35819.325000047684,0.09,0.7685500030517578
35885.03500004299,0.09,0.7665500030517578
35901.665000012144,0.088,0.7605500030517578
35918.01500000246,0.088,0.7485500030517578
35934.62499999441,0.088,0.7325500030517578
35951.27499999851,0.088,0.7205500030517578
35968.575000005774,0.09,0.7105500030517579
35985.310000017285,0.09,0.7065500030517579
36019.46000003908,0.09,0.7045500030517579
36069.30000003148,0.09,0.7065500030517579
36084.354999998584,0.092,0.7065500030517579
36101.24500002712,0.096,0.7085500030517579
36118.74500004295,0.104,0.7105500030517579
36135.30500000343,0.112,0.7125500030517579
36152.05999999307,0.118,0.7125500030517579
36169.3300000038,0.126,0.7125500030517579
36185.25500001758,0.13,0.7125500030517579
36201.80500001833,0.132,0.7125500030517579
36351.40000004321,0.132,0.7145500030517579
36368.50999999978,0.13,0.7185500030517578
36384.65000002086,0.128,0.7285500030517578
36402.39500004053,0.122,0.7465500030517578
36419.37000001781,0.116,0.7605500030517578
36434.565000003204,0.108,0.7785500030517578
36452.09000003524,0.1,0.7985500030517578
36469.36000004597,0.092,0.8165500030517578
36485.12000002619,0.09,0.8265500030517579
36501.955000042915,0.086,0.8345500030517579
36519.32500000112,0.086,0.8385500030517579
36551.105000020005,0.086,0.8405500030517579
36618.68499999307,0.084,0.8385500030517579
36634.940000018105,0.08,0.8345500030517579
36652.64500002377,0.074,0.8305500030517579
36668.24000002816,0.068,0.8265500030517579
36684.71500003897,0.062,0.8225500030517578
36701.715000031516,0.056,0.8205500030517578
36734.65500003658,0.054,0.8185500030517578
36801.8800000418,0.052,0.8185500030517578
36852.77500003576,0.052,0.8225500030517578
36868.82500001229,0.052,0.8285500030517579
36884.75000002608,0.052,0.8345500030517579
36901.43500000611,0.05,0.8485500030517578
36917.82500001043,0.046,0.8665500030517578
36935.92499999702,0.044,0.8845500030517578
36951.87500002794,0.044,0.8945500030517578
36969.30500003509,0.042,0.9025500030517578
36984.745000023395,0.042,0.9065500030517578
37001.80000002682,0.042,0.9085500030517578
37034.68500002008,0.042,0.9105500030517578
37085.095000045374,0.044,0.9105500030517578
37101.81500000134,0.046,0.9105500030517578
37117.725000018254,0.052,0.9105500030517578
37135.11000003107,0.056,0.9105500030517578
37152.31500001345,0.064,0.9105500030517578
37167.89500002004,0.068,0.9085500030517578
37184.565000003204,0.074,0.9065500030517578
37201.245000002906,0.078,0.9065500030517578
37219.405000039376,0.08,0.9065500030517578
37352.68000001088,0.078,0.9105500030517578
37368.149999994785,0.074,0.9165500030517578
37384.57500003278,0.07,0.9265500030517578
37402.05000003241,0.066,0.9345500030517578
37419.3400000222,0.06,0.9485500030517579
37435.1400000155,0.058,0.9565500030517579
37451.975000032224,0.056,0.9625500030517579
37468.565000046045,0.054,0.9665500030517579
37501.885000033304,0.054,0.9685500030517578
37536.21500002872,0.056,0.9705500030517578
37551.94500001334,0.058,0.9705500030517578
37567.96499999426,0.062,0.9725500030517578
37585.27999999933,0.07,0.9705500030517578
37602.119999995455,0.076,0.9705500030517578
37619.34500001371,0.086,0.9685500030517578
37634.63000004366,0.094,0.9685500030517578
37651.400000031106,0.102,0.9705500030517578
37669.350000039674,0.108,0.9705500030517578
37685.3700000206,0.112,0.9725500030517578
37701.304999994114,0.114,0.9745500030517578
37717.90000004694,0.116,0.9745500030517578
37819.365000002086,0.116,0.9705500030517578
37834.52999999188,0.116,0.9645500030517579
37851.220000010915,0.118,0.9545500030517579
37867.98000003863,0.124,0.9405500030517578
37884.57500003278,0.13,0.9265500030517578
37901.22500003688,0.134,0.9205500030517578
37917.87000000477,0.138,0.9145500030517578
37934.20000001788,0.14,0.9105500030517578
37951.44500001334,0.142,0.9105500030517578
37968.38000003435,0.142,0.9085500030517578
38002.360000042245,0.142,0.9105500030517578
38085.56500001531,0.14,0.9105500030517578
38101.24000004679,0.138,0.9125500030517578
38117.90000001155,0.132,0.9145500030517578
38134.7149999924,0.128,0.9165500030517578
38151.52000001352,0.122,0.9185500030517578
38168.52000000607,0.118,0.9205500030517578
38184.80000004545,0.114,0.9205500030517578
38201.2150000073,0.112,0.9205500030517578
38217.96000003815,0.11,0.9205500030517578
38234.615000022575,0.108,0.9185500030517578
38402.65500004124,0.106,0.9145500030517578
38418.44500001706,0.106,0.9125500030517578
38434.710000000894,0.104,0.9065500030517578
38452.32000003941,0.104,0.9025500030517578
38468.67500001006,0.102,0.8965500030517578
38485.299999999814,0.102,0.8925500030517578
38502.12000001874,0.102,0.8905500030517578
38518.54499999806,0.102,0.8885500030517578
38534.650000045076,0.102,0.8865500030517578
38551.23500001989,0.102,0.8845500030517578
38667.905000038445,0.102,0.8825500030517578
38685.23500004038,0.1,0.8805500030517578
38701.47000002861,0.098,0.8785500030517578
38709.25000001397,0.096,0.8765500030517578
