0,0.088,0.06575
18.274999980349094,0.084,0.06575
50.404999987222254,0.082,0.06375
133.26999999117106,0.08,0.06375
183.17999999271706,0.08,0.06175
250.22500002523884,0.08,0.06775
266.6650000028312,0.082,0.07975
285.0200000102632,0.082,0.09575
301.2299999827519,0.084,0.10575
316.41500000841916,0.086,0.11375
333.96499999798834,0.088,0.11575
350.1350000151433,0.092,0.11175
367.12000000989065,0.094,0.10575
383.35999997798353,0.096,0.09575
399.74999998230487,0.096,0.09175
416.96000000229105,0.098,0.09175
433.32000001100823,0.098,0.09975
451.1499999789521,0.098,0.10975
466.53999999398366,0.1,0.12175
483.5849999799393,0.1,0.12975
500.02500001573935,0.102,0.13375
517.0899999793619,0.104,0.13575
533.3199999877252,0.106,0.13575
549.6399999829009,0.11,0.13175
566.9600000255741,0.112,0.12575
618.030000012368,0.112,0.13575
633.3400000003166,0.114,0.14575
651.0049999924377,0.116,0.16175
668.2250000303611,0.122,0.17575
684.754999994766,0.126,0.18175
699.9049999867566,0.128,0.18575
717.2499999869615,0.13,0.18775
734.3949999776669,0.132,0.18375
749.9899999820627,0.132,0.17975
768.1699999957345,0.132,0.17575
800.8750000153668,0.132,0.17775
818.3200000203215,0.134,0.18775
834.7749999957159,0.138,0.19775
849.9999999767169,0.14,0.20775
868.1499999947846,0.142,0.22375
883.3200000226498,0.144,0.22775
900.3699999884702,0.146,0.22975
933.5750000318512,0.148,0.22775
950.1049999962561,0.15,0.22375
966.6449999785982,0.15,0.22175
1000.8800000068732,0.15,0.22775
1017.8600000217557,0.152,0.23775
1033.3400000235997,0.154,0.24775
1049.7350000077859,0.158,0.25775
1067.090000025928,0.162,0.26775
1083.4349999786355,0.164,0.27175
1100.395000015851,0.166,0.27375
1116.69500003336,0.168,0.27175
1133.7000000057742,0.17,0.26775
1150.710000016261,0.172,0.26175
1168.0950000300072,0.174,0.25975
1183.6050000274554,0.176,0.25975
1200.7050000247546,0.176,0.26575
1217.145000002347,0.178,0.27575
1233.3550000330433,0.18,0.29175
1249.8299999861047,0.182,0.30375
1266.940000001341,0.186,0.31775
1283.4300000104122,0.19,0.32375
1301.1699999915436,0.194,0.32575
1317.1200000215322,0.2,0.32375
1333.5349999833852,0.202,0.31975
1350.9850000264123,0.206,0.31175
1366.2400000030175,0.208,0.30775
1400.2350000082515,0.21,0.31375
1416.674999985844,0.21,0.32175
1433.3399999886751,0.214,0.33775
1450.394999992568,0.216,0.34975
1467.179999977816,0.218,0.35775
1483.3750000107102,0.22,0.36175
1500.1400000182912,0.222,0.36375
1516.6949999984354,0.224,0.36175
1534.2400000081398,0.226,0.35775
1550.1599999843165,0.228,0.35375
1566.6850000270642,0.23,0.35175
1584.7049999865703,0.23,0.35375
1599.950000003446,0.232,0.35975
1617.2300000325777,0.234,0.36975
1633.365000016056,0.236,0.38375
1649.6150000020862,0.238,0.39175
1666.7599999927916,0.242,0.40175
1683.2500000018626,0.246,0.40575
1701.0550000122748,0.25,0.40575
1716.3350000046194,0.256,0.40175
1733.2300000125542,0.262,0.39775
1751.3049999834038,0.268,0.39375
1766.860000032466,0.274,0.39175
1783.3749999990687,0.278,0.39575
1799.7699999832548,0.282,0.40175
1816.7200000025332,0.286,0.41575
1833.3650000276975,0.29,0.42975
1851.1949999956414,0.29,0.44175
1866.69500003336,0.292,0.45575
1884.940000018105,0.292,0.46375
1900.0550000346266,0.292,0.46575
1917.1400000341237,0.29,0.46775
1933.3650000044145,0.286,0.46575
1949.8599999933504,0.28,0.46375
1966.8500000261702,0.266,0.46175
1983.379999990575,0.25,0.45775
2000.2250000252388,0.236,0.45375
2016.7050000163727,0.214,0.45175
2033.400000014808,0.198,0.45375
2050.0950000132434,0.18,0.45975
2066.709999984596,0.166,0.46975
2084.8100000293925,0.158,0.47575
2100.0150000327267,0.154,0.48375
2116.710000031162,0.15,0.48775
2133.3750000339933,0.148,0.49375
2149.695000029169,0.146,0.49775
2167.3849999788217,0.144,0.50375
2183.5449999780394,0.144,0.50575
2218.270000012126,0.142,0.49975
2233.554999984335,0.138,0.48975
2249.7999999905005,0.134,0.47775
2266.940000001341,0.124,0.45175
2283.3899999968708,0.116,0.42375
2299.890000023879,0.112,0.40575
2317.8900000057183,0.106,0.38575
2333.3650000276975,0.102,0.37575
2350.990000006277,0.096,0.36975
2368.160000012722,0.09,0.36775
2383.514999994077,0.086,0.36775
2400.6200000294484,0.084,0.36775
2433.9749999926426,0.082,0.36775
2451.3349999906495,0.084,0.36775
2467.865000013262,0.084,0.36575
2517.2899999888614,0.078,0.36975
2533.6200000019744,0.07,0.37575
2550.6400000303984,0.06,0.38575
2567.4899999867193,0.054,0.39175
2584.8600000026636,0.05,0.40175
2600.009999994654,0.054,0.40975
2617.050000000745,0.062,0.41575
2633.4050000295974,0.076,0.42175
2650.1549999811687,0.088,0.42575
2666.7449999949895,0.098,0.43375
2683.279999997467,0.104,0.44375
2701.554999977816,0.104,0.45975
2716.9449999928474,0.1,0.47575
2733.409999986179,0.092,0.49975
2749.7350000194274,0.088,0.51775
2766.760000027716,0.084,0.53975
2783.289999992121,0.084,0.55775
2800.66499998793,0.088,0.56975
2817.365000024438,0.102,0.57975
2833.645000006072,0.114,0.58775
2850.689999992028,0.136,0.59375
2867.469999997411,0.154,0.59975
2883.7599999969825,0.172,0.60775
2900.02000000095,0.184,0.61975
2918.100000009872,0.188,0.63175
2933.705000032205,0.186,0.64575
2950.1400000299327,0.182,0.66575
2966.744999983348,0.176,0.68575
2984.1749999905005,0.174,0.70375
3000.080000027083,0.178,0.71175
3016.8549999943934,0.188,0.71775
3033.419999992475,0.214,0.72175
3049.7549999854527,0.236,0.71975
3066.7499999981374,0.27,0.71375
3083.7550000287592,0.296,0.70775
3100.734999985434,0.326,0.70175
3117.710000020452,0.35,0.69575
3132.9549999791197,0.36,0.69375
3150.7049999781884,0.366,0.69175
3167.490000021644,0.368,0.69175
3183.725000009872,0.368,0.68975
3251.0999999940395,0.368,0.68775
3266.334999992978,0.368,0.68575
3283.2000000053085,0.368,0.67975
3300.679999985732,0.366,0.66975
3317.0350000145845,0.358,0.65775
3333.4199999808334,0.342,0.63575
3349.9099999899045,0.328,0.61975
3367.039999982808,0.308,0.59975
3384.6899999771267,0.292,0.58775
3400.2999999793246,0.282,0.58175
3416.800000006333,0.272,0.57775
3433.2849999773316,0.268,0.57575
3450.665000011213,0.264,0.57375
3467.9849999956787,0.262,0.57375
3483.490000013262,0.258,0.57375
3499.9050000333227,0.256,0.57375
3516.6949999984354,0.248,0.57575
3533.4400000283495,0.242,0.57775
3549.6750000165775,0.236,0.57775
3566.709999984596,0.23,0.57575
3583.2899999804795,0.226,0.57375
3600.990000006277,0.22,0.56575
3617.7500000339933,0.218,0.55175
3633.0849999794737,0.218,0.53775
3650.695000018459,0.22,0.52375
3667.4950000015087,0.222,0.51575
3683.9899999904446,0.224,0.51175
3700.920000032056,0.226,0.51175
3717.7450000308454,0.23,0.51375
3733.539999986533,0.236,0.51775
3750.6849999772385,0.25,0.52375
3768.0399999953806,0.272,0.52775
3783.2950000301935,0.292,0.52975
3800.645000010263,0.324,0.52975
3817.0500000123866,0.35,0.52775
3833.470000012312,0.384,0.52375
3849.945000023581,0.412,0.51975
3866.8000000179745,0.426,0.51975
3883.2900000270456,0.434,0.52175
3900.179999996908,0.434,0.52775
3916.795000026468,0.426,0.53975
3933.6200000252575,0.418,0.54975
3950.1750000054017,0.404,0.56375
3966.9749999884516,0.394,0.57575
3983.4499999997206,0.386,0.58775
3999.985000002198,0.384,0.59775
4017.4300000071526,0.386,0.60175
4033.7000000290573,0.392,0.60575
4050.645000010263,0.402,0.60975
4068.020000006072,0.414,0.61175
4083.2850000006147,0.422,0.61175
4101.484999991953,0.436,0.61375
4116.9799999915995,0.444,0.61375
4133.459999982733,0.458,0.61375
4149.960000009742,0.47,0.61375
4166.834999981802,0.476,0.61375
4184.170000022277,0.482,0.61375
4201.270000019576,0.484,0.61375
4234.234999981709,0.486,0.61375
4250.679999997374,0.486,0.60975
4267.939999990631,0.492,0.59975
4283.500000019558,0.496,0.58775
4299.944999977015,0.502,0.56375
4316.749999998137,0.504,0.53975
4333.480000030249,0.5,0.50575
4349.755000032019,0.496,0.48575
4366.725000028964,0.484,0.46375
4383.335000020452,0.472,0.45175
4400.179999996908,0.45,0.44175
4416.659999988042,0.426,0.43575
4433.324999990873,0.406,0.43375
4451.249999983702,0.382,0.43575
4466.944999992847,0.37,0.43775
4483.494999993127,0.36,0.43975
4500.10000000475,0.356,0.44175
4516.805000021122,0.358,0.43975
4533.300000010058,0.366,0.43975
4550.250000029337,0.382,0.43775
4566.83000002522,0.404,0.43175
4583.0600000335835,0.424,0.42575
4601.039999979548,0.454,0.41775
4616.235000023153,0.488,0.40975
4633.4550000028685,0.512,0.40575
4649.94500001194,0.536,0.40575
4666.674999985844,0.562,0.41175
4683.460000029299,0.578,0.42375
4699.989999993704,0.588,0.44175
4717.984999995679,0.588,0.45775
4733.379999990575,0.588,0.47575
4750.215000007302,0.582,0.50175
4766.835000016727,0.576,0.52975
4783.869999984745,0.572,0.54775
4800.170000002254,0.57,0.56375
4816.950000007637,0.572,0.57375
4833.504999987781,0.576,0.57975
4850.129999977071,0.584,0.58175
4866.725000028964,0.592,0.58175
4883.459999982733,0.6,0.57975
4900.3800000064075,0.602,0.57775
4916.830000001937,0.604,0.57775
4933.205000008456,0.606,0.57775
5016.6999999783,0.608,0.57775
5033.479999983683,0.612,0.57775
5050.334999978077,0.614,0.57975
5066.735000000335,0.614,0.58575
5083.314999996219,0.616,0.59375
5100.634999980684,0.616,0.61375
5117.175000021234,0.618,0.63175
5133.480000018608,0.62,0.65175
5149.800000013784,0.622,0.66375
5166.7449999949895,0.626,0.66775
5183.275000017602,0.632,0.66775
5200.23499999661,0.638,0.66575
5216.375000018161,0.642,0.65975
5233.279999985825,0.644,0.65775
5250.134999980219,0.646,0.65575
5267.095000017434,0.646,0.65975
5283.530000015162,0.646,0.67175
5299.470000027213,0.646,0.68375
5318.124999990687,0.646,0.70175
5333.794999984093,0.65,0.70975
5350.680000032298,0.656,0.71775
5366.900000022724,0.664,0.71775
5383.535000029951,0.668,0.71775
5399.855000025127,0.672,0.71575
5417.394999996759,0.676,0.71575
5433.514999982435,0.68,0.71975
5450.249999994412,0.684,0.72575
5466.855000006035,0.686,0.73375
5483.104999992065,0.688,0.74375
5500.2000000094995,0.692,0.75375
5516.8699999921955,0.698,0.75975
5534.0849999920465,0.704,0.76175
5549.570000031963,0.708,0.75975
5566.700000024866,0.714,0.75775
5583.515000005718,0.718,0.75775
5599.649999989197,0.718,0.75975
5616.775000002235,0.722,0.76775
5633.7100000237115,0.722,0.77575
5650.250000006054,0.726,0.78975
5666.175000020303,0.732,0.79775
5683.3650000044145,0.738,0.80375
5700.200000021141,0.748,0.80775
5716.825000010431,0.754,0.80775
5733.524999988731,0.764,0.80775
5750.019999977667,0.77,0.80775
5766.995000012685,0.774,0.80975
5783.464999985881,0.774,0.81575
5800.135000026785,0.774,0.83175
5816.905000014231,0.772,0.84575
5833.335000032093,0.77,0.85775
5850.220000022091,0.77,0.87175
5866.975000011735,0.768,0.87975
5883.525000012014,0.764,0.88775
5900.100000028033,0.76,0.88775
5916.765000030864,0.754,0.88575
5933.529999980237,0.742,0.88175
5950.205000001006,0.73,0.87775
5966.895000019576,0.708,0.87375
5983.309999981429,0.69,0.86775
6000.225000025239,0.662,0.85975
6017.059999983758,0.638,0.84975
6033.585000026505,0.602,0.83575
6050.1100000110455,0.562,0.83175
6067.125000001397,0.532,0.83175
6083.504999987781,0.494,0.83975
6100.305000029039,0.47,0.84775
6116.885000024922,0.442,0.86175
6133.139999990817,0.422,0.87575
6150.6850000005215,0.412,0.88575
6166.91999998875,0.406,0.89175
6183.529999980237,0.402,0.89375
6199.804999982007,0.4,0.88975
6216.989999986254,0.392,0.88175
6233.515000029001,0.386,0.87375
6250.315000012051,0.38,0.87175
6266.884999989998,0.372,0.86775
6283.374999999069,0.366,0.86775
6300.265000027139,0.36,0.86975
6316.8900000164285,0.354,0.87175
6333.53000000352,0.35,0.87575
6349.90500001004,0.346,0.87975
6366.760000004433,0.344,0.87975
6383.540000009816,0.338,0.87775
6400.290000019595,0.33,0.87175
6416.5999999968335,0.322,0.86775
6433.239999983925,0.314,0.86375
6450.194999983069,0.304,0.85975
6466.904999979306,0.292,0.86175
6483.535000006668,0.282,0.86575
6499.959999986459,0.272,0.87175
6516.914999985602,0.26,0.87975
6533.555000030901,0.25,0.88575
6550.095000013243,0.244,0.88575
6566.960000025574,0.236,0.88375
6583.1100000068545,0.228,0.87575
6600.440000009257,0.22,0.86975
6616.764999984298,0.208,0.86375
6633.470000000671,0.2,0.86175
6650.250000006054,0.186,0.86175
6666.945000004489,0.178,0.86575
6683.484999986831,0.168,0.87375
6699.844999995548,0.158,0.87775
6716.639999998733,0.154,0.87975
6733.635000011418,0.15,0.88175
6750.264999980573,0.144,0.87975
6766.850000014529,0.136,0.87375
6783.310000027996,0.126,0.86775
6800.285000004806,0.114,0.85975
6816.8900000164285,0.104,0.85375
6833.525000023656,0.096,0.85175
6850.139999995008,0.092,0.85175
6866.395000019111,0.09,0.85175
6883.580000023358,0.092,0.84975
6899.804999993648,0.098,0.84775
6917.175000009593,0.112,0.84175
6933.550000016112,0.126,0.83375
6950.2550000324845,0.148,0.82175
6966.919999977108,0.168,0.80575
6983.330000017304,0.18,0.79775
7000.159999995958,0.192,0.79375
7017.089999979362,0.2,0.79175
7033.549999992829,0.206,0.79175
7049.8200000147335,0.208,0.79175
7066.9249999918975,0.208,0.79375
7083.1100000068545,0.208,0.79575
7100.399999995716,0.206,0.79575
7116.924999980256,0.204,0.79375
7133.399999991525,0.198,0.79175
7150.265000003856,0.188,0.78375
7166.955000022426,0.178,0.77575
7183.529999980237,0.162,0.75975
7200.130000011995,0.146,0.74575
7216.820000030566,0.136,0.73575
7233.569999982137,0.124,0.72975
7250.419999996666,0.118,0.72575
7266.935000021476,0.114,0.72375
7283.24999997858,0.11,0.72375
7300.135000026785,0.108,0.72375
7317.184999992605,0.108,0.72575
7333.465000032447,0.106,0.72575
7350.150000012945,0.104,0.73175
7366.930000018328,0.102,0.73575
7383.5650000255555,0.096,0.74575
7399.804999993648,0.09,0.75375
7416.555000003427,0.084,0.76775
7433.235000004061,0.078,0.78175
7450.369999976829,0.068,0.80175
7467.119999986608,0.064,0.81575
7483.57500002021,0.058,0.83175
7500.170000013895,0.058,0.84375
7517.0149999903515,0.064,0.84975
7533.6000000243075,0.072,0.85375
7550.4499999806285,0.082,0.85775
7566.990000021178,0.092,0.86375
7583.195000013802,0.098,0.86975
7600.444999989122,0.102,0.87775
7617.14500002563,0.104,0.88575
7633.59500002116,0.098,0.90175
7650.139999983367,0.088,0.92175
7666.934999986552,0.084,0.93375
7683.605000027455,0.08,0.94775
7700.40999999037,0.084,0.95575
7716.955000010785,0.098,0.96375
7733.330000017304,0.114,0.96775
7750.295000034384,0.144,0.96575
7766.984999994747,0.18,0.95775
7783.504999999423,0.21,0.95375
7799.824999994598,0.246,0.94975
7816.93000002997,0.268,0.94975
7833.55500001926,0.288,0.95175
7850.090000021737,0.296,0.95375
7866.939999978058,0.3,0.95375
7933.130000019446,0.3,0.95175
7950.219999998808,0.298,0.94975
7966.980000026524,0.296,0.94575
7983.605000015814,0.292,0.93775
8000.104999984615,0.286,0.92975
8016.984999994747,0.28,0.92175
8033.1850000075065,0.274,0.91775
8050.319999980275,0.272,0.91175
8066.975000023376,0.272,0.90775
8083.395000023302,0.274,0.90375
8100.340000004508,0.282,0.90175
8116.4950000238605,0.288,0.90175
8133.520000032149,0.298,0.90375
8149.8199999914505,0.306,0.90575
8166.834999981802,0.316,0.90975
8183.6200000252575,0.328,0.91175
8200.430000026245,0.336,0.91375
8216.870000003837,0.348,0.91575
8233.520000008866,0.354,0.91775
8250.30000001425,0.362,0.91975
8267.059999983758,0.364,0.92175
8283.585000026505,0.366,0.92175
8300.11499999091,0.364,0.92575
8316.975000023376,0.362,0.93175
8333.534999983385,0.358,0.93975
8350.559999991674,0.354,0.94375
8366.9799999916,0.354,0.94975
8383.459999982733,0.358,0.95375
8400.375000026543,0.37,0.95775
8416.975000000093,0.386,0.95775
8434.599999978673,0.4,0.95575
8451.720000011846,0.42,0.95175
8467.12500002468,0.434,0.94775
8484.939999994822,0.446,0.94375
8501.430000003893,0.452,0.94175
8518.410000018775,0.456,0.93975
8534.285000001546,0.454,0.93575
8550.350000034086,0.452,0.93175
8568.715000001248,0.446,0.92175
8584.595000022091,0.444,0.91175
8600.220000022091,0.442,0.89775
8617.505000031088,0.444,0.89175
8633.700000005774,0.444,0.88575
8650.375000026543,0.446,0.88375
8668.899999989662,0.45,0.88375
8684.275000006892,0.456,0.88575
8701.140000019222,0.466,0.88775
8717.545000021346,0.482,0.89175
8733.660000027157,0.496,0.89375
8752.045000030193,0.516,0.89775
8767.475000000559,0.534,0.89975
8785.069999983534,0.55,0.90175
8800.14000000665,0.558,0.90375
8818.810000026133,0.56,0.90775
8834.269999992102,0.558,0.91575
8851.020000001881,0.554,0.92175
8867.52999998862,0.548,0.92975
8883.81999998819,0.544,0.93775
8900.179999996908,0.544,0.94575
8917.46000002604,0.546,0.95175
8933.669999998529,0.558,0.95575
8951.385000022128,0.574,0.95775
8968.170000007376,0.592,0.95975
8983.560000022408,0.612,0.95975
9001.050000020768,0.642,0.95975
9017.555000027642,0.676,0.95775
9033.685000031255,0.702,0.95575
9051.960000011604,0.736,0.95175
9067.470000009052,0.754,0.94775
9083.670000021812,0.772,0.94175
9100.150000012945,0.776,0.93575
9117.024999985006,0.774,0.93175
9134.539999999106,0.762,0.92575
9150.330000033136,0.748,0.92175
9167.499999981374,0.724,0.91575
9183.605000027455,0.708,0.91175
9202.12500001071,0.684,0.90775
9217.479999992065,0.666,0.90375
9233.695000002626,0.65,0.89775
9251.059999980498,0.644,0.89375
9268.355000007432,0.642,0.88775
9284.34000001289,0.646,0.88175
9301.065000006929,0.654,0.87775
9317.825000034645,0.67,0.87575
9334.550000028685,0.682,0.87575
9351.590000034776,0.7,0.87775
9367.000000027474,0.716,0.87975
9385.040000022855,0.738,0.88575
9400.224999990314,0.758,0.89175
9417.030000011437,0.77,0.89775
9434.349999995902,0.782,0.90375
9451.085000007879,0.79,0.90975
9468.340000021271,0.8,0.91375
9484.690000012051,0.808,0.91575
9501.525000028778,0.818,0.91775
9517.104999977164,0.826,0.91575
9534.670000022743,0.836,0.91575
9551.135000016075,0.848,0.91175
9567.054999992251,0.856,0.90975
9583.495000028051,0.864,0.90375
9601.024999981746,0.874,0.89375
9617.599999997765,0.882,0.88175
9633.700000005774,0.886,0.87175
9650.224999990314,0.884,0.85775
9667.445000028238,0.882,0.84575
9683.61000000732,0.872,0.82975
9701.415000017732,0.858,0.81375
9718.22500001872,0.848,0.80375
9733.645000029355,0.838,0.79575
9751.059999980498,0.83,0.78775
9767.575000005309,0.822,0.77975
9783.71500002686,0.818,0.77375
9802.075000014156,0.812,0.76775
9817.459999991115,0.808,0.76375
9833.725000033155,0.8,0.75775
9850.190000026487,0.79,0.75375
9867.075000016484,0.784,0.74775
9883.544999989681,0.778,0.74175
9901.055000023916,0.768,0.73175
9917.090000002645,0.76,0.71775
9934.765000012703,0.756,0.70575
9952.044999983627,0.754,0.68575
9967.505000007804,0.756,0.67175
9983.745000034105,0.762,0.64975
10001.954999985173,0.774,0.62775
10017.059999983758,0.786,0.60975
10033.445000008214,0.802,0.59175
10051.024999993388,0.826,0.57375
10067.540000018198,0.854,0.55975
10084.160000027623,0.878,0.55375
10100.384999997914,0.894,0.55375
10117.180000001099,0.908,0.55975
10133.57000000542,0.922,0.57175
10150.150000001304,0.932,0.58975
10167.109999980312,0.936,0.60775
10183.629999984987,0.936,0.63175
10200.385000032838,0.932,0.64775
10218.430000008084,0.924,0.66575
10234.195000026375,0.914,0.68175
10251.110000011977,0.908,0.68975
10267.270000011194,0.9,0.69775
10283.784999977797,0.89,0.70375
10300.180000020191,0.884,0.70975
10317.165000014938,0.882,0.71375
10333.600000012666,0.882,0.71775
10351.049999997485,0.886,0.71975
10367.544999986421,0.896,0.72375
10384.209999989253,0.908,0.72775
10401.515000034124,0.918,0.72975
10417.350000003353,0.93,0.73375
10434.209999977611,0.94,0.73575
10451.910000003409,0.948,0.73375
10467.210000031628,0.95,0.73175
10483.620000013616,0.952,0.72975
10501.029999984894,0.952,0.72375
10517.545000009704,0.95,0.71375
10533.930000034161,0.95,0.70575
10550.18999997992,0.948,0.68975
10567.53000000026,0.948,0.67575
10583.619999990333,0.946,0.65175
10601.569999998901,0.944,0.62575
10617.075000016484,0.946,0.60175
10633.610000018962,0.948,0.57775
10650.98500001477,0.952,0.54375
10667.105000000447,0.956,0.51575
10684.305000002496,0.956,0.48975
10700.420000008307,0.954,0.47375
10717.230000009295,0.95,0.45775
10733.565000002272,0.94,0.43975
10751.135000027716,0.926,0.42575
10767.519999993965,0.916,0.41575
10783.605000004172,0.9,0.40775
10802.049999998417,0.878,0.40575
10818.10500001302,0.858,0.40775
10833.56499997899,0.838,0.40975
10851.04500001762,0.808,0.41575
10867.215000034776,0.78,0.42175
10884.22000000719,0.756,0.42775
10901.104999997187,0.74,0.42975
10917.514999979176,0.728,0.43175
10933.759999985341,0.718,0.43575
10952.040000003763,0.716,0.43575
10967.264999984764,0.718,0.43575
10983.760000031907,0.72,0.43375
11001.035000022966,0.722,0.43375
11017.425000027288,0.72,0.43375
11034.2149999924,0.712,0.43975
11051.015000033658,0.704,0.44575
11067.589999991469,0.69,0.45775
11084.785000013653,0.678,0.46775
11100.259999977425,0.668,0.48375
11117.559999984223,0.664,0.49175
11133.700000005774,0.666,0.50375
11151.43500000704,0.678,0.51375
11167.275000014342,0.69,0.51975
11183.539999998175,0.702,0.52375
11201.035000034608,0.722,0.53175
11218.304999987595,0.734,0.53975
11233.684999984689,0.74,0.54775
11251.72499998007,0.74,0.55775
11267.280000029132,0.736,0.56575
11283.71500002686,0.724,0.57575
11300.21499999566,0.71,0.58375
11317.11499998346,0.7,0.58975
11333.56499997899,0.692,0.59175
11351.024999981746,0.682,0.59175
11368.239999981597,0.676,0.58975
11383.629999996629,0.672,0.58775
11401.415000029374,0.668,0.58375
11417.235000000801,0.666,0.57975
11433.680000016466,0.662,0.57575
11450.205000001006,0.658,0.56975
11467.85000001546,0.656,0.56575
11483.345000015106,0.652,0.55775
11500.44999999227,0.648,0.54575
11518.075000029057,0.644,0.52975
11533.370000019204,0.64,0.51575
11550.534999987576,0.636,0.49175
11567.565000033937,0.634,0.47175
11583.689999999478,0.63,0.44975
11600.310000008903,0.628,0.43175
11617.160000023432,0.628,0.41975
11633.589999983087,0.626,0.41175
11651.089999999385,0.626,0.40575
11667.19499998726,0.624,0.40375
11683.529999980237,0.624,0.40175
11701.044999994338,0.624,0.39975
11717.564999999013,0.628,0.39575
11733.835000020918,0.632,0.39175
11750.230000005104,0.642,0.38175
11767.555000027642,0.652,0.37175
11783.639999979641,0.668,0.35175
11801.160000031814,0.688,0.33375
11817.144999979064,0.704,0.32175
11833.640000026207,0.718,0.31175
11850.574999989476,0.732,0.30375
11867.135000007693,0.736,0.30175
11883.57000000542,0.738,0.30575
11901.01999999024,0.734,0.31375
11917.384999978822,0.728,0.32775
11933.840000012424,0.726,0.33975
11950.194999983069,0.726,0.35175
11968.40000001248,0.728,0.36175
11983.639999991283,0.732,0.36575
12001.92499998957,0.74,0.36975
12017.135000030976,0.748,0.36775
12033.570000028703,0.758,0.36575
12050.645000010263,0.774,0.35975
12067.53000000026,0.794,0.35375
12084.135000011884,0.812,0.34775
12100.474999984726,0.824,0.34575
12117.525000008754,0.838,0.34575
12133.764999976847,0.844,0.34775
12150.130000023637,0.85,0.35375
12167.070000024978,0.856,0.35775
12183.705000032205,0.86,0.36375
12201.845000032336,0.866,0.36775
12217.795000004116,0.872,0.36775
12234.430000011344,0.88,0.36575
12251.02500000503,0.888,0.35975
12267.110000015236,0.896,0.34775
12283.364999981131,0.9,0.33375
12301.024999993388,0.904,0.31375
12317.269999999553,0.904,0.29575
12333.809999981895,0.9,0.28775
12350.239999999758,0.892,0.27775
12367.124999989755,0.88,0.27175
12383.689999987837,0.862,0.26775
12400.22000001045,0.844,0.26375
12417.034999991301,0.832,0.25975
12433.61000000732,0.82,0.25775
12451.119999983348,0.808,0.25575
12467.140000022482,0.802,0.25375
12483.605000015814,0.798,0.25375
12501.760000013746,0.796,0.25175
12517.104999977164,0.794,0.25175
12534.220000030473,0.788,0.25175
12550.28000002494,0.776,0.25375
12567.159999976866,0.766,0.25575
12585.060000012163,0.748,0.25775
12600.670000014361,0.734,0.25775
12617.04500002088,0.714,0.25575
12633.730000001378,0.7,0.25375
12651.030000008177,0.686,0.24575
12667.309999989811,0.674,0.23575
12683.53500001831,0.668,0.21775
12700.499999977183,0.666,0.20375
12717.285000020638,0.668,0.18775
12733.72499999823,0.674,0.17375
12750.37500000326,0.678,0.16375
12767.585000023246,0.682,0.15775
12784.255000005942,0.686,0.15175
12800.250000029337,0.692,0.14575
12817.18000001274,0.7,0.14175
12833.60499999253,0.706,0.13975
12851.120000006631,0.718,0.13775
12867.505000031088,0.732,0.13575
12884.650000021793,0.744,0.13575
12900.399999984074,0.748,0.13575
12917.6350000198,0.75,0.13575
12950.590000022203,0.748,0.14175
12966.765000019222,0.744,0.14575
12983.515000029001,0.742,0.14975
13001.310000021476,0.742,0.15575
13017.775000014808,0.746,0.15775
13034.225000010338,0.756,0.15975
13050.404999987222,0.768,0.16175
13067.429999995511,0.784,0.16175
13083.725000033155,0.796,0.16175
13100.685000012163,0.81,0.16375
13117.52000002889,0.816,0.16975
13133.849999983795,0.816,0.17575
13150.16999997897,0.81,0.18775
13167.275000014342,0.806,0.19575
13183.605000027455,0.8,0.20775
13200.275000010151,0.8,0.21775
13217.195000033826,0.804,0.22375
13233.460000017658,0.814,0.22975
13250.530000019353,0.824,0.22975
13267.34999998007,0.838,0.22775
13284.244999988005,0.856,0.22175
13300.530000007711,0.868,0.21375
13317.625000025146,0.884,0.20175
13333.875000011176,0.894,0.18975
13350.199999986216,0.904,0.17575
13367.22000001464,0.912,0.16775
13383.749999979045,0.916,0.15975
13400.26999998372,0.918,0.15575
13433.529999980237,0.916,0.15175
13450.765000015963,0.914,0.15175
13467.530000023544,0.91,0.14975
13483.735000016168,0.906,0.14575
13501.020000025164,0.902,0.14375
13517.225000017788,0.892,0.13775
13533.670000033453,0.882,0.12975
13550.400000007357,0.864,0.12175
13567.265000019688,0.848,0.11175
13583.775000006426,0.826,0.10175
13600.190000026487,0.8,0.09575
13617.090000014286,0.786,0.09175
13633.79500003066,0.77,0.09175
13650.454999995418,0.764,0.09375
13667.235000000801,0.76,0.09575
13683.514999982435,0.758,0.09575
13700.5750000244,0.76,0.09575
13717.215000011493,0.762,0.09775
13734.635000000708,0.764,0.09575
13751.894999993965,0.77,0.09375
13767.250000033528,0.776,0.08975
13783.779999997932,0.784,0.07975
13800.319999980275,0.794,0.06775
13817.589999991469,0.8,0.05975
13833.834999997634,0.806,0.05175
13850.990000006277,0.808,0.04975
13867.60499997763,0.808,0.04775
13917.61000000406,0.81,0.04775
13934.590000018943,0.812,0.04775
13950.205000001006,0.818,0.04975
13967.554999981076,0.824,0.05175
13983.820000023115,0.834,0.05575
14000.34000002779,0.842,0.05775
14017.16500002658,0.846,0.05975
14033.330000005662,0.848,0.06175
14050.585000019055,0.852,0.06375
14067.210000008345,0.852,0.06975
14083.615000010468,0.852,0.07375
14101.825000019744,0.85,0.08175
14117.410000006203,0.85,0.08375
14133.885000017472,0.852,0.08775
14150.399999984074,0.854,0.08975
14168.330000014976,0.86,0.08975
14183.68499999633,0.866,0.08775
14200.450000003912,0.878,0.08375
14218.304999987595,0.884,0.07975
14233.660000027157,0.892,0.07775
14251.084999996237,0.894,0.07775
14268.295000016224,0.896,0.07775
14283.605000004172,0.898,0.08175
14300.534999987576,0.9,0.08575
14317.495000024792,0.9,0.09375
14333.885000029113,0.902,0.09775
14350.4950000206,0.904,0.10375
14367.04500002088,0.906,0.10775
14383.84500000393,0.908,0.10975
14400.36000002874,0.912,0.11175
14417.780000017956,0.914,0.11175
14434.22500003362,0.916,0.10975
14451.05999999214,0.92,0.10575
14467.60000003269,0.924,0.09775
14483.735000016168,0.926,0.08375
14500.954999995884,0.93,0.07375
14517.219999979716,0.934,0.06375
14533.579999988433,0.938,0.05375
14549.799999978859,0.94,0.04575
14567.139999999199,0.942,0.04375
14583.864999993239,0.942,0.04175
14600.589999987278,0.942,0.03975
14667.224999982864,0.94,0.03975
14683.900000003632,0.938,0.03975
14700.349999999162,0.932,0.03975
14717.545000021346,0.924,0.03775
14733.89999999199,0.912,0.03575
14750.195000029635,0.9,0.03575
14767.189999984112,0.892,0.03575
14783.605000004172,0.884,0.03575
14801.084999984596,0.874,0.03775
14818.329999980051,0.87,0.03975
14834.145000029821,0.868,0.04175
14900.160000019241,0.866,0.04175
14950.5750000244,0.866,0.03975
14967.415000020992,0.864,0.03775
14983.669999986887,0.864,0.03375
15001.739999977872,0.862,0.03175
15017.050000024028,0.86,0.02975
15033.504999999423,0.86,0.02775
15051.815000013448,0.86,0.02575
15067.325000010896,0.86,0.02375
15083.90500000678,0.86,0.01975
15100.70499998983,0.86,0.01775
15117.425000004005,0.86,0.01575
15251.82499998482,0.858,0.01575
15267.200000002049,0.854,0.01575
15283.61500002211,0.85,0.01575
15300.649999990128,0.84,0.01575
15317.495000024792,0.824,0.01575
15333.870000031311,0.804,0.01775
15350.625000020955,0.786,0.01975
15367.180000001099,0.77,0.02175
15383.789999992587,0.746,0.02375
15400.555000000168,0.724,0.02775
15417.420000012498,0.712,0.02775
15433.835000032559,0.7,0.02975
15450.660000031348,0.696,0.03175
15467.515000025742,0.692,0.03175
15517.155000008643,0.694,0.03175
15533.909999998286,0.694,0.03375
15550.244999991264,0.694,0.03575
15567.08000000799,0.692,0.04175
15583.900000026915,0.686,0.04775
15600.680000032298,0.68,0.05375
15617.299999983516,0.666,0.06375
15633.510000014212,0.656,0.07175
15650.625000009313,0.642,0.07975
15667.46999998577,0.634,0.08775
15684.045000001788,0.63,0.09175
15700.494999997318,0.628,0.09375
15733.739999996033,0.632,0.09575
15750.204999989364,0.64,0.09775
15767.289999988861,0.648,0.09775
15783.649999997579,0.658,0.09775
15800.01499998616,0.67,0.09775
15817.265000019688,0.678,0.09975
15833.73000001302,0.684,0.09975
15851.710000017192,0.686,0.10175
15867.390000028536,0.686,0.10375
15900.09499998996,0.688,0.10575
15950.605000020005,0.688,0.10375
15967.279999982566,0.686,0.10175
15983.424999983981,0.686,0.09775
16000.660000019707,0.688,0.08975
16017.185000004247,0.688,0.08175
16033.975000027567,0.69,0.07775
16050.419999985024,0.69,0.07575
16066.760000016075,0.69,0.07375
16151.034999988042,0.692,0.07575
16167.550000012852,0.694,0.07775
16183.659999980591,0.698,0.07975
16200.550000008661,0.702,0.08175
16217.015000001993,0.708,0.08375
16233.974999981001,0.714,0.08575
16250.189999991562,0.718,0.08775
16267.370000015944,0.722,0.08975
16283.99000002537,0.724,0.09175
16434.20000001788,0.724,0.09375
16451.505000004545,0.72,0.09775
16467.32500003418,0.716,0.10375
16483.754999993835,0.708,0.11175
16500.66499999957,0.698,0.11975
16517.319999984466,0.682,0.12975
16533.579999988433,0.666,0.13575
16550.709999981336,0.648,0.14575
16567.274999979418,0.638,0.15175
16584.000000031665,0.628,0.15575
16600.35500000231,0.624,0.15975
16617.365000012796,0.622,0.15975
16667.330000025686,0.62,0.15975
16700.765000015963,0.616,0.15775
16717.30999997817,0.61,0.15175
16733.905000030063,0.602,0.14575
16750.31500001205,0.592,0.13575
16767.594999982975,0.584,0.12775
16783.9999999851,0.574,0.11775
16800.325000018347,0.57,0.10975
16817.44000001345,0.566,0.10575
16833.809999981895,0.566,0.10375
16850.949999992736,0.564,0.10175
16899.949999991804,0.562,0.10175
16917.36999998102,0.556,0.10575
16933.56000003405,0.546,0.11575
16950.27500001015,0.534,0.12575
16967.330000014044,0.524,0.13375
16983.995000016876,0.514,0.14175
17000.67500001751,0.508,0.14775
17017.334999982268,0.502,0.15175
17033.784999977797,0.5,0.15375
17067.335000028834,0.498,0.14975
17084.03000002727,0.498,0.14375
17100.625000020955,0.494,0.13375
17117.209999996703,0.49,0.12375
17133.61999997869,0.484,0.10975
17150.190000014845,0.478,0.09175
17167.36000002129,0.472,0.08175
17183.804999978747,0.468,0.07375
17200.680000009015,0.464,0.06775
17217.264999984764,0.464,0.06575
17233.59999997774,0.462,0.06375
17250.68499997724,0.464,0.06375
17267.304999986663,0.468,0.06375
17283.620000001974,0.476,0.06175
17300.344999996014,0.488,0.06175
17317.1399999992,0.496,0.05975
17333.410000021104,0.506,0.05975
17350.6950000301,0.516,0.05775
17367.375000030734,0.522,0.05775
17400.58499999577,0.524,0.05775
17417.205000005197,0.524,0.05975
17433.599999989383,0.522,0.06175
17450.224999978673,0.518,0.06775
17467.164999980014,0.518,0.07175
17483.605000015814,0.516,0.07575
17500.869999988936,0.516,0.07975
17517.370000015944,0.516,0.08175
17533.75000000233,0.52,0.08375
17550.70500000147,0.524,0.08375
17567.374999984168,0.53,0.08175
17584.169999987353,0.534,0.07775
17600.65500001656,0.542,0.07375
17617.064999998547,0.548,0.06975
17633.44499998493,0.554,0.06775
17650.740000011865,0.558,0.06375
17683.4750000271,0.56,0.06375
17750.639999983832,0.56,0.06575
17767.27499999106,0.562,0.06775
17783.645000017714,0.562,0.07175
17800.31500000041,0.564,0.07375
17817.295000015292,0.566,0.07575
17834.060000022873,0.57,0.07775
17850.685000012163,0.574,0.07775
17867.3950000084,0.58,0.07575
17883.659999992233,0.584,0.07375
17900.69500001846,0.594,0.06975
17917.324999987613,0.6,0.06375
17933.995000028517,0.604,0.06175
17967.390000005253,0.606,0.05975
18067.350000026636,0.606,0.05775
18083.890000008978,0.606,0.05575
18100.6950000301,0.606,0.05175
18117.069999978412,0.606,0.04775
18134.075000009034,0.604,0.03975
18150.3200000152,0.6,0.03175
18167.405000014696,0.598,0.02775
18183.804999978747,0.592,0.02375
18200.690000026952,0.586,0.02175
18217.40999998292,0.578,0.02175
18233.829999982845,0.572,0.02375
18250.494999985676,0.562,0.02575
18267.1149999951,0.554,0.02775
18283.600000024308,0.542,0.02975
18300.210000015795,0.528,0.03175
18317.220000026282,0.518,0.03375
18334.090000018477,0.502,0.03375
18350.6800000323,0.49,0.03375
18367.410000006203,0.472,0.03375
18383.574999985285,0.458,0.03375
18400.699999998324,0.442,0.03575
18416.904999990948,0.432,0.03775
18433.65999998059,0.418,0.04375
18450.3750000149,0.406,0.05175
18467.545000021346,0.4,0.05975
18485.32500001602,0.394,0.07175
18500.860000029206,0.394,0.07975
18519.06500000041,0.396,0.08975
18534.285000001546,0.406,0.09975
18550.775000010617,0.416,0.10575
18569.10500000231,0.432,0.10975
18585.075000009965,0.442,0.11175
18602.46999998344,0.452,0.11775
18618.164999992587,0.458,0.12575
18634.08500002697,0.458,0.13375
18651.049999985844,0.454,0.14575
18667.475000023842,0.442,0.16575
18683.795000019018,0.43,0.18175
18702.029999985825,0.41,0.20775
18718.029999989085,0.4,0.22175
18735.035000019707,0.394,0.23375
18752.36500002211,0.39,0.24575
18767.645000014454,0.394,0.25175
18784.845000016503,0.406,0.25975
18802.035000000615,0.424,0.26375
18817.444999993313,0.44,0.26575
18833.924999984447,0.466,0.26375
18851.1549999821,0.482,0.26375
18868.200000026263,0.502,0.26175
18885.46999997925,0.52,0.25975
18901.480000000447,0.53,0.25775
18917.774999979883,0.534,0.25775
18934.66000002809,0.536,0.25575
18951.485000026878,0.534,0.25575
18968.445000005886,0.528,0.25175
18984.72499998752,0.52,0.24775
19001.014999987092,0.512,0.23975
19017.434999987017,0.504,0.22975
19033.760000020266,0.498,0.21975
19050.845000019763,0.49,0.20975
19069.040000031237,0.488,0.20375
19085.260000021663,0.486,0.20175
19100.80499999458,0.486,0.19975
19117.324999999255,0.49,0.19975
19134.689999977127,0.496,0.19775
19151.52000001399,0.506,0.19975
19168.39499998605,0.514,0.19975
19183.814999996684,0.528,0.19975
19200.81000000937,0.538,0.19975
19219.05000001425,0.548,0.19975
19234.285000013188,0.554,0.19975
19251.430000003893,0.556,0.19975
19268.634999985807,0.556,0.20175
19285.244999977294,0.554,0.20775
19300.820000004023,0.548,0.21775
19317.565000033937,0.544,0.22575
19334.710000024643,0.54,0.23375
19351.974999997765,0.54,0.24375
19367.435000021942,0.544,0.24975
19383.91000003321,0.55,0.25775
19401.279999990948,0.56,0.26775
19417.46999998577,0.57,0.27775
19433.9349999791,0.576,0.29175
19450.955000007525,0.578,0.30375
19467.415000020992,0.576,0.31575
19485.205000033602,0.564,0.33375
19501.619999995455,0.544,0.35175
19517.93999999063,0.522,0.36575
19534.17499997886,0.506,0.37375
19551.344999985304,0.494,0.37775
19567.45500001125,0.48,0.37975
19585.75500000734,0.474,0.37975
19601.330000034068,0.47,0.37575
19617.459999979474,0.464,0.36975
19635.149999987334,0.46,0.36575
19652.440000034403,0.45,0.36175
19667.789999977686,0.44,0.35975
19684.16000000434,0.42,0.35975
19700.814999989234,0.394,0.36375
19718.794999993406,0.376,0.36775
19734.02500001248,0.352,0.37375
19751.385000010487,0.336,0.37775
19767.455000022892,0.322,0.38175
19783.745000022464,0.316,0.38375
19800.835000001825,0.312,0.38175
19818.325000000186,0.31,0.37775
19834.76499997778,0.31,0.36975
19852.01999999117,0.308,0.35775
19867.45499999961,0.306,0.34575
19885.62000001548,0.302,0.32775
19901.484999980312,0.298,0.31175
19918.60999999335,0.294,0.28975
19934.19499997981,0.292,0.27175
19950.829999987036,0.29,0.26175
19969.005000020843,0.29,0.25375
19985.044999979436,0.29,0.24975
20000.820000015665,0.29,0.24775
20017.585000023246,0.292,0.24775
20034.184999996796,0.296,0.24775
20050.809999986086,0.304,0.24575
20068.910000030883,0.31,0.24575
20085.650000022724,0.32,0.24375
20101.13000002457,0.326,0.24175
20119.025000021793,0.33,0.23975
20134.290000016335,0.326,0.23775
20151.605000020936,0.318,0.23575
20168.174999998882,0.302,0.23375
20185.11999998009,0.29,0.23175
20200.844999984838,0.272,0.23175
20217.82499999972,0.26,0.22975
20235.205000033602,0.252,0.22775
20251.084999996237,0.248,0.22375
20267.48999999836,0.244,0.21775
20284.14000000339,0.244,0.20775
20300.79000000842,0.244,0.20175
20318.499999993946,0.242,0.19175
20334.15499998955,0.24,0.18375
20350.83000001032,0.238,0.17575
20368.17000003066,0.234,0.16975
20385.104999993928,0.232,0.16575
20402.04499999527,0.228,0.16175
20418.454999977257,0.226,0.15975
20433.900000003632,0.228,0.15775
20451.240000023972,0.234,0.15375
20467.50999998767,0.246,0.14775
20483.854999998584,0.256,0.14375
20500.745000026654,0.27,0.13775
20517.259999993257,0.28,0.13375
20534.169999998994,0.288,0.13175
20550.984999979846,0.294,0.12975
20567.03000003472,0.296,0.12975
20584.374999976717,0.3,0.13375
20600.80499999458,0.304,0.13775
20617.514999990817,0.306,0.14375
20633.97999998415,0.308,0.15175
20651.125000033062,0.31,0.15775
20667.50999999931,0.312,0.16575
20684.10000001313,0.314,0.17375
20702.240000013262,0.316,0.17975
20717.170000018086,0.316,0.18375
20734.319999988656,0.316,0.18575
20750.845000031404,0.318,0.18575
20767.660000012256,0.32,0.18375
20784.110000007786,0.322,0.17975
20801.35500000324,0.326,0.17575
20817.48999998672,0.33,0.17175
20833.860000013374,0.332,0.16775
20851.52000002563,0.334,0.16375
20867.689999984577,0.336,0.16375
20884.19499999145,0.34,0.16175
20902.174999995623,0.342,0.16175
20918.290000001434,0.344,0.16175
20934.189999999944,0.344,0.15975
20951.38500002213,0.344,0.15775
20967.520000005607,0.344,0.15375
20983.85000001872,0.344,0.14375
21001.404999988154,0.342,0.13375
21017.494999978226,0.336,0.12175
21034.2149999924,0.33,0.11175
21050.860000017565,0.32,0.10175
21067.05499999225,0.31,0.09375
21084.685000008903,0.298,0.08775
21100.894999981392,0.282,0.08375
21117.314999981318,0.272,0.08375
21135.44500002172,0.258,0.08575
21151.445000024978,0.252,0.08775
21168.445000017527,0.248,0.08775
21184.66000002809,0.246,0.08975
21235.625000030268,0.244,0.08975
21250.884999986738,0.24,0.08975
21267.410000029486,0.232,0.09175
21284.210000012536,0.22,0.09575
21300.86499999743,0.204,0.10375
21317.159999976866,0.194,0.11175
21335.665000020526,0.184,0.11775
21351.05499997735,0.18,0.12375
21367.540000006557,0.18,0.12775
21384.06000001123,0.184,0.13175
21400.904999987688,0.188,0.13375
21417.529999976978,0.194,0.13775
21435.029999993276,0.198,0.14175
21452.370000013616,0.202,0.14575
21467.645000026096,0.202,0.14975
21484.210000024177,0.202,0.15575
21500.87500002701,0.196,0.16375
21518.885000026785,0.192,0.16975
21534.16500001913,0.188,0.17775
21550.72499997914,0.186,0.18175
21567.49500002479,0.186,0.18775
21583.709999977145,0.188,0.19175
21600.900000019465,0.192,0.19575
21617.435000021942,0.198,0.19975
21634.190000011586,0.206,0.20375
21650.880000030156,0.212,0.20575
21667.490000021644,0.214,0.20975
21685.579999990296,0.214,0.21375
21701.044999994338,0.214,0.21775
21717.53500000341,0.21,0.22175
21734.04000001028,0.208,0.22575
21750.99000002956,0.206,0.22775
21768.954999977723,0.206,0.22975
21785.169999988284,0.204,0.22975
21817.909999983385,0.204,0.23175
21885.089999996126,0.204,0.22975
21900.955000019167,0.202,0.22975
21917.520000017248,0.196,0.22775
21934.095000033267,0.188,0.22375
21951.204999990296,0.184,0.22375
21967.545000021346,0.178,0.22175
21985.114999988582,0.174,0.22175
22002.344999986235,0.172,0.22175
22034.909999987576,0.17,0.22175
22085.50500002457,0.17,0.21975
22117.955000023358,0.168,0.21775
22135.554999986198,0.166,0.21175
22150.94500000123,0.164,0.20575
22167.580000008456,0.16,0.19575
22184.115000010934,0.156,0.18375
22200.914999993984,0.152,0.16375
22217.140000022482,0.15,0.14775
22234.44000002928,0.148,0.13175
22250.780000002123,0.146,0.11775
22267.57500000531,0.146,0.10975
22284.120000025723,0.144,0.10375
22301.399999996647,0.144,0.09975
22317.574999993667,0.144,0.09775
22334.250000014435,0.144,0.09575
22384.215000027325,0.144,0.09375
22400.940000021365,0.148,0.08775
22418.56999997981,0.152,0.07975
22434.279999986757,0.156,0.07175
22450.965000025462,0.16,0.06375
22467.539999983273,0.166,0.05375
22484.020000032615,0.168,0.04975
22502.184999990277,0.17,0.04775
22550.89000001317,0.168,0.05175
22567.44000001345,0.17,0.05575
22584.31499998551,0.17,0.05975
22600.94500001287,0.172,0.06375
22618.235000001732,0.178,0.06775
22633.860000001732,0.184,0.06975
22651.030000008177,0.19,0.06975
22668.454999977257,0.198,0.06975
22683.904999983497,0.206,0.06975
22700.580000004265,0.214,0.06775
22717.204999993555,0.218,0.06775
22734.27499999525,0.22,0.06775
22750.794999999925,0.22,0.06575
22818.384999991395,0.222,0.06575
22834.135000011884,0.224,0.06575
22851.885000010952,0.226,0.06375
22867.405000026338,0.228,0.06375
22885.049999982584,0.232,0.06375
22900.230000028387,0.236,0.06375
22917.079999984708,0.238,0.06175
22934.26000000909,0.242,0.05975
22951.140000019222,0.244,0.05975
22967.145000002347,0.244,0.05575
22984.06500002602,0.242,0.04975
23001.969999982975,0.234,0.04375
23017.500000016298,0.228,0.03575
23034.444999997504,0.22,0.02975
23050.93999998644,0.206,0.02375
23067.435000033583,0.194,0.01975
23085.00500000082,0.18,0.01575
23101.38000000734,0.166,0.01175
23118.22000000393,0.156,0.01375
23133.930000010878,0.142,0.01575
23150.88500001002,0.134,0.01575
23167.725000006612,0.126,0.01975
23184.130000008736,0.12,0.02175
23234.30000001099,0.118,0.02175
23250.95000001602,0.12,0.02375
23267.180000024382,0.12,0.02575
23284.285000001546,0.124,0.02975
23300.935000006575,0.124,0.03375
23317.565000033937,0.128,0.03975
23334.10500001628,0.128,0.04575
23351.109999988694,0.13,0.04775
23383.764999976847,0.13,0.04975
23434.605000016745,0.128,0.04975
23467.590000014752,0.126,0.04975
23483.905000030063,0.122,0.04975
23501.110000011977,0.12,0.04975
23517.600000021048,0.118,0.04775
23534.319999977015,0.114,0.04375
23550.35500001395,0.11,0.03975
23567.359999986365,0.108,0.03375
23584.78000003379,0.104,0.02975
23601.075000013225,0.102,0.02575
23617.60499997763,0.1,0.02375
23634.130000020377,0.098,0.02175
23652.195000031497,0.098,0.01975
23667.580000008456,0.096,0.01775
23684.320000000298,0.096,0.01575
23700.974999985192,0.094,0.01575
23784.155000001192,0.094,0.01375
23834.41499999026,0.094,0.01575
23884.52000002144,0.092,0.01375
23900.989999994636,0.09,0.01375
23917.620000021998,0.088,0.01175
23934.1199999908,0.08,0.00975
23951.470000029076,0.074,0.00975
23967.52499998547,0.062,0.00975
23984.12500001723,0.054,0.00975
24000.995000009425,0.05,0.01175
24017.430000007153,0.048,0.01175
24034.344999992754,0.046,0.01175
24050.860000017565,0.046,0.01375
24267.66499999212,0.046,0.01575
24284.129999985453,0.044,0.02175
24301.00500001572,0.042,0.02975
24317.42999999551,0.04,0.04975
24334.22000001883,0.036,0.06975
24351.00500000408,0.034,0.09975
24367.150000005495,0.03,0.12375
24384.35499998741,0.026,0.15375
24401.17000002647,0.024,0.17375
24417.625000001863,0.024,0.19375
24434.145000006538,0.024,0.20975
24450.995000021067,0.024,0.21575
24467.55000000121,0.026,0.22175
24484.345000004396,0.026,0.22575
24500.99999998929,0.026,0.22975
24517.760000017006,0.026,0.23375
24534.129999985453,0.026,0.23775
24550.99999997765,0.026,0.23975
24567.61500000721,0.026,0.24175
24583.860000013374,0.026,0.24375
24601.039999979548,0.026,0.24575
24667.545000032987,0.028,0.24575
24684.264999988955,0.03,0.24575
24700.874999980442,0.034,0.24575
24717.630000028294,0.044,0.24575
24734.16500003077,0.056,0.24575
24751.204999978654,0.066,0.24375
24767.410000029486,0.076,0.24375
24784.994999994524,0.082,0.24375
24801.160000031814,0.084,0.24375
24817.59500002954,0.086,0.24575
24834.20500002103,0.084,0.24775
24851.00500000408,0.084,0.24975
24867.584999999963,0.08,0.25375
24884.135000000242,0.078,0.25975
24901.004999992438,0.074,0.26375
24917.58499998832,0.07,0.26975
24934.215000015683,0.064,0.27575
24950.420000008307,0.058,0.28375
24967.24999998696,0.054,0.28775
24984.394999977667,0.05,0.29175
25000.754999986384,0.048,0.29375
25017.69000000786,0.048,0.29575
25034.17499997886,0.05,0.29775
25051.075000024866,0.054,0.29975
25067.61500000721,0.064,0.29975
25084.399999992456,0.072,0.29975
25101.034999999683,0.084,0.30175
25117.490000033285,0.092,0.30175
25134.36999998521,0.1,0.30375
25150.880000030156,0.106,0.30375
25184.01000002632,0.106,0.30575
25234.33499998646,0.106,0.30375
25250.869999988936,0.108,0.30175
25267.095000017434,0.108,0.29975
25284.419999981765,0.108,0.28975
25301.035000011325,0.106,0.27575
25317.625000025146,0.104,0.26175
25334.165000007488,0.102,0.24175
25351.505000027828,0.1,0.22975
25367.614999995567,0.098,0.21375
25384.190000011586,0.098,0.20375
25401.040000026114,0.096,0.19975
25417.49500000151,0.096,0.19775
25434.505000011995,0.096,0.19575
25451.05000003241,0.094,0.19575
25533.570000028703,0.09,0.19575
25551.050000009127,0.086,0.19575
25567.58000003174,0.08,0.19975
25584.32999998331,0.074,0.20175
25601.049999997485,0.066,0.20575
25617.16999998316,0.062,0.20775
25634.309999994002,0.06,0.20975
25650.765000027604,0.058,0.20975
25667.74499998428,0.058,0.20775
25684.255000029225,0.058,0.20575
25701.104999985546,0.056,0.20175
25717.594999994617,0.056,0.19375
25734.210000024177,0.052,0.18175
25751.05000002077,0.05,0.17175
25767.410000029486,0.048,0.16375
25784.38999998616,0.046,0.15575
25801.069999986794,0.044,0.14975
25817.184999992605,0.044,0.14575
25834.42000002833,0.044,0.14175
25851.07999999309,0.044,0.13975
25917.524999997113,0.048,0.13975
25934.330000018235,0.052,0.14175
25951.080000028014,0.058,0.14375
25967.230000009295,0.062,0.14375
25984.50000002049,0.064,0.14575
26001.06500001857,0.068,0.14775
26034.344999992754,0.07,0.14975
26118.84499998996,0.07,0.14775
26134.424999996554,0.068,0.14775
26151.075000001583,0.066,0.14175
26167.115000018384,0.064,0.13775
26184.29499998456,0.062,0.12775
26200.88499999838,0.058,0.11775
26217.745000030845,0.056,0.11175
26234.215000004042,0.054,0.10375
26251.120000029914,0.052,0.09775
26267.630000016652,0.05,0.09175
26284.19000003487,0.048,0.08375
26300.975000020117,0.048,0.07775
26317.50499998452,0.046,0.07375
26334.22000001883,0.046,0.07175
26350.30500002904,0.046,0.06775
26367.755000013858,0.046,0.06575
26384.250000002794,0.046,0.06375
26401.149999990594,0.048,0.06175
26417.65999997733,0.048,0.05975
26433.915000001434,0.048,0.05775
26451.014999998733,0.05,0.05575
26550.87999999523,0.052,0.05375
26567.63000000501,0.054,0.04975
26584.465000021737,0.058,0.04775
26601.07999999309,0.064,0.04175
26617.350000014994,0.068,0.03775
26634.39500000095,0.072,0.03375
26651.07000002172,0.074,0.02975
26683.83500003256,0.074,0.02775
26817.809999978635,0.074,0.02975
26834.24500003457,0.076,0.02975
26851.165000000037,0.076,0.03175
26867.614999995567,0.078,0.03375
26884.075000009034,0.082,0.03975
26901.079999981448,0.084,0.04375
26917.580000008456,0.086,0.04575
26934.46999997832,0.09,0.04975
26951.080000028014,0.094,0.05175
26967.6750000217,0.096,0.05175
26984.1749999905,0.098,0.05375
27017.500000016298,0.1,0.05575
27034.210000012536,0.104,0.05575
27067.519999982323,0.106,0.05575
27084.425000008196,0.106,0.05775
27117.700000002515,0.108,0.05775
27134.26000002073,0.108,0.05975
27283.779999997932,0.106,0.06175
27301.930000016,0.102,0.06175
27317.585000011604,0.1,0.06375
27333.834999997634,0.096,0.06375
27351.109999988694,0.094,0.06575
27367.62999999337,0.092,0.06575
27384.43500001449,0.09,0.06575
27401.100000017323,0.088,0.06575
27417.53500001505,0.086,0.06375
27433.820000034757,0.084,0.06375
27452.604999998584,0.084,0.06175
27469.89000000758,0.08,0.05975
27481.505000032485,0.078,0.05975
